<Anims>
 <anim name="idle" root="tp_forest_gun" numframes="250" framerate="40">
  <frame idx="0" w="439" h="272" x="-30.207935" y="-32.810020">
   <element name="blunderbuss_image" layername="blunderbuss_image" frame="0" z_index="6" m_a="1.338560" m_b="0.000000" m_c="0.000000" m_d="1.338560" m_tx="0.300000" m_ty="1.300000"/>
  </frame>
  <frame idx="25" w="439" h="272" x="-30.207935" y="-32.810020">
   <element name="blunderbuss_image" layername="blunderbuss_image" frame="0" z_index="6" m_a="1.338560" m_b="0.000000" m_c="0.000000" m_d="1.338560" m_tx="0.300000" m_ty="1.300000"/>
  </frame>
  <frame idx="50" w="439" h="272" x="-30.207935" y="-32.810020">
   <element name="blunderbuss_image" layername="blunderbuss_image" frame="0" z_index="6" m_a="1.338560" m_b="0.000000" m_c="0.000000" m_d="1.338560" m_tx="0.300000" m_ty="1.300000"/>
  </frame>
  <frame idx="75" w="439" h="272" x="-30.207935" y="-32.810020">
   <element name="blunderbuss_image" layername="blunderbuss_image" frame="0" z_index="6" m_a="1.338560" m_b="0.000000" m_c="0.000000" m_d="1.338560" m_tx="0.300000" m_ty="1.300000"/>
  </frame>
  <frame idx="100" w="439" h="272" x="-30.207935" y="-32.810020">
   <element name="blunderbuss_image" layername="blunderbuss_image" frame="0" z_index="6" m_a="1.338560" m_b="0.000000" m_c="0.000000" m_d="1.338560" m_tx="0.300000" m_ty="1.300000"/>
  </frame>
  <frame idx="125" w="439" h="272" x="-30.207935" y="-32.810020">
   <element name="blunderbuss_image" layername="blunderbuss_image" frame="0" z_index="6" m_a="1.338560" m_b="0.000000" m_c="0.000000" m_d="1.338560" m_tx="0.300000" m_ty="1.300000"/>
  </frame>
  <frame idx="150" w="439" h="272" x="-30.207935" y="-32.810020">
   <element name="blunderbuss_image" layername="blunderbuss_image" frame="0" z_index="6" m_a="1.338560" m_b="0.000000" m_c="0.000000" m_d="1.338560" m_tx="0.300000" m_ty="1.300000"/>
  </frame>
  <frame idx="175" w="439" h="272" x="-30.207935" y="-32.810020">
   <element name="blunderbuss_image" layername="blunderbuss_image" frame="0" z_index="6" m_a="1.338560" m_b="0.000000" m_c="0.000000" m_d="1.338560" m_tx="0.300000" m_ty="1.300000"/>
  </frame>
  <frame idx="200" w="439" h="272" x="-30.207935" y="-32.810020">
   <element name="blunderbuss_image" layername="blunderbuss_image" frame="0" z_index="6" m_a="1.338560" m_b="0.000000" m_c="0.000000" m_d="1.338560" m_tx="0.300000" m_ty="1.300000"/>
  </frame>
  <frame idx="225" w="439" h="272" x="-30.207935" y="-32.810020">
   <element name="blunderbuss_image" layername="blunderbuss_image" frame="0" z_index="6" m_a="1.338560" m_b="0.000000" m_c="0.000000" m_d="1.338560" m_tx="0.300000" m_ty="1.300000"/>
  </frame>
 </anim>
 <anim name="idle_water" root="tp_forest_gun" numframes="1200" framerate="40">
  <frame idx="0" w="546" h="281" x="-43.310665" y="-34.079712">
   <element name="blunderbuss_image" layername="blunderbuss_image" frame="1" z_index="2" m_a="1.338560" m_b="0.000000" m_c="0.000000" m_d="1.338560" m_tx="0.300000" m_ty="1.300000"/>
   <element name="ripple2" layername="ripple2" frame="0" z_index="3" m_a="0.893158" m_b="0.000000" m_c="0.000000" m_d="1.194960" m_tx="-6.450000" m_ty="20.299999"/>
   <element name="shadow" layername="shadow" frame="0" z_index="4" m_a="0.665482" m_b="0.000000" m_c="0.000000" m_d="0.852875" m_tx="5.500000" m_ty="-4.500000"/>
   <element name="shadow" layername="shadow" frame="1" z_index="5" m_a="0.634445" m_b="0.000000" m_c="0.000000" m_d="0.971878" m_tx="3.000000" m_ty="60.900002"/>
   <element name="shadow" layername="shadow_2" frame="1" z_index="6" m_a="1.132810" m_b="0.000000" m_c="0.000000" m_d="1.809630" m_tx="3.000000" m_ty="29.900000"/>
  </frame>
  <frame idx="25" w="546" h="280" x="-43.321663" y="-33.254440">
   <element name="blunderbuss_image" layername="blunderbuss_image" frame="1" z_index="2" m_a="1.340391" m_b="0.000000" m_c="0.000000" m_d="1.336707" m_tx="0.336765" m_ty="2.108824"/>
   <element name="ripple2" layername="ripple2" frame="0" z_index="3" m_a="0.893158" m_b="0.000000" m_c="0.000000" m_d="1.194960" m_tx="-6.450000" m_ty="20.299999"/>
   <element name="shadow" layername="shadow" frame="0" z_index="4" m_a="0.667692" m_b="0.000000" m_c="0.000000" m_d="0.846861" m_tx="5.500000" m_ty="-4.022059"/>
   <element name="shadow" layername="shadow" frame="1" z_index="5" m_a="0.611478" m_b="0.000000" m_c="0.000000" m_d="0.935291" m_tx="2.963235" m_ty="61.488235"/>
   <element name="shadow" layername="shadow_2" frame="1" z_index="6" m_a="1.112435" m_b="0.000000" m_c="0.000000" m_d="1.775387" m_tx="3.000000" m_ty="31.186764"/>
  </frame>
  <frame idx="50" w="546" h="279" x="-43.332905" y="-32.462341">
   <element name="blunderbuss_image" layername="blunderbuss_image" frame="1" z_index="2" m_a="1.342189" m_b="0.000000" m_c="0.000000" m_d="1.334896" m_tx="0.350000" m_ty="2.884849"/>
   <element name="ripple2" layername="ripple2" frame="0" z_index="3" m_a="0.893158" m_b="0.000000" m_c="0.000000" m_d="1.194960" m_tx="-6.691174" m_ty="19.288260"/>
   <element name="shadow" layername="shadow" frame="0" z_index="4" m_a="0.669953" m_b="0.000000" m_c="0.000000" m_d="0.840730" m_tx="5.500000" m_ty="-3.510606"/>
   <element name="shadow" layername="shadow" frame="1" z_index="5" m_a="0.588058" m_b="0.000000" m_c="0.000000" m_d="0.897979" m_tx="2.925758" m_ty="62.063637"/>
   <element name="shadow" layername="shadow_2" frame="1" z_index="6" m_a="1.091675" m_b="0.000000" m_c="0.000000" m_d="1.740490" m_tx="3.000000" m_ty="32.498486"/>
  </frame>
  <frame idx="75" w="550" h="278" x="-43.844292" y="-31.701344">
   <element name="blunderbuss_image" layername="blunderbuss_image" frame="1" z_index="2" m_a="1.343933" m_b="0.000000" m_c="0.000000" m_d="1.333144" m_tx="0.350000" m_ty="3.630303"/>
   <element name="ripple2" layername="ripple2" frame="1" z_index="3" m_a="0.893158" m_b="0.000000" m_c="0.000000" m_d="1.194960" m_tx="-6.951370" m_ty="18.133028"/>
   <element name="shadow" layername="shadow" frame="0" z_index="4" m_a="0.672241" m_b="0.000000" m_c="0.000000" m_d="0.834538" m_tx="5.500000" m_ty="-2.968182"/>
   <element name="shadow" layername="shadow" frame="1" z_index="5" m_a="0.564392" m_b="0.000000" m_c="0.000000" m_d="0.860260" m_tx="2.912121" m_ty="62.631821"/>
   <element name="shadow" layername="shadow_2" frame="1" z_index="6" m_a="1.070695" m_b="0.000000" m_c="0.000000" m_d="1.705223" m_tx="3.000000" m_ty="33.799999"/>
  </frame>
  <frame idx="100" w="551" h="276" x="-43.855679" y="-30.466785">
   <element name="blunderbuss_image" layername="blunderbuss_image" frame="1" z_index="2" m_a="1.345600" m_b="0.000000" m_c="0.000000" m_d="1.331470" m_tx="0.350000" m_ty="4.350000"/>
   <element name="ripple2" layername="ripple2" frame="1" z_index="3" m_a="0.893158" m_b="0.000000" m_c="0.000000" m_d="1.194960" m_tx="-6.951370" m_ty="18.133028"/>
   <element name="shadow" layername="shadow" frame="0" z_index="4" m_a="0.674530" m_b="0.000000" m_c="0.000000" m_d="0.828354" m_tx="5.500000" m_ty="-2.400000"/>
   <element name="shadow" layername="shadow" frame="1" z_index="5" m_a="0.540741" m_b="0.000000" m_c="0.000000" m_d="0.822540" m_tx="2.950000" m_ty="63.200001"/>
   <element name="shadow" layername="shadow_2" frame="1" z_index="6" m_a="1.049710" m_b="0.000000" m_c="0.000000" m_d="1.669950" m_tx="3.000000" m_ty="35.049999"/>
  </frame>
  <frame idx="125" w="551" h="275" x="-43.866730" y="-29.791384">
   <element name="blunderbuss_image" layername="blunderbuss_image" frame="1" z_index="2" m_a="1.347137" m_b="0.000000" m_c="0.000000" m_d="1.329933" m_tx="0.350000" m_ty="5.011765"/>
   <element name="ripple2" layername="ripple2" frame="1" z_index="3" m_a="0.893158" m_b="0.000000" m_c="0.000000" m_d="1.194960" m_tx="-6.378871" m_ty="16.178022"/>
   <element name="shadow" layername="shadow" frame="0" z_index="4" m_a="0.676751" m_b="0.000000" m_c="0.000000" m_d="0.822340" m_tx="5.500000" m_ty="-1.885294"/>
   <element name="shadow" layername="shadow" frame="1" z_index="5" m_a="0.517774" m_b="0.000000" m_c="0.000000" m_d="0.785941" m_tx="2.950000" m_ty="63.788235"/>
   <element name="shadow" layername="shadow_2" frame="1" z_index="6" m_a="1.029357" m_b="0.000000" m_c="0.000000" m_d="1.635744" m_tx="3.000000" m_ty="36.373528"/>
  </frame>
  <frame idx="150" w="560" h="274" x="-44.853752" y="-29.127897">
   <element name="blunderbuss_image" layername="blunderbuss_image" frame="1" z_index="2" m_a="1.348621" m_b="0.000000" m_c="0.000000" m_d="1.328454" m_tx="0.350000" m_ty="5.662121"/>
   <element name="ripple2" layername="ripple2" frame="2" z_index="3" m_a="0.893158" m_b="0.000000" m_c="0.000000" m_d="1.194960" m_tx="-6.168405" m_ty="15.474219"/>
   <element name="shadow" layername="shadow" frame="0" z_index="4" m_a="0.679016" m_b="0.000000" m_c="0.000000" m_d="0.816209" m_tx="5.524242" m_ty="-1.360606"/>
   <element name="shadow" layername="shadow" frame="1" z_index="5" m_a="0.494362" m_b="0.000000" m_c="0.000000" m_d="0.748626" m_tx="2.950000" m_ty="64.339394"/>
   <element name="shadow" layername="shadow_2" frame="1" z_index="6" m_a="1.008619" m_b="0.000000" m_c="0.000000" m_d="1.600870" m_tx="3.000000" m_ty="37.674240"/>
  </frame>
  <frame idx="175" w="560" h="273" x="-44.851505" y="-28.495617">
   <element name="blunderbuss_image" layername="blunderbuss_image" frame="1" z_index="2" m_a="1.350042" m_b="0.000000" m_c="0.000000" m_d="1.327036" m_tx="0.350000" m_ty="6.281818"/>
   <element name="ripple2" layername="ripple2" frame="2" z_index="3" m_a="0.893158" m_b="0.000000" m_c="0.000000" m_d="1.194960" m_tx="-5.983387" m_ty="15.249710"/>
   <element name="shadow" layername="shadow" frame="0" z_index="4" m_a="0.681305" m_b="0.000000" m_c="0.000000" m_d="0.810021" m_tx="5.537879" m_ty="-0.830303"/>
   <element name="shadow" layername="shadow" frame="1" z_index="5" m_a="0.470703" m_b="0.000000" m_c="0.000000" m_d="0.710911" m_tx="2.950000" m_ty="64.893936"/>
   <element name="shadow" layername="shadow_2" frame="1" z_index="6" m_a="0.987652" m_b="0.000000" m_c="0.000000" m_d="1.565615" m_tx="3.000000" m_ty="38.962120"/>
  </frame>
  <frame idx="200" w="564" h="272" x="-44.900768" y="-27.915400">
   <element name="blunderbuss_image" layername="blunderbuss_image" frame="1" z_index="2" m_a="1.351390" m_b="0.000000" m_c="0.000000" m_d="1.325680" m_tx="0.350000" m_ty="6.850000"/>
   <element name="ripple2" layername="ripple2" frame="3" z_index="3" m_a="0.893158" m_b="0.000000" m_c="0.000000" m_d="1.194960" m_tx="-5.397108" m_ty="14.548119"/>
   <element name="shadow" layername="shadow" frame="0" z_index="4" m_a="0.683594" m_b="0.000000" m_c="0.000000" m_d="0.803848" m_tx="5.500000" m_ty="-0.300000"/>
   <element name="shadow" layername="shadow" frame="1" z_index="5" m_a="0.447052" m_b="0.000000" m_c="0.000000" m_d="0.673203" m_tx="2.950000" m_ty="65.500000"/>
   <element name="shadow" layername="shadow_2" frame="1" z_index="6" m_a="0.966660" m_b="0.000000" m_c="0.000000" m_d="1.530350" m_tx="3.000000" m_ty="40.250000"/>
  </frame>
  <frame idx="225" w="564" h="270" x="-44.875057" y="-26.889992">
   <element name="blunderbuss_image" layername="blunderbuss_image" frame="1" z_index="2" m_a="1.352581" m_b="0.000000" m_c="0.000000" m_d="1.324474" m_tx="0.350000" m_ty="7.364706"/>
   <element name="ripple2" layername="ripple2" frame="3" z_index="3" m_a="0.893158" m_b="0.000000" m_c="0.000000" m_d="1.194960" m_tx="-5.397108" m_ty="14.548119"/>
   <element name="shadow" layername="shadow" frame="0" z_index="4" m_a="0.685815" m_b="0.000000" m_c="0.000000" m_d="0.797835" m_tx="5.536765" m_ty="0.177941"/>
   <element name="shadow" layername="shadow" frame="1" z_index="5" m_a="0.424085" m_b="0.000000" m_c="0.000000" m_d="0.636593" m_tx="2.950000" m_ty="66.051468"/>
   <element name="shadow" layername="shadow_2" frame="1" z_index="6" m_a="0.946307" m_b="0.000000" m_c="0.000000" m_d="1.496144" m_tx="3.000000" m_ty="41.536766"/>
  </frame>
  <frame idx="250" w="564" h="270" x="-44.873085" y="-26.379240">
   <element name="blunderbuss_image" layername="blunderbuss_image" frame="1" z_index="2" m_a="1.353742" m_b="0.000000" m_c="0.000000" m_d="1.323313" m_tx="0.350000" m_ty="7.865151"/>
   <element name="ripple2" layername="ripple2" frame="3" z_index="3" m_a="0.893158" m_b="0.000000" m_c="0.000000" m_d="1.194960" m_tx="-4.997629" m_ty="13.751508"/>
   <element name="shadow" layername="shadow" frame="0" z_index="4" m_a="0.688080" m_b="0.000000" m_c="0.000000" m_d="0.791712" m_tx="5.550000" m_ty="0.665152"/>
   <element name="shadow" layername="shadow" frame="1" z_index="5" m_a="0.400673" m_b="0.000000" m_c="0.000000" m_d="0.599280" m_tx="2.950000" m_ty="66.613640"/>
   <element name="shadow" layername="shadow_2" frame="1" z_index="6" m_a="0.925560" m_b="0.000000" m_c="0.000000" m_d="1.461255" m_tx="3.000000" m_ty="42.824242"/>
  </frame>
  <frame idx="275" w="568" h="269" x="-45.384472" y="-25.889132">
   <element name="blunderbuss_image" layername="blunderbuss_image" frame="1" z_index="2" m_a="1.354850" m_b="0.000000" m_c="0.000000" m_d="1.322208" m_tx="0.350000" m_ty="8.345454"/>
   <element name="ripple2" layername="ripple2" frame="4" z_index="3" m_a="0.893158" m_b="0.000000" m_c="0.000000" m_d="1.194960" m_tx="-4.558744" m_ty="12.905108"/>
   <element name="shadow" layername="shadow" frame="0" z_index="4" m_a="0.690368" m_b="0.000000" m_c="0.000000" m_d="0.785527" m_tx="5.550000" m_ty="1.169697"/>
   <element name="shadow" layername="shadow" frame="1" z_index="5" m_a="0.377015" m_b="0.000000" m_c="0.000000" m_d="0.561569" m_tx="2.950000" m_ty="67.193939"/>
   <element name="shadow" layername="shadow_2" frame="1" z_index="6" m_a="0.904591" m_b="0.000000" m_c="0.000000" m_d="1.425988" m_tx="3.000000" m_ty="44.124245"/>
  </frame>
  <frame idx="300" w="568" h="269" x="-45.395855" y="-25.425373">
   <element name="blunderbuss_image" layername="blunderbuss_image" frame="1" z_index="2" m_a="1.355880" m_b="0.000000" m_c="0.000000" m_d="1.321170" m_tx="0.350000" m_ty="8.800000"/>
   <element name="ripple2" layername="ripple2" frame="4" z_index="3" m_a="0.893158" m_b="0.000000" m_c="0.000000" m_d="1.194960" m_tx="-4.558744" m_ty="12.905108"/>
   <element name="shadow" layername="shadow" frame="0" z_index="4" m_a="0.692657" m_b="0.000000" m_c="0.000000" m_d="0.779343" m_tx="5.550000" m_ty="1.700000"/>
   <element name="shadow" layername="shadow" frame="1" z_index="5" m_a="0.353363" m_b="0.000000" m_c="0.000000" m_d="0.523849" m_tx="2.950000" m_ty="67.800003"/>
   <element name="shadow" layername="shadow_2" frame="1" z_index="6" m_a="0.883621" m_b="0.000000" m_c="0.000000" m_d="1.390730" m_tx="3.000000" m_ty="45.450001"/>
  </frame>
  <frame idx="325" w="579" h="268" x="-46.406910" y="-25.049831">
   <element name="blunderbuss_image" layername="blunderbuss_image" frame="1" z_index="2" m_a="1.356777" m_b="0.000000" m_c="0.000000" m_d="1.320280" m_tx="0.350000" m_ty="9.167647"/>
   <element name="ripple2" layername="ripple2" frame="4" z_index="3" m_a="0.893158" m_b="0.000000" m_c="0.000000" m_d="1.194960" m_tx="4.089894" m_ty="12.388886"/>
   <element name="shadow" layername="shadow" frame="0" z_index="4" m_a="0.694879" m_b="0.000000" m_c="0.000000" m_d="0.773329" m_tx="5.550000" m_ty="2.214706"/>
   <element name="shadow" layername="shadow" frame="1" z_index="5" m_a="0.330385" m_b="0.000000" m_c="0.000000" m_d="0.487239" m_tx="2.986765" m_ty="68.314705"/>
   <element name="shadow" layername="shadow_2" frame="1" z_index="6" m_a="0.863246" m_b="0.000000" m_c="0.000000" m_d="1.356502" m_tx="3.000000" m_ty="46.700001"/>
  </frame>
  <frame idx="350" w="542" h="268" x="-43.393936" y="-24.667562">
   <element name="blunderbuss_image" layername="blunderbuss_image" frame="1" z_index="2" m_a="1.357619" m_b="0.000000" m_c="0.000000" m_d="1.319436" m_tx="0.350000" m_ty="9.542424"/>
   <element name="ripple2" layername="ripple2" frame="5" z_index="3" m_a="0.893158" m_b="0.000000" m_c="0.000000" m_d="1.194960" m_tx="6.578057" m_ty="11.903159"/>
   <element name="shadow" layername="shadow" frame="0" z_index="4" m_a="0.697144" m_b="0.000000" m_c="0.000000" m_d="0.767206" m_tx="5.574243" m_ty="2.739394"/>
   <element name="shadow" layername="shadow" frame="1" z_index="5" m_a="0.306977" m_b="0.000000" m_c="0.000000" m_d="0.449920" m_tx="3.000000" m_ty="68.863640"/>
   <element name="shadow" layername="shadow_2" frame="1" z_index="6" m_a="0.842484" m_b="0.000000" m_c="0.000000" m_d="1.321620" m_tx="3.000000" m_ty="47.974243"/>
  </frame>
  <frame idx="375" w="537" h="267" x="-42.891685" y="-24.306101">
   <element name="blunderbuss_image" layername="blunderbuss_image" frame="1" z_index="2" m_a="1.358395" m_b="0.000000" m_c="0.000000" m_d="1.318657" m_tx="0.350000" m_ty="9.896970"/>
   <element name="ripple2" layername="ripple2" frame="5" z_index="3" m_a="0.893158" m_b="0.000000" m_c="0.000000" m_d="1.194960" m_tx="2.852450" m_ty="14.201334"/>
   <element name="shadow" layername="shadow" frame="0" z_index="4" m_a="0.699432" m_b="0.000000" m_c="0.000000" m_d="0.761017" m_tx="5.587879" m_ty="3.269697"/>
   <element name="shadow" layername="shadow" frame="1" z_index="5" m_a="0.283322" m_b="0.000000" m_c="0.000000" m_d="0.412204" m_tx="3.000000" m_ty="69.431816"/>
   <element name="shadow" layername="shadow_2" frame="1" z_index="6" m_a="0.821510" m_b="0.000000" m_c="0.000000" m_d="1.286365" m_tx="3.000000" m_ty="49.274242"/>
  </frame>
  <frame idx="400" w="515" h="267" x="-40.940948" y="-23.996885">
   <element name="blunderbuss_image" layername="blunderbuss_image" frame="1" z_index="2" m_a="1.359100" m_b="0.000000" m_c="0.000000" m_d="1.317960" m_tx="0.350000" m_ty="10.200000"/>
   <element name="ripple2" layername="ripple2" frame="6" z_index="3" m_a="0.893158" m_b="0.000000" m_c="0.000000" m_d="1.194960" m_tx="-8.677748" m_ty="21.228397"/>
   <element name="shadow" layername="shadow" frame="0" z_index="4" m_a="0.701721" m_b="0.000000" m_c="0.000000" m_d="0.754822" m_tx="5.550000" m_ty="3.800000"/>
   <element name="shadow" layername="shadow" frame="1" z_index="5" m_a="0.259659" m_b="0.000000" m_c="0.000000" m_d="0.374496" m_tx="3.000000" m_ty="70.000000"/>
   <element name="shadow" layername="shadow_2" frame="1" z_index="6" m_a="0.800552" m_b="0.000000" m_c="0.000000" m_d="1.251100" m_tx="3.000000" m_ty="50.599998"/>
  </frame>
  <frame idx="425" w="515" h="266" x="-40.915234" y="-23.734377">
   <element name="blunderbuss_image" layername="blunderbuss_image" frame="1" z_index="2" m_a="1.359674" m_b="0.000000" m_c="0.000000" m_d="1.317379" m_tx="0.350000" m_ty="10.457353"/>
   <element name="ripple2" layername="ripple2" frame="6" z_index="3" m_a="0.893158" m_b="0.000000" m_c="0.000000" m_d="1.194960" m_tx="-8.677748" m_ty="21.228397"/>
   <element name="shadow" layername="shadow" frame="0" z_index="4" m_a="0.703942" m_b="0.000000" m_c="0.000000" m_d="0.748819" m_tx="5.586765" m_ty="4.314706"/>
   <element name="shadow" layername="shadow" frame="1" z_index="5" m_a="0.236692" m_b="0.000000" m_c="0.000000" m_d="0.337886" m_tx="3.000000" m_ty="70.551468"/>
   <element name="shadow" layername="shadow_2" frame="1" z_index="6" m_a="0.780189" m_b="0.000000" m_c="0.000000" m_d="1.216865" m_tx="3.000000" m_ty="51.886765"/>
  </frame>
  <frame idx="450" w="515" h="266" x="-40.913265" y="-23.515821">
   <element name="blunderbuss_image" layername="blunderbuss_image" frame="1" z_index="2" m_a="1.360181" m_b="0.000000" m_c="0.000000" m_d="1.316850" m_tx="0.350000" m_ty="10.671212"/>
   <element name="ripple2" layername="ripple2" frame="6" z_index="3" m_a="0.893158" m_b="0.000000" m_c="0.000000" m_d="1.194960" m_tx="-8.531393" m_ty="21.355879"/>
   <element name="shadow" layername="shadow" frame="0" z_index="4" m_a="0.706207" m_b="0.000000" m_c="0.000000" m_d="0.742700" m_tx="5.600000" m_ty="4.839394"/>
   <element name="shadow" layername="shadow" frame="1" z_index="5" m_a="0.213288" m_b="0.000000" m_c="0.000000" m_d="0.300574" m_tx="3.000000" m_ty="71.137878"/>
   <element name="shadow" layername="shadow_2" frame="1" z_index="6" m_a="0.759430" m_b="0.000000" m_c="0.000000" m_d="1.181985" m_tx="3.000000" m_ty="53.149998"/>
  </frame>
  <frame idx="475" w="525" h="266" x="-41.924656" y="-23.334476">
   <element name="blunderbuss_image" layername="blunderbuss_image" frame="1" z_index="2" m_a="1.360626" m_b="0.000000" m_c="0.000000" m_d="1.316391" m_tx="0.350000" m_ty="10.848485"/>
   <element name="ripple2" layername="ripple2" frame="7" z_index="3" m_a="0.893158" m_b="0.000000" m_c="0.000000" m_d="1.194960" m_tx="-8.408259" m_ty="21.540966"/>
   <element name="shadow" layername="shadow" frame="0" z_index="4" m_a="0.708496" m_b="0.000000" m_c="0.000000" m_d="0.736512" m_tx="5.600000" m_ty="5.369697"/>
   <element name="shadow" layername="shadow" frame="1" z_index="5" m_a="0.189633" m_b="0.000000" m_c="0.000000" m_d="0.262863" m_tx="3.000000" m_ty="71.731819"/>
   <element name="shadow" layername="shadow_2" frame="1" z_index="6" m_a="0.738453" m_b="0.000000" m_c="0.000000" m_d="1.146742" m_tx="3.000000" m_ty="54.436363"/>
  </frame>
  <frame idx="500" w="525" h="266" x="-41.936039" y="-23.179668">
   <element name="blunderbuss_image" layername="blunderbuss_image" frame="1" z_index="2" m_a="1.361020" m_b="0.000000" m_c="0.000000" m_d="1.316020" m_tx="0.350000" m_ty="11.000000"/>
   <element name="ripple2" layername="ripple2" frame="7" z_index="3" m_a="0.893158" m_b="0.000000" m_c="0.000000" m_d="1.194960" m_tx="-8.408259" m_ty="21.540966"/>
   <element name="shadow" layername="shadow" frame="0" z_index="4" m_a="0.710785" m_b="0.000000" m_c="0.000000" m_d="0.730316" m_tx="5.600000" m_ty="5.900000"/>
   <element name="shadow" layername="shadow" frame="1" z_index="5" m_a="0.165970" m_b="0.000000" m_c="0.000000" m_d="0.225143" m_tx="3.000000" m_ty="72.300003"/>
   <element name="shadow" layername="shadow_2" frame="1" z_index="6" m_a="0.717484" m_b="0.000000" m_c="0.000000" m_d="1.111500" m_tx="3.000000" m_ty="55.799999"/>
  </frame>
  <frame idx="525" w="526" h="264" x="-41.947090" y="-22.493559">
   <element name="blunderbuss_image" layername="blunderbuss_image" frame="1" z_index="2" m_a="1.361277" m_b="0.000000" m_c="0.000000" m_d="1.315763" m_tx="0.350000" m_ty="11.183824"/>
   <element name="ripple2" layername="ripple2" frame="7" z_index="3" m_a="0.893158" m_b="0.000000" m_c="0.000000" m_d="1.194960" m_tx="-7.414320" m_ty="20.838047"/>
   <element name="shadow" layername="shadow" frame="0" z_index="4" m_a="0.713006" m_b="0.000000" m_c="0.000000" m_d="0.724314" m_tx="5.600000" m_ty="6.414706"/>
   <element name="shadow" layername="shadow" frame="1" z_index="5" m_a="0.143003" m_b="0.000000" m_c="0.000000" m_d="0.188544" m_tx="3.000000" m_ty="72.851471"/>
   <element name="shadow" layername="shadow_2" frame="1" z_index="6" m_a="0.697131" m_b="0.000000" m_c="0.000000" m_d="1.077265" m_tx="3.000000" m_ty="57.013237"/>
  </frame>
  <frame idx="550" w="533" h="264" x="-42.458355" y="-22.401415">
   <element name="blunderbuss_image" layername="blunderbuss_image" frame="1" z_index="2" m_a="1.361477" m_b="0.000000" m_c="0.000000" m_d="1.315568" m_tx="0.350000" m_ty="11.274242"/>
   <element name="ripple2" layername="ripple2" frame="8" z_index="3" m_a="0.893158" m_b="0.000000" m_c="0.000000" m_d="1.194960" m_tx="-7.066527" m_ty="20.584995"/>
   <element name="shadow" layername="shadow" frame="0" z_index="4" m_a="0.715271" m_b="0.000000" m_c="0.000000" m_d="0.718187" m_tx="5.600000" m_ty="6.939394"/>
   <element name="shadow" layername="shadow" frame="1" z_index="5" m_a="0.119599" m_b="0.000000" m_c="0.000000" m_d="0.151229" m_tx="3.000000" m_ty="73.413643"/>
   <element name="shadow" layername="shadow_2" frame="1" z_index="6" m_a="0.676384" m_b="0.000000" m_c="0.000000" m_d="1.042370" m_tx="3.000000" m_ty="58.298485"/>
  </frame>
  <frame idx="575" w="533" h="264" x="-42.481880" y="-22.374567">
   <element name="blunderbuss_image" layername="blunderbuss_image" frame="1" z_index="2" m_a="1.361612" m_b="0.000000" m_c="0.000000" m_d="1.315445" m_tx="0.337879" m_ty="11.300000"/>
   <element name="ripple2" layername="ripple2" frame="8" z_index="3" m_a="0.893158" m_b="0.000000" m_c="0.000000" m_d="1.194960" m_tx="-6.917066" m_ty="20.515905"/>
   <element name="shadow" layername="shadow" frame="0" z_index="4" m_a="0.717563" m_b="0.000000" m_c="0.000000" m_d="0.711999" m_tx="5.587879" m_ty="7.481818"/>
   <element name="shadow" layername="shadow" frame="1" z_index="5" m_a="0.095948" m_b="0.000000" m_c="0.000000" m_d="0.113517" m_tx="3.000000" m_ty="73.981819"/>
   <element name="shadow" layername="shadow_2" frame="1" z_index="6" m_a="0.655415" m_b="0.000000" m_c="0.000000" m_d="1.007114" m_tx="3.000000" m_ty="59.612122"/>
  </frame>
  <frame idx="600" w="546" h="264" x="-43.531208" y="-22.374165">
   <element name="blunderbuss_image" layername="blunderbuss_image" frame="1" z_index="2" m_a="1.361680" m_b="0.000000" m_c="0.000000" m_d="1.315400" m_tx="0.300000" m_ty="11.300000"/>
   <element name="ripple2" layername="ripple2" frame="0" z_index="3" m_a="0.893158" m_b="0.000000" m_c="0.000000" m_d="1.194960" m_tx="-6.450000" m_ty="20.299999"/>
   <element name="shadow" layername="shadow" frame="0" z_index="4" m_a="0.719864" m_b="0.000000" m_c="0.000000" m_d="0.705826" m_tx="5.550000" m_ty="8.050000"/>
   <element name="shadow" layername="shadow" frame="1" z_index="5" m_a="0.072296" m_b="0.000000" m_c="0.000000" m_d="0.075821" m_tx="3.000000" m_ty="74.550003"/>
   <element name="shadow" layername="shadow_2" frame="1" z_index="6" m_a="0.634445" m_b="0.000000" m_c="0.000000" m_d="0.971878" m_tx="3.000000" m_ty="60.900002"/>
  </frame>
  <frame idx="625" w="546" h="266" x="-43.520096" y="-23.286734">
   <element name="blunderbuss_image" layername="blunderbuss_image" frame="1" z_index="2" m_a="1.360717" m_b="0.000000" m_c="0.000000" m_d="1.316319" m_tx="0.300000" m_ty="10.895588"/>
   <element name="ripple2" layername="ripple2" frame="0" z_index="3" m_a="0.893158" m_b="0.000000" m_c="0.000000" m_d="1.194960" m_tx="-6.450000" m_ty="20.299999"/>
   <element name="shadow" layername="shadow" frame="0" z_index="4" m_a="0.717631" m_b="0.000000" m_c="0.000000" m_d="0.711817" m_tx="5.550000" m_ty="7.535294"/>
   <element name="shadow" layername="shadow" frame="1" z_index="5" m_a="0.852086" m_b="0.000000" m_c="0.000000" m_d="1.350681" m_tx="3.000000" m_ty="41.719120"/>
   <element name="shadow" layername="shadow_2" frame="1" z_index="6" m_a="0.611467" m_b="0.000000" m_c="0.000000" m_d="0.935268" m_tx="3.000000" m_ty="61.451473"/>
  </frame>
  <frame idx="650" w="546" h="266" x="-43.508812" y="-23.707561">
   <element name="blunderbuss_image" layername="blunderbuss_image" frame="1" z_index="2" m_a="1.359740" m_b="0.000000" m_c="0.000000" m_d="1.317285" m_tx="0.300000" m_ty="10.483334"/>
   <element name="ripple2" layername="ripple2" frame="0" z_index="3" m_a="0.893158" m_b="0.000000" m_c="0.000000" m_d="1.194960" m_tx="-6.691174" m_ty="19.288260"/>
   <element name="shadow" layername="shadow" frame="0" z_index="4" m_a="0.715362" m_b="0.000000" m_c="0.000000" m_d="0.717940" m_tx="5.550000" m_ty="7.010606"/>
   <element name="shadow" layername="shadow" frame="1" z_index="5" m_a="1.118585" m_b="0.000000" m_c="0.000000" m_d="1.785717" m_tx="3.000000" m_ty="30.821211"/>
   <element name="shadow" layername="shadow_2" frame="1" z_index="6" m_a="0.588059" m_b="0.000000" m_c="0.000000" m_d="0.897941" m_tx="3.000000" m_ty="62.013638"/>
  </frame>
  <frame idx="675" w="551" h="267" x="-43.997425" y="-24.132973">
   <element name="blunderbuss_image" layername="blunderbuss_image" frame="1" z_index="2" m_a="1.358760" m_b="0.000000" m_c="0.000000" m_d="1.318270" m_tx="0.300000" m_ty="10.066667"/>
   <element name="ripple2" layername="ripple2" frame="1" z_index="3" m_a="0.893158" m_b="0.000000" m_c="0.000000" m_d="1.194960" m_tx="-6.951370" m_ty="18.133028"/>
   <element name="shadow" layername="shadow" frame="0" z_index="4" m_a="0.713074" m_b="0.000000" m_c="0.000000" m_d="0.724132" m_tx="5.550000" m_ty="6.480303"/>
   <element name="shadow" layername="shadow" frame="1" z_index="5" m_a="1.096364" m_b="0.000000" m_c="0.000000" m_d="1.748366" m_tx="3.000000" m_ty="32.236362"/>
   <element name="shadow" layername="shadow_2" frame="1" z_index="6" m_a="0.564404" m_b="0.000000" m_c="0.000000" m_d="0.860221" m_tx="3.000000" m_ty="62.593941"/>
  </frame>
  <frame idx="700" w="551" h="267" x="-43.986038" y="-24.558245">
   <element name="blunderbuss_image" layername="blunderbuss_image" frame="1" z_index="2" m_a="1.357790" m_b="0.000000" m_c="0.000000" m_d="1.319240" m_tx="0.300000" m_ty="9.650000"/>
   <element name="ripple2" layername="ripple2" frame="1" z_index="3" m_a="0.893158" m_b="0.000000" m_c="0.000000" m_d="1.194960" m_tx="-6.951370" m_ty="18.133028"/>
   <element name="shadow" layername="shadow" frame="0" z_index="4" m_a="0.710785" m_b="0.000000" m_c="0.000000" m_d="0.730316" m_tx="5.550000" m_ty="5.950000"/>
   <element name="shadow" layername="shadow" frame="1" z_index="5" m_a="1.074160" m_b="0.000000" m_c="0.000000" m_d="1.711040" m_tx="3.000000" m_ty="33.599998"/>
   <element name="shadow" layername="shadow_2" frame="1" z_index="6" m_a="0.540741" m_b="0.000000" m_c="0.000000" m_d="0.822525" m_tx="3.000000" m_ty="63.200001"/>
  </frame>
  <frame idx="725" w="551" h="268" x="-43.974991" y="-25.007839">
   <element name="blunderbuss_image" layername="blunderbuss_image" frame="1" z_index="2" m_a="1.356834" m_b="0.000000" m_c="0.000000" m_d="1.320189" m_tx="0.300000" m_ty="9.208823"/>
   <element name="ripple2" layername="ripple2" frame="1" z_index="3" m_a="0.893158" m_b="0.000000" m_c="0.000000" m_d="1.194960" m_tx="-6.378871" m_ty="16.178022"/>
   <element name="shadow" layername="shadow" frame="0" z_index="4" m_a="0.708564" m_b="0.000000" m_c="0.000000" m_d="0.736330" m_tx="5.550000" m_ty="5.435294"/>
   <element name="shadow" layername="shadow" frame="1" z_index="5" m_a="1.052608" m_b="0.000000" m_c="0.000000" m_d="1.674805" m_tx="3.000000" m_ty="34.960293"/>
   <element name="shadow" layername="shadow_2" frame="1" z_index="6" m_a="0.517774" m_b="0.000000" m_c="0.000000" m_d="0.785915" m_tx="3.000000" m_ty="63.751472"/>
  </frame>
  <frame idx="750" w="560" h="269" x="-44.963722" y="-25.441868">
   <element name="blunderbuss_image" layername="blunderbuss_image" frame="1" z_index="2" m_a="1.355869" m_b="0.000000" m_c="0.000000" m_d="1.321151" m_tx="0.300000" m_ty="8.783334"/>
   <element name="ripple2" layername="ripple2" frame="2" z_index="3" m_a="0.893158" m_b="0.000000" m_c="0.000000" m_d="1.194960" m_tx="-6.168405" m_ty="15.474219"/>
   <element name="shadow" layername="shadow" frame="0" z_index="4" m_a="0.706299" m_b="0.000000" m_c="0.000000" m_d="0.742453" m_tx="5.550000" m_ty="4.910606"/>
   <element name="shadow" layername="shadow" frame="1" z_index="5" m_a="1.030629" m_b="0.000000" m_c="0.000000" m_d="1.637876" m_tx="3.000000" m_ty="36.298485"/>
   <element name="shadow" layername="shadow_2" frame="1" z_index="6" m_a="0.494370" m_b="0.000000" m_c="0.000000" m_d="0.748603" m_tx="3.000000" m_ty="64.337883"/>
  </frame>
  <frame idx="775" w="560" h="269" x="-44.940212" y="-25.867163">
   <element name="blunderbuss_image" layername="blunderbuss_image" frame="1" z_index="2" m_a="1.354902" m_b="0.000000" m_c="0.000000" m_d="1.322123" m_tx="0.300000" m_ty="8.366667"/>
   <element name="ripple2" layername="ripple2" frame="2" z_index="3" m_a="0.893158" m_b="0.000000" m_c="0.000000" m_d="1.194960" m_tx="-5.983387" m_ty="15.249710"/>
   <element name="shadow" layername="shadow" frame="0" z_index="4" m_a="0.704010" m_b="0.000000" m_c="0.000000" m_d="0.748637" m_tx="5.562121" m_ty="4.392425"/>
   <element name="shadow" layername="shadow" frame="1" z_index="5" m_a="1.008414" m_b="0.000000" m_c="0.000000" m_d="1.600549" m_tx="3.000000" m_ty="37.660606"/>
   <element name="shadow" layername="shadow_2" frame="1" z_index="6" m_a="0.470715" m_b="0.000000" m_c="0.000000" m_d="0.710891" m_tx="3.000000" m_ty="64.919693"/>
  </frame>
  <frame idx="800" w="564" h="270" x="-44.890949" y="-26.292503">
   <element name="blunderbuss_image" layername="blunderbuss_image" frame="1" z_index="2" m_a="1.353940" m_b="0.000000" m_c="0.000000" m_d="1.323100" m_tx="0.300000" m_ty="7.950000"/>
   <element name="ripple2" layername="ripple2" frame="3" z_index="3" m_a="0.893158" m_b="0.000000" m_c="0.000000" m_d="1.194960" m_tx="-5.397108" m_ty="14.548119"/>
   <element name="shadow" layername="shadow" frame="0" z_index="4" m_a="0.701721" m_b="0.000000" m_c="0.000000" m_d="0.754822" m_tx="5.600000" m_ty="3.900000"/>
   <element name="shadow" layername="shadow" frame="1" z_index="5" m_a="0.986206" m_b="0.000000" m_c="0.000000" m_d="1.563200" m_tx="3.000000" m_ty="39.099998"/>
   <element name="shadow" layername="shadow_2" frame="1" z_index="6" m_a="0.447052" m_b="0.000000" m_c="0.000000" m_d="0.673172" m_tx="3.000000" m_ty="65.449997"/>
  </frame>
  <frame idx="825" w="564" h="270" x="-44.916664" y="-26.705332">
   <element name="blunderbuss_image" layername="blunderbuss_image" frame="1" z_index="2" m_a="1.352999" m_b="0.000000" m_c="0.000000" m_d="1.324049" m_tx="0.300000" m_ty="7.545588"/>
   <element name="ripple2" layername="ripple2" frame="3" z_index="3" m_a="0.893158" m_b="0.000000" m_c="0.000000" m_d="1.194960" m_tx="-5.397108" m_ty="14.548119"/>
   <element name="shadow" layername="shadow" frame="0" z_index="4" m_a="0.699500" m_b="0.000000" m_c="0.000000" m_d="0.760835" m_tx="5.563235" m_ty="3.385294"/>
   <element name="shadow" layername="shadow" frame="1" z_index="5" m_a="0.964653" m_b="0.000000" m_c="0.000000" m_d="1.526965" m_tx="3.000000" m_ty="40.423531"/>
   <element name="shadow" layername="shadow_2" frame="1" z_index="6" m_a="0.424085" m_b="0.000000" m_c="0.000000" m_d="0.636562" m_tx="3.000000" m_ty="66.001465"/>
  </frame>
  <frame idx="850" w="564" h="272" x="-44.918633" y="-27.650368">
   <element name="blunderbuss_image" layername="blunderbuss_image" frame="1" z_index="2" m_a="1.352030" m_b="0.000000" m_c="0.000000" m_d="1.325011" m_tx="0.300000" m_ty="7.109091"/>
   <element name="ripple2" layername="ripple2" frame="3" z_index="3" m_a="0.893158" m_b="0.000000" m_c="0.000000" m_d="1.194960" m_tx="-4.997629" m_ty="13.751508"/>
   <element name="shadow" layername="shadow" frame="0" z_index="4" m_a="0.697235" m_b="0.000000" m_c="0.000000" m_d="0.766958" m_tx="5.550000" m_ty="2.860606"/>
   <element name="shadow" layername="shadow" frame="1" z_index="5" m_a="0.942682" m_b="0.000000" m_c="0.000000" m_d="1.490036" m_tx="3.000000" m_ty="41.796970"/>
   <element name="shadow" layername="shadow_2" frame="1" z_index="6" m_a="0.400681" m_b="0.000000" m_c="0.000000" m_d="0.599257" m_tx="3.000000" m_ty="66.563637"/>
  </frame>
  <frame idx="875" w="568" h="272" x="-45.419350" y="-28.101398">
   <element name="blunderbuss_image" layername="blunderbuss_image" frame="1" z_index="2" m_a="1.351050" m_b="0.000000" m_c="0.000000" m_d="1.325980" m_tx="0.312121" m_ty="6.666667"/>
   <element name="ripple2" layername="ripple2" frame="4" z_index="3" m_a="0.893158" m_b="0.000000" m_c="0.000000" m_d="1.194960" m_tx="-4.558744" m_ty="12.905108"/>
   <element name="shadow" layername="shadow" frame="0" z_index="4" m_a="0.694943" m_b="0.000000" m_c="0.000000" m_d="0.773147" m_tx="5.537879" m_ty="2.318182"/>
   <element name="shadow" layername="shadow" frame="1" z_index="5" m_a="0.920472" m_b="0.000000" m_c="0.000000" m_d="1.452711" m_tx="3.000000" m_ty="43.174244"/>
   <element name="shadow" layername="shadow_2" frame="1" z_index="6" m_a="0.377022" m_b="0.000000" m_c="0.000000" m_d="0.561550" m_tx="3.000000" m_ty="67.143936"/>
  </frame>
  <frame idx="900" w="568" h="273" x="-45.445782" y="-28.526670">
   <element name="blunderbuss_image" layername="blunderbuss_image" frame="1" z_index="2" m_a="1.350080" m_b="0.000000" m_c="0.000000" m_d="1.326950" m_tx="0.350000" m_ty="6.250000"/>
   <element name="ripple2" layername="ripple2" frame="4" z_index="3" m_a="0.893158" m_b="0.000000" m_c="0.000000" m_d="1.194960" m_tx="-4.558744" m_ty="12.905108"/>
   <element name="shadow" layername="shadow" frame="0" z_index="4" m_a="0.692642" m_b="0.000000" m_c="0.000000" m_d="0.779343" m_tx="5.500000" m_ty="1.750000"/>
   <element name="shadow" layername="shadow" frame="1" z_index="5" m_a="0.898254" m_b="0.000000" m_c="0.000000" m_d="1.415370" m_tx="3.000000" m_ty="44.500000"/>
   <element name="shadow" layername="shadow_2" frame="1" z_index="6" m_a="0.353348" m_b="0.000000" m_c="0.000000" m_d="0.523819" m_tx="3.000000" m_ty="67.750000"/>
  </frame>
  <frame idx="925" w="579" h="273" x="-46.397964" y="-28.902866">
   <element name="blunderbuss_image" layername="blunderbuss_image" frame="1" z_index="2" m_a="1.349131" m_b="0.000000" m_c="0.000000" m_d="1.327913" m_tx="0.350000" m_ty="5.882353"/>
   <element name="ripple2" layername="ripple2" frame="4" z_index="3" m_a="0.893158" m_b="0.000000" m_c="0.000000" m_d="1.194960" m_tx="4.089894" m_ty="12.388886"/>
   <element name="shadow" layername="shadow" frame="0" z_index="4" m_a="0.690421" m_b="0.000000" m_c="0.000000" m_d="0.785345" m_tx="5.536765" m_ty="1.235294"/>
   <element name="shadow" layername="shadow" frame="1" z_index="5" m_a="0.876701" m_b="0.000000" m_c="0.000000" m_d="1.379120" m_tx="3.000000" m_ty="45.897060"/>
   <element name="shadow" layername="shadow_2" frame="1" z_index="6" m_a="0.330392" m_b="0.000000" m_c="0.000000" m_d="0.487220" m_tx="3.000000" m_ty="68.338234"/>
  </frame>
  <frame idx="950" w="542" h="274" x="-43.397709" y="-29.310471">
   <element name="blunderbuss_image" layername="blunderbuss_image" frame="1" z_index="2" m_a="1.348165" m_b="0.000000" m_c="0.000000" m_d="1.328881" m_tx="0.350000" m_ty="5.483333"/>
   <element name="ripple2" layername="ripple2" frame="5" z_index="3" m_a="0.893158" m_b="0.000000" m_c="0.000000" m_d="1.194960" m_tx="6.578057" m_ty="11.903159"/>
   <element name="shadow" layername="shadow" frame="0" z_index="4" m_a="0.688156" m_b="0.000000" m_c="0.000000" m_d="0.791472" m_tx="5.525758" m_ty="0.734848"/>
   <element name="shadow" layername="shadow" frame="1" z_index="5" m_a="0.854737" m_b="0.000000" m_c="0.000000" m_d="1.342191" m_tx="3.000000" m_ty="47.272728"/>
   <element name="shadow" layername="shadow_2" frame="1" z_index="6" m_a="0.306984" m_b="0.000000" m_c="0.000000" m_d="0.449912" m_tx="3.000000" m_ty="68.889397"/>
  </frame>
  <frame idx="975" w="537" h="275" x="-42.912079" y="-29.735765">
   <element name="blunderbuss_image" layername="blunderbuss_image" frame="1" z_index="2" m_a="1.347195" m_b="0.000000" m_c="0.000000" m_d="1.329853" m_tx="0.350000" m_ty="5.066667"/>
   <element name="ripple2" layername="ripple2" frame="5" z_index="3" m_a="0.893158" m_b="0.000000" m_c="0.000000" m_d="1.194960" m_tx="2.852450" m_ty="14.201334"/>
   <element name="shadow" layername="shadow" frame="0" z_index="4" m_a="0.685867" m_b="0.000000" m_c="0.000000" m_d="0.797664" m_tx="5.500000" m_ty="0.242424"/>
   <element name="shadow" layername="shadow" frame="1" z_index="5" m_a="0.832535" m_b="0.000000" m_c="0.000000" m_d="1.304871" m_tx="3.000000" m_ty="48.636364"/>
   <element name="shadow" layername="shadow_2" frame="1" z_index="6" m_a="0.283322" m_b="0.000000" m_c="0.000000" m_d="0.412201" m_tx="3.000000" m_ty="69.431816"/>
  </frame>
  <frame idx="1000" w="515" h="275" x="-40.900688" y="-30.161106">
   <element name="blunderbuss_image" layername="blunderbuss_image" frame="1" z_index="2" m_a="1.346240" m_b="0.000000" m_c="0.000000" m_d="1.330830" m_tx="0.350000" m_ty="4.650000"/>
   <element name="ripple2" layername="ripple2" frame="6" z_index="3" m_a="0.893158" m_b="0.000000" m_c="0.000000" m_d="1.194960" m_tx="-8.677748" m_ty="21.228397"/>
   <element name="shadow" layername="shadow" frame="0" z_index="4" m_a="0.683578" m_b="0.000000" m_c="0.000000" m_d="0.803848" m_tx="5.500000" m_ty="-0.250000"/>
   <element name="shadow" layername="shadow" frame="1" z_index="5" m_a="0.810318" m_b="0.000000" m_c="0.000000" m_d="1.267530" m_tx="3.000000" m_ty="50.000000"/>
   <element name="shadow" layername="shadow_2" frame="1" z_index="6" m_a="0.259659" m_b="0.000000" m_c="0.000000" m_d="0.374481" m_tx="3.000000" m_ty="70.000000"/>
  </frame>
  <frame idx="1025" w="515" h="276" x="-40.852875" y="-30.647400">
   <element name="blunderbuss_image" layername="blunderbuss_image" frame="1" z_index="2" m_a="1.345284" m_b="0.000000" m_c="0.000000" m_d="1.331771" m_tx="0.350000" m_ty="4.172059"/>
   <element name="ripple2" layername="ripple2" frame="6" z_index="3" m_a="0.893158" m_b="0.000000" m_c="0.000000" m_d="1.194960" m_tx="-8.677748" m_ty="21.228397"/>
   <element name="shadow" layername="shadow" frame="0" z_index="4" m_a="0.681357" m_b="0.000000" m_c="0.000000" m_d="0.809851" m_tx="5.536765" m_ty="-0.727941"/>
   <element name="shadow" layername="shadow" frame="1" z_index="5" m_a="0.788754" m_b="0.000000" m_c="0.000000" m_d="1.231295" m_tx="3.000000" m_ty="51.323528"/>
   <element name="shadow" layername="shadow_2" frame="1" z_index="6" m_a="0.236703" m_b="0.000000" m_c="0.000000" m_d="0.337882" m_tx="3.000000" m_ty="70.551468"/>
  </frame>
  <frame idx="1050" w="515" h="276" x="-40.828373" y="-31.070398">
   <element name="blunderbuss_image" layername="blunderbuss_image" frame="1" z_index="2" m_a="1.344319" m_b="0.000000" m_c="0.000000" m_d="1.332731" m_tx="0.350000" m_ty="3.757576"/>
   <element name="ripple2" layername="ripple2" frame="6" z_index="3" m_a="0.893158" m_b="0.000000" m_c="0.000000" m_d="1.194960" m_tx="-8.531393" m_ty="21.355879"/>
   <element name="shadow" layername="shadow" frame="0" z_index="4" m_a="0.679092" m_b="0.000000" m_c="0.000000" m_d="0.815977" m_tx="5.550000" m_ty="-1.239394"/>
   <element name="shadow" layername="shadow" frame="1" z_index="5" m_a="0.766779" m_b="0.000000" m_c="0.000000" m_d="1.194362" m_tx="3.000000" m_ty="52.721210"/>
   <element name="shadow" layername="shadow_2" frame="1" z_index="6" m_a="0.213295" m_b="0.000000" m_c="0.000000" m_d="0.300567" m_tx="3.000000" m_ty="71.113640"/>
  </frame>
  <frame idx="1075" w="524" h="278" x="-41.816990" y="-31.969955">
   <element name="blunderbuss_image" layername="blunderbuss_image" frame="1" z_index="2" m_a="1.343350" m_b="0.000000" m_c="0.000000" m_d="1.333705" m_tx="0.350000" m_ty="3.366667"/>
   <element name="ripple2" layername="ripple2" frame="7" z_index="3" m_a="0.893158" m_b="0.000000" m_c="0.000000" m_d="1.194960" m_tx="-8.408259" m_ty="21.540966"/>
   <element name="shadow" layername="shadow" frame="0" z_index="4" m_a="0.676804" m_b="0.000000" m_c="0.000000" m_d="0.822169" m_tx="5.550000" m_ty="-1.793939"/>
   <element name="shadow" layername="shadow" frame="1" z_index="5" m_a="0.744576" m_b="0.000000" m_c="0.000000" m_d="1.157031" m_tx="3.000000" m_ty="54.136364"/>
   <element name="shadow" layername="shadow_2" frame="1" z_index="6" m_a="0.189633" m_b="0.000000" m_c="0.000000" m_d="0.262851" m_tx="3.000000" m_ty="71.693939"/>
  </frame>
  <frame idx="1100" w="524" h="278" x="-41.805603" y="-32.395363">
   <element name="blunderbuss_image" layername="blunderbuss_image" frame="1" z_index="2" m_a="1.342380" m_b="0.000000" m_c="0.000000" m_d="1.334690" m_tx="0.350000" m_ty="2.950000"/>
   <element name="ripple2" layername="ripple2" frame="7" z_index="3" m_a="0.893158" m_b="0.000000" m_c="0.000000" m_d="1.194960" m_tx="-8.408259" m_ty="21.540966"/>
   <element name="shadow" layername="shadow" frame="0" z_index="4" m_a="0.674515" m_b="0.000000" m_c="0.000000" m_d="0.828354" m_tx="5.550000" m_ty="-2.400000"/>
   <element name="shadow" layername="shadow" frame="1" z_index="5" m_a="0.722382" m_b="0.000000" m_c="0.000000" m_d="1.119690" m_tx="3.000000" m_ty="55.500000"/>
   <element name="shadow" layername="shadow_2" frame="1" z_index="6" m_a="0.165970" m_b="0.000000" m_c="0.000000" m_d="0.225143" m_tx="3.000000" m_ty="72.300003"/>
  </frame>
  <frame idx="1125" w="525" h="279" x="-41.794552" y="-32.808193">
   <element name="blunderbuss_image" layername="blunderbuss_image" frame="1" z_index="2" m_a="1.341424" m_b="0.000000" m_c="0.000000" m_d="1.335639" m_tx="0.350000" m_ty="2.545588"/>
   <element name="ripple2" layername="ripple2" frame="7" z_index="3" m_a="0.893158" m_b="0.000000" m_c="0.000000" m_d="1.194960" m_tx="-7.414320" m_ty="20.838047"/>
   <element name="shadow" layername="shadow" frame="0" z_index="4" m_a="0.672294" m_b="0.000000" m_c="0.000000" m_d="0.834368" m_tx="5.550000" m_ty="-2.877941"/>
   <element name="shadow" layername="shadow" frame="1" z_index="5" m_a="0.700817" m_b="0.000000" m_c="0.000000" m_d="1.083447" m_tx="3.000000" m_ty="56.823528"/>
   <element name="shadow" layername="shadow_2" frame="1" z_index="6" m_a="0.143014" m_b="0.000000" m_c="0.000000" m_d="0.188533" m_tx="3.000000" m_ty="72.851471"/>
  </frame>
  <frame idx="1150" w="533" h="280" x="-42.307564" y="-33.229073">
   <element name="blunderbuss_image" layername="blunderbuss_image" frame="1" z_index="2" m_a="1.340479" m_b="0.000000" m_c="0.000000" m_d="1.336610" m_tx="0.350000" m_ty="2.133333"/>
   <element name="ripple2" layername="ripple2" frame="8" z_index="3" m_a="0.893158" m_b="0.000000" m_c="0.000000" m_d="1.194960" m_tx="-7.066527" m_ty="20.584995"/>
   <element name="shadow" layername="shadow" frame="0" z_index="4" m_a="0.670037" m_b="0.000000" m_c="0.000000" m_d="0.840498" m_tx="5.525758" m_ty="-3.413636"/>
   <element name="shadow" layername="shadow" frame="1" z_index="5" m_a="0.678849" m_b="0.000000" m_c="0.000000" m_d="1.046521" m_tx="3.000000" m_ty="58.172726"/>
   <element name="shadow" layername="shadow_2" frame="1" z_index="6" m_a="0.119614" m_b="0.000000" m_c="0.000000" m_d="0.151228" m_tx="3.000000" m_ty="73.413643"/>
  </frame>
  <frame idx="1175" w="533" h="280" x="-42.325619" y="-33.518349">
   <element name="blunderbuss_image" layername="blunderbuss_image" frame="1" z_index="2" m_a="1.339840" m_b="0.000000" m_c="0.000000" m_d="1.337280" m_tx="0.350000" m_ty="1.850000"/>
   <element name="ripple2" layername="ripple2" frame="8" z_index="3" m_a="0.893158" m_b="0.000000" m_c="0.000000" m_d="1.194960" m_tx="-7.066527" m_ty="20.584995"/>
   <element name="shadow" layername="shadow" frame="0" z_index="4" m_a="0.668488" m_b="0.000000" m_c="0.000000" m_d="0.844711" m_tx="5.500000" m_ty="-3.800000"/>
   <element name="shadow" layername="shadow" frame="1" z_index="5" m_a="0.663757" m_b="0.000000" m_c="0.000000" m_d="1.021150" m_tx="3.000000" m_ty="59.099998"/>
   <element name="shadow" layername="shadow_2" frame="1" z_index="6" m_a="0.103531" m_b="0.000000" m_c="0.000000" m_d="0.125595" m_tx="3.000000" m_ty="73.800003"/>
  </frame>
 </anim>
</Anims>
