<Anims>
 <anim name="death" root="tp_gingko_spaling" numframes="625" framerate="40">
  <frame idx="0" w="470" h="616" x="-107.525322" y="-304.403107">
   <element name="clawling_pieces" layername="clawling_pieces" frame="5" z_index="6" m_a="0.966446" m_b="0.256700" m_c="-0.256700" m_d="0.966446" m_tx="-17.299999" m_ty="-198.750000"/>
   <element name="clawling_pieces" layername="clawling_pieces" frame="3" z_index="7" m_a="0.719468" m_b="0.694442" m_c="-0.694442" m_d="0.719468" m_tx="4.600000" m_ty="-108.150002"/>
   <element name="clawling_pieces" layername="clawling_pieces_2" frame="2" z_index="8" m_a="0.923905" m_b="-0.382492" m_c="0.382492" m_d="0.923905" m_tx="-15.300000" m_ty="-186.399994"/>
   <element name="clawling_pieces" layername="clawling_pieces_3" frame="1" z_index="9" m_a="1.000000" m_b="0.000000" m_c="0.000000" m_d="1.000000" m_tx="-10.000000" m_ty="-39.349998"/>
   <element name="clawling_pieces" layername="clawling_pieces_4" frame="0" z_index="10" m_a="1.000000" m_b="0.000000" m_c="0.000000" m_d="1.000000" m_tx="-9.500000" m_ty="-39.250000"/>
  </frame>
  <frame idx="25" w="470" h="616" x="-107.525322" y="-304.403107">
   <element name="clawling_pieces" layername="clawling_pieces" frame="5" z_index="6" m_a="0.966446" m_b="0.256700" m_c="-0.256700" m_d="0.966446" m_tx="-17.299999" m_ty="-198.750000"/>
   <element name="clawling_pieces" layername="clawling_pieces" frame="3" z_index="7" m_a="0.719468" m_b="0.694442" m_c="-0.694442" m_d="0.719468" m_tx="4.600000" m_ty="-108.150002"/>
   <element name="clawling_pieces" layername="clawling_pieces_2" frame="2" z_index="8" m_a="0.923905" m_b="-0.382492" m_c="0.382492" m_d="0.923905" m_tx="-15.300000" m_ty="-186.399994"/>
   <element name="clawling_pieces" layername="clawling_pieces_3" frame="1" z_index="9" m_a="1.000000" m_b="0.000000" m_c="0.000000" m_d="1.000000" m_tx="-10.000000" m_ty="-39.349998"/>
   <element name="clawling_pieces" layername="clawling_pieces_4" frame="0" z_index="10" m_a="1.000000" m_b="0.000000" m_c="0.000000" m_d="1.000000" m_tx="-9.500000" m_ty="-39.250000"/>
  </frame>
  <frame idx="50" w="421" h="626" x="-89.136932" y="-315.881500">
   <element name="clawling_pieces" layername="clawling_pieces" frame="5" z_index="6" m_a="0.875464" m_b="0.208981" m_c="-0.247015" m_d="1.034797" m_tx="-7.821211" m_ty="-216.931824"/>
   <element name="clawling_pieces" layername="clawling_pieces" frame="3" z_index="7" m_a="0.701487" m_b="0.643656" m_c="-0.676036" m_d="0.736777" m_tx="6.127273" m_ty="-121.046974"/>
   <element name="clawling_pieces" layername="clawling_pieces_2" frame="2" z_index="8" m_a="1.015199" m_b="-0.356997" m_c="0.314176" m_d="0.893428" m_tx="-9.990909" m_ty="-199.587875"/>
   <element name="clawling_pieces" layername="clawling_pieces_3" frame="1" z_index="9" m_a="0.898854" m_b="0.021385" m_c="-0.025346" m_d="1.065337" m_tx="-8.593940" m_ty="-45.192425"/>
   <element name="clawling_pieces" layername="clawling_pieces_4" frame="0" z_index="10" m_a="0.916519" m_b="0.000000" m_c="0.000000" m_d="1.051345" m_tx="-7.827273" m_ty="-42.740910"/>
  </frame>
  <frame idx="75" w="366" h="641" x="-68.421936" y="-330.786041">
   <element name="clawling_pieces" layername="clawling_pieces" frame="5" z_index="6" m_a="0.764693" m_b="0.167805" m_c="-0.243675" m_d="1.110435" m_tx="1.837879" m_ty="-238.383331"/>
   <element name="clawling_pieces" layername="clawling_pieces" frame="3" z_index="7" m_a="0.681695" m_b="0.579347" m_c="-0.659105" m_d="0.775542" m_tx="7.446970" m_ty="-134.931824"/>
   <element name="clawling_pieces" layername="clawling_pieces_2" frame="2" z_index="8" m_a="1.105464" m_b="-0.313878" m_c="0.251039" m_d="0.884150" m_tx="-4.156061" m_ty="-215.733337"/>
   <element name="clawling_pieces" layername="clawling_pieces_3" frame="1" z_index="9" m_a="0.779297" m_b="0.038158" m_c="-0.055821" m_d="1.140024" m_tx="-6.930303" m_ty="-51.593941"/>
   <element name="clawling_pieces" layername="clawling_pieces_4" frame="0" z_index="10" m_a="0.823085" m_b="0.000000" m_c="0.000000" m_d="1.107379" m_tx="-6.110606" m_ty="-46.571213"/>
  </frame>
  <frame idx="100" w="359" h="663" x="-66.798149" y="-343.552612">
   <element name="clawling_pieces" layername="clawling_pieces" frame="5" z_index="6" m_a="0.726452" m_b="0.179927" m_c="-0.277131" m_d="1.118911" m_tx="0.550000" m_ty="-245.050003"/>
   <element name="clawling_pieces" layername="clawling_pieces" frame="3" z_index="7" m_a="0.685527" m_b="0.542563" m_c="-0.666276" m_d="0.841839" m_tx="6.500000" m_ty="-135.500000"/>
   <element name="clawling_pieces" layername="clawling_pieces_2" frame="2" z_index="8" m_a="1.085132" m_b="-0.294482" m_c="0.263829" m_d="0.972177" m_tx="-3.550000" m_ty="-222.399994"/>
   <element name="clawling_pieces" layername="clawling_pieces_3" frame="1" z_index="9" m_a="0.742857" m_b="0.036059" m_c="-0.056249" m_d="1.158806" m_tx="-6.400000" m_ty="-52.200001"/>
   <element name="clawling_pieces" layername="clawling_pieces_4" frame="0" z_index="10" m_a="0.808289" m_b="0.000000" m_c="0.000000" m_d="1.112000" m_tx="-6.300000" m_ty="-46.950001"/>
  </frame>
  <frame idx="125" w="353" h="680" x="-65.428848" y="-353.297028">
   <element name="clawling_pieces" layername="clawling_pieces" frame="5" z_index="6" m_a="0.697716" m_b="0.188363" m_c="-0.303672" m_d="1.124832" m_tx="-0.405882" m_ty="-250.013245"/>
   <element name="clawling_pieces" layername="clawling_pieces" frame="3" z_index="7" m_a="0.687696" m_b="0.515972" m_c="-0.670184" m_d="0.893232" m_tx="5.875000" m_ty="-135.904419"/>
   <element name="clawling_pieces" layername="clawling_pieces_2" frame="2" z_index="8" m_a="1.070089" m_b="-0.281278" m_c="0.273095" m_d="1.038959" m_tx="-3.035294" m_ty="-227.473526"/>
   <element name="clawling_pieces" layername="clawling_pieces_3" frame="1" z_index="9" m_a="0.715429" m_b="0.034810" m_c="-0.057077" m_d="1.173054" m_tx="-6.032353" m_ty="-52.641174"/>
   <element name="clawling_pieces" layername="clawling_pieces_4" frame="0" z_index="10" m_a="0.797114" m_b="0.000000" m_c="0.000000" m_d="1.115515" m_tx="-6.447059" m_ty="-47.280884"/>
  </frame>
  <frame idx="150" w="348" h="693" x="-64.194366" y="-361.164093">
   <element name="clawling_pieces" layername="clawling_pieces" frame="5" z_index="6" m_a="0.673872" m_b="0.194373" m_c="-0.325747" m_d="1.129332" m_tx="-1.186364" m_ty="-254.127274"/>
   <element name="clawling_pieces" layername="clawling_pieces" frame="3" z_index="7" m_a="0.689032" m_b="0.493755" m_c="-0.671310" m_d="0.936809" m_tx="5.310606" m_ty="-136.243942"/>
   <element name="clawling_pieces" layername="clawling_pieces_2" frame="2" z_index="8" m_a="1.057351" m_b="-0.270986" m_c="0.280507" m_d="1.094501" m_tx="-2.607576" m_ty="-231.675751"/>
   <element name="clawling_pieces" layername="clawling_pieces_3" frame="1" z_index="9" m_a="0.692634" m_b="0.033771" m_c="-0.057773" m_d="1.184907" m_tx="-5.730303" m_ty="-52.993938"/>
   <element name="clawling_pieces" layername="clawling_pieces_4" frame="0" z_index="10" m_a="0.787838" m_b="0.000000" m_c="0.000000" m_d="1.118419" m_tx="-6.572727" m_ty="-47.521214"/>
  </frame>
  <frame idx="175" w="345" h="704" x="-63.605827" y="-367.476227">
   <element name="clawling_pieces" layername="clawling_pieces" frame="5" z_index="6" m_a="0.655444" m_b="0.198563" m_c="-0.343079" m_d="1.132481" m_tx="-1.771212" m_ty="-257.327271"/>
   <element name="clawling_pieces" layername="clawling_pieces" frame="3" z_index="7" m_a="0.689523" m_b="0.476868" m_c="-0.671292" m_d="0.970647" m_tx="4.853030" m_ty="-136.498474"/>
   <element name="clawling_pieces" layername="clawling_pieces_2" frame="2" z_index="8" m_a="1.047408" m_b="-0.263356" m_c="0.285991" m_d="1.137431" m_tx="-2.277273" m_ty="-234.915146"/>
   <element name="clawling_pieces" layername="clawling_pieces_3" frame="1" z_index="9" m_a="0.675021" m_b="0.033236" m_c="-0.058790" m_d="1.194033" m_tx="-5.489394" m_ty="-53.260609"/>
   <element name="clawling_pieces" layername="clawling_pieces_4" frame="0" z_index="10" m_a="0.780674" m_b="0.000000" m_c="0.000000" m_d="1.120657" m_tx="-6.662121" m_ty="-47.698486"/>
  </frame>
  <frame idx="200" w="342" h="711" x="-62.663708" y="-371.636383">
   <element name="clawling_pieces" layername="clawling_pieces" frame="5" z_index="6" m_a="0.642645" m_b="0.201553" m_c="-0.355757" m_d="1.134320" m_tx="-2.150000" m_ty="-259.600006"/>
   <element name="clawling_pieces" layername="clawling_pieces" frame="3" z_index="7" m_a="0.689095" m_b="0.466114" m_c="-0.671891" m_d="0.993311" m_tx="4.550000" m_ty="-136.649994"/>
   <element name="clawling_pieces" layername="clawling_pieces_2" frame="2" z_index="8" m_a="1.040601" m_b="-0.257968" m_c="0.289316" m_d="1.167053" m_tx="-2.050000" m_ty="-237.149994"/>
   <element name="clawling_pieces" layername="clawling_pieces_3" frame="1" z_index="9" m_a="0.662881" m_b="0.033499" m_c="-0.060654" m_d="1.200228" m_tx="-5.300000" m_ty="-53.450001"/>
   <element name="clawling_pieces" layername="clawling_pieces_4" frame="0" z_index="10" m_a="0.775726" m_b="0.000000" m_c="0.000000" m_d="1.122210" m_tx="-6.700000" m_ty="-47.849998"/>
  </frame>
  <frame idx="225" w="341" h="713" x="-62.601521" y="-372.729919">
   <element name="clawling_pieces" layername="clawling_pieces" frame="5" z_index="6" m_a="0.638972" m_b="0.202889" m_c="-0.360522" m_d="1.135415" m_tx="-2.333824" m_ty="-260.151489"/>
   <element name="clawling_pieces" layername="clawling_pieces" frame="3" z_index="7" m_a="0.689925" m_b="0.462865" m_c="-0.672311" m_d="1.002115" m_tx="4.292647" m_ty="-136.502945"/>
   <element name="clawling_pieces" layername="clawling_pieces_2" frame="2" z_index="8" m_a="1.039109" m_b="-0.257449" m_c="0.291502" m_d="1.176549" m_tx="-1.976471" m_ty="-237.738235"/>
   <element name="clawling_pieces" layername="clawling_pieces_3" frame="1" z_index="9" m_a="0.659051" m_b="0.033738" m_c="-0.061551" m_d="1.202362" m_tx="-5.226470" m_ty="-53.486763"/>
   <element name="clawling_pieces" layername="clawling_pieces_4" frame="0" z_index="10" m_a="0.774155" m_b="0.000000" m_c="0.000000" m_d="1.122732" m_tx="-6.736764" m_ty="-47.886765"/>
  </frame>
  <frame idx="250" w="368" h="555" x="-86.730713" y="-277.479980">
   <element name="clawling_pieces" layername="clawling_pieces" frame="5" z_index="6" m_a="0.249808" m_b="0.620904" m_c="-0.945332" m_d="0.380334" m_tx="3.224242" m_ty="-189.877274"/>
   <element name="clawling_pieces" layername="clawling_pieces" frame="3" z_index="7" m_a="0.825604" m_b="0.088914" m_c="-0.129503" m_d="1.202487" m_tx="6.042424" m_ty="-136.522736"/>
   <element name="clawling_pieces" layername="clawling_pieces_2" frame="2" z_index="8" m_a="0.859250" m_b="-0.086373" m_c="0.116110" m_d="1.155074" m_tx="12.033297" m_ty="-150.554657"/>
   <element name="clawling_pieces" layername="clawling_pieces_3" frame="1" z_index="9" m_a="0.734100" m_b="0.019436" m_c="-0.028993" m_d="1.095091" m_tx="-7.139850" m_ty="-108.906837"/>
   <element name="clawling_pieces" layername="clawling_pieces_4" frame="0" z_index="10" m_a="0.773590" m_b="0.000000" m_c="0.000000" m_d="1.122920" m_tx="-6.750000" m_ty="-47.900002"/>
  </frame>
  <frame idx="275" w="389" h="560" x="-102.158943" y="-259.572327">
   <element name="clawling_pieces" layername="clawling_pieces" frame="5" z_index="7" m_a="-0.320777" m_b="0.520846" m_c="-0.649805" m_d="-0.400201" m_tx="8.812121" m_ty="-112.987877"/>
   <element name="clawling_pieces" layername="clawling_pieces" frame="3" z_index="8" m_a="0.717502" m_b="-0.533793" m_c="0.655025" m_d="0.880457" m_tx="8.727273" m_ty="-148.890915"/>
   <element name="clawling_pieces" layername="clawling_pieces_2" frame="1" z_index="9" m_a="0.653789" m_b="0.033611" m_c="-0.055858" m_d="1.086517" m_tx="18.774101" m_ty="-56.206947"/>
   <element name="clawling_pieces" layername="clawling_pieces_3" frame="0" z_index="10" m_a="0.839684" m_b="0.000000" m_c="0.000000" m_d="0.956725" m_tx="-24.580194" m_ty="-106.769211"/>
   <element name="clawling_pieces" layername="clawling_pieces_4" frame="0" z_index="10" m_a="0.778525" m_b="0.000000" m_c="0.000000" m_d="1.120241" m_tx="-6.809946" m_ty="-47.711445"/>
  </frame>
  <frame idx="300" w="392" h="522" x="-81.026901" y="-232.454926">
   <element name="clawling_pieces" layername="clawling_pieces" frame="5" z_index="7" m_a="-0.226469" m_b="0.367717" m_c="-0.458769" m_d="-0.282546" m_tx="7.600000" m_ty="-106.699997"/>
   <element name="clawling_pieces" layername="clawling_pieces" frame="3" z_index="8" m_a="0.215622" m_b="-1.072612" m_c="0.732635" m_d="0.147278" m_tx="11.000000" m_ty="-187.300003"/>
   <element name="clawling_pieces" layername="clawling_pieces_2" frame="1" z_index="9" m_a="0.686095" m_b="0.035272" m_c="-0.053485" m_d="1.040366" m_tx="21.102558" m_ty="-47.894733"/>
   <element name="clawling_pieces" layername="clawling_pieces_3" frame="0" z_index="10" m_a="0.917099" m_b="0.000000" m_c="0.000000" m_d="0.885864" m_tx="-26.232929" m_ty="-96.295357"/>
   <element name="clawling_pieces" layername="clawling_pieces_4" frame="0" z_index="10" m_a="0.793948" m_b="0.000000" m_c="0.000000" m_d="1.111867" m_tx="-6.997275" m_ty="-47.122208"/>
  </frame>
  <frame idx="325" w="419" h="476" x="-82.801094" y="-221.087723">
   <element name="clawling_pieces" layername="clawling_pieces" frame="5" z_index="7" m_a="-0.226469" m_b="0.367717" m_c="-0.458769" m_d="-0.282546" m_tx="7.600000" m_ty="-106.699997"/>
   <element name="clawling_pieces" layername="clawling_pieces" frame="3" z_index="8" m_a="-0.157025" m_b="-1.062418" m_c="0.563293" m_d="-0.083255" m_tx="-0.764706" m_ty="-162.851471"/>
   <element name="clawling_pieces" layername="clawling_pieces_2" frame="1" z_index="9" m_a="0.840542" m_b="0.043201" m_c="-0.044302" m_d="0.861949" m_tx="26.624640" m_ty="-39.665829"/>
   <element name="clawling_pieces" layername="clawling_pieces_3" frame="0" z_index="10" m_a="0.992239" m_b="0.000000" m_c="0.000000" m_d="0.817132" m_tx="-27.947392" m_ty="-86.132828"/>
   <element name="clawling_pieces" layername="clawling_pieces_4" frame="0" z_index="10" m_a="0.809371" m_b="0.000000" m_c="0.000000" m_d="1.103494" m_tx="-7.184605" m_ty="-46.532970"/>
  </frame>
  <frame idx="350" w="434" h="466" x="-87.714546" y="-222.872589">
   <element name="clawling_pieces" layername="clawling_pieces" frame="5" z_index="10" m_a="-0.202122" m_b="0.415617" m_c="-0.506655" m_d="-0.246395" m_tx="6.272000" m_ty="-111.609329"/>
   <element name="clawling_pieces" layername="clawling_pieces" frame="3" z_index="8" m_a="-0.374595" m_b="-0.988437" m_c="0.468200" m_d="-0.177437" m_tx="-4.951515" m_ty="-155.650009"/>
   <element name="clawling_pieces" layername="clawling_pieces_2" frame="1" z_index="9" m_a="0.865894" m_b="0.044104" m_c="-0.040980" m_d="0.804567" m_tx="27.566204" m_ty="-37.101135"/>
   <element name="clawling_pieces" layername="clawling_pieces_3" frame="0" z_index="10" m_a="1.020318" m_b="0.000000" m_c="0.000000" m_d="0.801992" m_tx="-28.609278" m_ty="-83.722359"/>
   <element name="clawling_pieces" layername="clawling_pieces_4" frame="0" z_index="10" m_a="0.824794" m_b="0.000000" m_c="0.000000" m_d="1.095121" m_tx="-7.371934" m_ty="-45.943733"/>
  </frame>
  <frame idx="375" w="440" h="464" x="-91.906311" y="-220.756805">
   <element name="clawling_pieces" layername="clawling_pieces" frame="5" z_index="10" m_a="-0.149290" m_b="0.487138" m_c="-0.575406" m_d="-0.176341" m_tx="4.197000" m_ty="-119.280167"/>
   <element name="clawling_pieces" layername="clawling_pieces" frame="3" z_index="8" m_a="-0.504103" m_b="-0.912063" m_c="0.431958" m_d="-0.238746" m_tx="-4.912121" m_ty="-158.162125"/>
   <element name="clawling_pieces" layername="clawling_pieces_2" frame="1" z_index="9" m_a="0.818669" m_b="0.041289" m_c="-0.041119" m_d="0.815287" m_tx="25.983715" m_ty="-37.714684"/>
   <element name="clawling_pieces" layername="clawling_pieces_3" frame="0" z_index="10" m_a="1.021926" m_b="0.000000" m_c="0.000000" m_d="0.817008" m_tx="-28.667013" m_ty="-85.709595"/>
   <element name="clawling_pieces" layername="clawling_pieces_4" frame="0" z_index="10" m_a="0.840217" m_b="0.000000" m_c="0.000000" m_d="1.086747" m_tx="-7.559264" m_ty="-45.354496"/>
  </frame>
  <frame idx="400" w="441" h="458" x="-93.385567" y="-214.752350">
   <element name="clawling_pieces" layername="clawling_pieces" frame="5" z_index="10" m_a="-0.078867" m_b="0.551229" m_c="-0.633797" m_d="-0.090680" m_tx="2.122000" m_ty="-126.950996"/>
   <element name="clawling_pieces" layername="clawling_pieces" frame="3" z_index="8" m_a="-0.619987" m_b="-0.819473" m_c="0.388172" m_d="-0.293679" m_tx="-4.950000" m_ty="-160.699997"/>
   <element name="clawling_pieces" layername="clawling_pieces_2" frame="1" z_index="9" m_a="0.771531" m_b="0.038882" m_c="-0.041629" m_d="0.826043" m_tx="24.513361" m_ty="-38.314766"/>
   <element name="clawling_pieces" layername="clawling_pieces_3" frame="0" z_index="10" m_a="1.023540" m_b="0.000000" m_c="0.000000" m_d="0.832047" m_tx="-28.699093" m_ty="-87.775803"/>
   <element name="clawling_pieces" layername="clawling_pieces_4" frame="0" z_index="10" m_a="0.855641" m_b="0.000000" m_c="0.000000" m_d="1.078374" m_tx="-7.746594" m_ty="-44.765259"/>
  </frame>
  <frame idx="425" w="441" h="448" x="-92.479660" y="-205.415298">
   <element name="clawling_pieces" layername="clawling_pieces" frame="5" z_index="10" m_a="0.007948" m_b="0.604131" m_c="-0.678622" m_d="0.008928" m_tx="0.047000" m_ty="-134.621826"/>
   <element name="clawling_pieces" layername="clawling_pieces" frame="3" z_index="8" m_a="-0.718924" m_b="-0.716353" m_c="0.339374" m_d="-0.340592" m_tx="-5.023530" m_ty="-163.163239"/>
   <element name="clawling_pieces" layername="clawling_pieces_2" frame="1" z_index="9" m_a="0.725908" m_b="0.036647" m_c="-0.042233" m_d="0.836557" m_tx="23.092478" m_ty="-38.894882"/>
   <element name="clawling_pieces" layername="clawling_pieces_3" frame="0" z_index="10" m_a="1.025150" m_b="0.000000" m_c="0.000000" m_d="0.846643" m_tx="-28.767872" m_ty="-89.707664"/>
   <element name="clawling_pieces" layername="clawling_pieces_4" frame="0" z_index="10" m_a="0.871064" m_b="0.000000" m_c="0.000000" m_d="1.070001" m_tx="-7.933924" m_ty="-44.176022"/>
  </frame>
  <frame idx="450" w="437" h="460" x="-88.596832" y="-217.202286">
   <element name="clawling_pieces" layername="clawling_pieces" frame="5" z_index="10" m_a="0.109213" m_b="0.642306" m_c="-0.706965" m_d="0.120207" m_tx="-2.027999" m_ty="-142.292664"/>
   <element name="clawling_pieces" layername="clawling_pieces" frame="3" z_index="8" m_a="-0.680858" m_b="-0.710073" m_c="0.357693" m_d="-0.342976" m_tx="-4.395455" m_ty="-162.328796"/>
   <element name="clawling_pieces" layername="clawling_pieces_2" frame="1" z_index="9" m_a="0.717359" m_b="0.036178" m_c="-0.042150" m_d="0.835768" m_tx="22.921139" m_ty="-39.017319"/>
   <element name="clawling_pieces" layername="clawling_pieces_3" frame="0" z_index="10" m_a="1.025715" m_b="0.000000" m_c="0.000000" m_d="0.851891" m_tx="-28.768101" m_ty="-90.402611"/>
   <element name="clawling_pieces" layername="clawling_pieces_4" frame="0" z_index="10" m_a="0.886487" m_b="0.000000" m_c="0.000000" m_d="1.061628" m_tx="-8.121253" m_ty="-43.586784"/>
  </frame>
  <frame idx="475" w="430" h="471" x="-82.232376" y="-228.100769">
   <element name="clawling_pieces" layername="clawling_pieces" frame="5" z_index="10" m_a="0.222284" m_b="0.662573" m_c="-0.716305" m_d="0.240311" m_tx="-4.103000" m_ty="-149.963501"/>
   <element name="clawling_pieces" layername="clawling_pieces" frame="3" z_index="8" m_a="-0.578378" m_b="-0.747991" m_c="0.411541" m_d="-0.318221" m_tx="-3.445455" m_ty="-159.833328"/>
   <element name="clawling_pieces" layername="clawling_pieces_2" frame="1" z_index="9" m_a="0.729715" m_b="0.036745" m_c="-0.041727" m_d="0.828657" m_tx="23.443056" m_ty="-38.881416"/>
   <element name="clawling_pieces" layername="clawling_pieces_3" frame="0" z_index="10" m_a="1.025700" m_b="0.000000" m_c="0.000000" m_d="0.851883" m_tx="-28.742037" m_ty="-90.402054"/>
   <element name="clawling_pieces" layername="clawling_pieces_4" frame="0" z_index="10" m_a="0.901910" m_b="0.000000" m_c="0.000000" m_d="1.053254" m_tx="-8.308583" m_ty="-42.997547"/>
  </frame>
  <frame idx="500" w="421" h="481" x="-73.471970" y="-237.918289">
   <element name="clawling_pieces" layername="clawling_pieces" frame="5" z_index="10" m_a="0.343890" m_b="0.662242" m_c="-0.704632" m_d="0.365902" m_tx="-6.178000" m_ty="-157.634338"/>
   <element name="clawling_pieces" layername="clawling_pieces" frame="3" z_index="8" m_a="-0.492457" m_b="-0.770329" m_c="0.456013" m_d="-0.291520" m_tx="-2.650000" m_ty="-157.750000"/>
   <element name="clawling_pieces" layername="clawling_pieces_2" frame="1" z_index="9" m_a="0.742177" m_b="0.037402" m_c="-0.041406" m_d="0.821620" m_tx="23.944550" m_ty="-38.743603"/>
   <element name="clawling_pieces" layername="clawling_pieces_3" frame="0" z_index="10" m_a="1.025700" m_b="0.000000" m_c="0.000000" m_d="0.851883" m_tx="-28.742037" m_ty="-90.402054"/>
   <element name="clawling_pieces" layername="clawling_pieces_4" frame="0" z_index="10" m_a="0.917333" m_b="0.000000" m_c="0.000000" m_d="1.044881" m_tx="-8.495913" m_ty="-42.408310"/>
  </frame>
  <frame idx="525" w="418" h="489" x="-70.956856" y="-246.005661">
   <element name="clawling_pieces" layername="clawling_pieces" frame="5" z_index="10" m_a="0.470216" m_b="0.639230" m_c="-0.670528" m_d="0.493238" m_tx="-8.252999" m_ty="-165.305161"/>
   <element name="clawling_pieces" layername="clawling_pieces" frame="3" z_index="8" m_a="-0.433860" m_b="-0.780119" m_c="0.485754" m_d="-0.270150" m_tx="-2.098529" m_ty="-156.316177"/>
   <element name="clawling_pieces" layername="clawling_pieces_2" frame="1" z_index="9" m_a="0.754250" m_b="0.038030" m_c="-0.041081" m_d="0.814769" m_tx="24.430290" m_ty="-38.609856"/>
   <element name="clawling_pieces" layername="clawling_pieces_3" frame="0" z_index="10" m_a="1.025700" m_b="0.000000" m_c="0.000000" m_d="0.851883" m_tx="-28.742037" m_ty="-90.402054"/>
   <element name="clawling_pieces" layername="clawling_pieces_4" frame="0" z_index="10" m_a="0.932756" m_b="0.000000" m_c="0.000000" m_d="1.036508" m_tx="-8.683243" m_ty="-41.819073"/>
  </frame>
  <frame idx="550" w="419" h="495" x="-72.668968" y="-252.749954">
   <element name="clawling_pieces" layername="clawling_pieces" frame="5" z_index="10" m_a="0.597024" m_b="0.592164" m_c="-0.613249" m_d="0.618282" m_tx="-10.328000" m_ty="-172.975998"/>
   <element name="clawling_pieces" layername="clawling_pieces" frame="3" z_index="8" m_a="-0.389276" m_b="-0.785099" m_c="0.507852" m_d="-0.251809" m_tx="-1.681818" m_ty="-155.218185"/>
   <element name="clawling_pieces" layername="clawling_pieces_2" frame="1" z_index="9" m_a="0.766571" m_b="0.038678" m_c="-0.040758" m_d="0.807792" m_tx="24.974564" m_ty="-38.473335"/>
   <element name="clawling_pieces" layername="clawling_pieces_3" frame="0" z_index="10" m_a="1.025700" m_b="0.000000" m_c="0.000000" m_d="0.851883" m_tx="-28.742037" m_ty="-90.402054"/>
   <element name="clawling_pieces" layername="clawling_pieces_4" frame="0" z_index="10" m_a="0.948179" m_b="0.000000" m_c="0.000000" m_d="1.028134" m_tx="-8.870572" m_ty="-41.229836"/>
  </frame>
  <frame idx="575" w="431" h="500" x="-83.013367" y="-258.079773">
   <element name="clawling_pieces" layername="clawling_pieces" frame="5" z_index="10" m_a="0.719779" m_b="0.520454" m_c="-0.532777" m_d="0.736821" m_tx="-12.403000" m_ty="-180.646835"/>
   <element name="clawling_pieces" layername="clawling_pieces" frame="3" z_index="8" m_a="-0.361052" m_b="-0.787154" m_c="0.521875" m_d="-0.239374" m_tx="-1.425758" m_ty="-154.503036"/>
   <element name="clawling_pieces" layername="clawling_pieces_2" frame="1" z_index="9" m_a="0.779058" m_b="0.039504" m_c="-0.040605" m_d="0.800762" m_tx="25.506945" m_ty="-38.354023"/>
   <element name="clawling_pieces" layername="clawling_pieces_3" frame="0" z_index="10" m_a="1.025707" m_b="0.000000" m_c="0.000000" m_d="0.851887" m_tx="-28.754301" m_ty="-90.402313"/>
   <element name="clawling_pieces" layername="clawling_pieces_4" frame="0" z_index="10" m_a="0.963602" m_b="0.000000" m_c="0.000000" m_d="1.019761" m_tx="-9.057901" m_ty="-40.640598"/>
  </frame>
  <frame idx="600" w="447" h="503" x="-93.808197" y="-261.469727">
   <element name="clawling_pieces" layername="clawling_pieces" frame="5" z_index="10" m_a="0.833796" m_b="0.424358" m_c="-0.429855" m_d="0.844597" m_tx="-14.477999" m_ty="-188.317673"/>
   <element name="clawling_pieces" layername="clawling_pieces" frame="3" z_index="8" m_a="-0.350898" m_b="-0.787575" m_c="0.527775" m_d="-0.235146" m_tx="-1.350000" m_ty="-154.199997"/>
   <element name="clawling_pieces" layername="clawling_pieces_2" frame="1" z_index="9" m_a="0.791600" m_b="0.040696" m_c="-0.040808" m_d="0.793769" m_tx="25.943985" m_ty="-38.274197"/>
   <element name="clawling_pieces" layername="clawling_pieces_3" frame="0" z_index="10" m_a="1.025730" m_b="0.000000" m_c="0.000000" m_d="0.851898" m_tx="-28.792633" m_ty="-90.403130"/>
   <element name="clawling_pieces" layername="clawling_pieces_4" frame="0" z_index="10" m_a="0.979025" m_b="0.000000" m_c="0.000000" m_d="1.011388" m_tx="-9.245232" m_ty="-40.051361"/>
  </frame>
 </anim>
 <anim name="idle_planted" root="tp_gingko_spaling" numframes="125" framerate="40">
  <frame idx="0" w="470" h="616" x="-107.525322" y="-304.403107">
   <element name="clawling_pieces" layername="clawling_pieces" frame="5" z_index="6" m_a="0.966446" m_b="0.256700" m_c="-0.256700" m_d="0.966446" m_tx="-17.299999" m_ty="-198.750000"/>
   <element name="clawling_pieces" layername="clawling_pieces" frame="3" z_index="7" m_a="0.719468" m_b="0.694442" m_c="-0.694442" m_d="0.719468" m_tx="4.600000" m_ty="-108.150002"/>
   <element name="clawling_pieces" layername="clawling_pieces_2" frame="2" z_index="8" m_a="0.923905" m_b="-0.382492" m_c="0.382492" m_d="0.923905" m_tx="-15.300000" m_ty="-186.399994"/>
   <element name="clawling_pieces" layername="clawling_pieces_3" frame="1" z_index="9" m_a="1.000000" m_b="0.000000" m_c="0.000000" m_d="1.000000" m_tx="-10.000000" m_ty="-39.349998"/>
   <element name="clawling_pieces" layername="clawling_pieces_4" frame="0" z_index="10" m_a="1.000000" m_b="0.000000" m_c="0.000000" m_d="1.000000" m_tx="-9.500000" m_ty="-39.250000"/>
  </frame>
  <frame idx="25" w="470" h="616" x="-107.525322" y="-304.403107">
   <element name="clawling_pieces" layername="clawling_pieces" frame="5" z_index="6" m_a="0.966446" m_b="0.256700" m_c="-0.256700" m_d="0.966446" m_tx="-17.299999" m_ty="-198.750000"/>
   <element name="clawling_pieces" layername="clawling_pieces" frame="3" z_index="7" m_a="0.719468" m_b="0.694442" m_c="-0.694442" m_d="0.719468" m_tx="4.600000" m_ty="-108.150002"/>
   <element name="clawling_pieces" layername="clawling_pieces_2" frame="2" z_index="8" m_a="0.923905" m_b="-0.382492" m_c="0.382492" m_d="0.923905" m_tx="-15.300000" m_ty="-186.399994"/>
   <element name="clawling_pieces" layername="clawling_pieces_3" frame="1" z_index="9" m_a="1.000000" m_b="0.000000" m_c="0.000000" m_d="1.000000" m_tx="-10.000000" m_ty="-39.349998"/>
   <element name="clawling_pieces" layername="clawling_pieces_4" frame="0" z_index="10" m_a="1.000000" m_b="0.000000" m_c="0.000000" m_d="1.000000" m_tx="-9.500000" m_ty="-39.250000"/>
  </frame>
  <frame idx="50" w="470" h="616" x="-107.525322" y="-304.403107">
   <element name="clawling_pieces" layername="clawling_pieces" frame="5" z_index="6" m_a="0.966446" m_b="0.256700" m_c="-0.256700" m_d="0.966446" m_tx="-17.299999" m_ty="-198.750000"/>
   <element name="clawling_pieces" layername="clawling_pieces" frame="3" z_index="7" m_a="0.719468" m_b="0.694442" m_c="-0.694442" m_d="0.719468" m_tx="4.600000" m_ty="-108.150002"/>
   <element name="clawling_pieces" layername="clawling_pieces_2" frame="2" z_index="8" m_a="0.923905" m_b="-0.382492" m_c="0.382492" m_d="0.923905" m_tx="-15.300000" m_ty="-186.399994"/>
   <element name="clawling_pieces" layername="clawling_pieces_3" frame="1" z_index="9" m_a="1.000000" m_b="0.000000" m_c="0.000000" m_d="1.000000" m_tx="-10.000000" m_ty="-39.349998"/>
   <element name="clawling_pieces" layername="clawling_pieces_4" frame="0" z_index="10" m_a="1.000000" m_b="0.000000" m_c="0.000000" m_d="1.000000" m_tx="-9.500000" m_ty="-39.250000"/>
  </frame>
  <frame idx="75" w="470" h="616" x="-107.525322" y="-304.403107">
   <element name="clawling_pieces" layername="clawling_pieces" frame="5" z_index="6" m_a="0.966446" m_b="0.256700" m_c="-0.256700" m_d="0.966446" m_tx="-17.299999" m_ty="-198.750000"/>
   <element name="clawling_pieces" layername="clawling_pieces" frame="3" z_index="7" m_a="0.719468" m_b="0.694442" m_c="-0.694442" m_d="0.719468" m_tx="4.600000" m_ty="-108.150002"/>
   <element name="clawling_pieces" layername="clawling_pieces_2" frame="2" z_index="8" m_a="0.923905" m_b="-0.382492" m_c="0.382492" m_d="0.923905" m_tx="-15.300000" m_ty="-186.399994"/>
   <element name="clawling_pieces" layername="clawling_pieces_3" frame="1" z_index="9" m_a="1.000000" m_b="0.000000" m_c="0.000000" m_d="1.000000" m_tx="-10.000000" m_ty="-39.349998"/>
   <element name="clawling_pieces" layername="clawling_pieces_4" frame="0" z_index="10" m_a="1.000000" m_b="0.000000" m_c="0.000000" m_d="1.000000" m_tx="-9.500000" m_ty="-39.250000"/>
  </frame>
  <frame idx="100" w="470" h="616" x="-107.525322" y="-304.403107">
   <element name="clawling_pieces" layername="clawling_pieces" frame="5" z_index="6" m_a="0.966446" m_b="0.256700" m_c="-0.256700" m_d="0.966446" m_tx="-17.299999" m_ty="-198.750000"/>
   <element name="clawling_pieces" layername="clawling_pieces" frame="3" z_index="7" m_a="0.719468" m_b="0.694442" m_c="-0.694442" m_d="0.719468" m_tx="4.600000" m_ty="-108.150002"/>
   <element name="clawling_pieces" layername="clawling_pieces_2" frame="2" z_index="8" m_a="0.923905" m_b="-0.382492" m_c="0.382492" m_d="0.923905" m_tx="-15.300000" m_ty="-186.399994"/>
   <element name="clawling_pieces" layername="clawling_pieces_3" frame="1" z_index="9" m_a="1.000000" m_b="0.000000" m_c="0.000000" m_d="1.000000" m_tx="-10.000000" m_ty="-39.349998"/>
   <element name="clawling_pieces" layername="clawling_pieces_4" frame="0" z_index="10" m_a="1.000000" m_b="0.000000" m_c="0.000000" m_d="1.000000" m_tx="-9.500000" m_ty="-39.250000"/>
  </frame>
 </anim>
</Anims>
