<Anims>
 <anim name="BUILD" root="tp_spear_shadow" numframes="1000" framerate="40">
  <frame idx="0" w="125" h="481" x="17.403744" y="-116.537766">
   <element name="swap_object" layername="swap_object" frame="0" z_index="3" m_a="1.000000" m_b="0.000000" m_c="0.000000" m_d="1.000000" m_tx="9.375000" m_ty="-17.708300"/>
  </frame>
  <frame idx="25" w="125" h="481" x="17.403744" y="-116.537766">
   <element name="swap_object" layername="swap_object" frame="0" z_index="3" m_a="1.000000" m_b="0.000000" m_c="0.000000" m_d="1.000000" m_tx="9.375000" m_ty="-17.708300"/>
  </frame>
  <frame idx="50" w="125" h="481" x="17.403744" y="-116.537766">
   <element name="swap_object" layername="swap_object" frame="0" z_index="3" m_a="1.000000" m_b="0.000000" m_c="0.000000" m_d="1.000000" m_tx="9.375000" m_ty="-17.708300"/>
  </frame>
  <frame idx="75" w="125" h="481" x="17.403744" y="-116.537766">
   <element name="swap_object" layername="swap_object" frame="0" z_index="3" m_a="1.000000" m_b="0.000000" m_c="0.000000" m_d="1.000000" m_tx="9.375000" m_ty="-17.708300"/>
  </frame>
  <frame idx="100" w="125" h="481" x="17.403744" y="-116.537766">
   <element name="swap_object" layername="swap_object" frame="0" z_index="3" m_a="1.000000" m_b="0.000000" m_c="0.000000" m_d="1.000000" m_tx="9.375000" m_ty="-17.708300"/>
  </frame>
  <frame idx="125" w="125" h="481" x="17.403744" y="-116.537766">
   <element name="swap_object" layername="swap_object" frame="0" z_index="3" m_a="1.000000" m_b="0.000000" m_c="0.000000" m_d="1.000000" m_tx="9.375000" m_ty="-17.708300"/>
  </frame>
  <frame idx="150" w="125" h="481" x="17.403744" y="-116.537766">
   <element name="swap_object" layername="swap_object" frame="0" z_index="3" m_a="1.000000" m_b="0.000000" m_c="0.000000" m_d="1.000000" m_tx="9.375000" m_ty="-17.708300"/>
  </frame>
  <frame idx="175" w="125" h="481" x="17.403744" y="-116.537766">
   <element name="swap_object" layername="swap_object" frame="0" z_index="3" m_a="1.000000" m_b="0.000000" m_c="0.000000" m_d="1.000000" m_tx="9.375000" m_ty="-17.708300"/>
  </frame>
  <frame idx="200" w="125" h="481" x="17.403744" y="-116.537766">
   <element name="swap_object" layername="swap_object" frame="0" z_index="3" m_a="1.000000" m_b="0.000000" m_c="0.000000" m_d="1.000000" m_tx="9.375000" m_ty="-17.708300"/>
  </frame>
  <frame idx="225" w="125" h="481" x="17.403744" y="-116.537766">
   <element name="swap_object" layername="swap_object" frame="0" z_index="3" m_a="1.000000" m_b="0.000000" m_c="0.000000" m_d="1.000000" m_tx="9.375000" m_ty="-17.708300"/>
  </frame>
  <frame idx="250" w="125" h="481" x="17.403744" y="-116.537766">
   <element name="swap_object" layername="swap_object" frame="0" z_index="3" m_a="1.000000" m_b="0.000000" m_c="0.000000" m_d="1.000000" m_tx="9.375000" m_ty="-17.708300"/>
  </frame>
  <frame idx="275" w="125" h="481" x="17.403744" y="-116.537766">
   <element name="swap_object" layername="swap_object" frame="0" z_index="3" m_a="1.000000" m_b="0.000000" m_c="0.000000" m_d="1.000000" m_tx="9.375000" m_ty="-17.708300"/>
  </frame>
  <frame idx="300" w="125" h="481" x="17.403744" y="-116.537766">
   <element name="swap_object" layername="swap_object" frame="0" z_index="3" m_a="1.000000" m_b="0.000000" m_c="0.000000" m_d="1.000000" m_tx="9.375000" m_ty="-17.708300"/>
  </frame>
  <frame idx="325" w="125" h="481" x="17.403744" y="-116.537766">
   <element name="swap_object" layername="swap_object" frame="0" z_index="3" m_a="1.000000" m_b="0.000000" m_c="0.000000" m_d="1.000000" m_tx="9.375000" m_ty="-17.708300"/>
  </frame>
  <frame idx="350" w="125" h="481" x="17.403744" y="-116.537766">
   <element name="swap_object" layername="swap_object" frame="0" z_index="3" m_a="1.000000" m_b="0.000000" m_c="0.000000" m_d="1.000000" m_tx="9.375000" m_ty="-17.708300"/>
  </frame>
  <frame idx="375" w="125" h="481" x="17.403744" y="-116.537766">
   <element name="swap_object" layername="swap_object" frame="0" z_index="3" m_a="1.000000" m_b="0.000000" m_c="0.000000" m_d="1.000000" m_tx="9.375000" m_ty="-17.708300"/>
  </frame>
  <frame idx="400" w="125" h="481" x="17.403744" y="-116.537766">
   <element name="swap_object" layername="swap_object" frame="0" z_index="3" m_a="1.000000" m_b="0.000000" m_c="0.000000" m_d="1.000000" m_tx="9.375000" m_ty="-17.708300"/>
  </frame>
  <frame idx="425" w="125" h="481" x="17.403744" y="-116.537766">
   <element name="swap_object" layername="swap_object" frame="0" z_index="3" m_a="1.000000" m_b="0.000000" m_c="0.000000" m_d="1.000000" m_tx="9.375000" m_ty="-17.708300"/>
  </frame>
  <frame idx="450" w="125" h="481" x="17.403744" y="-116.537766">
   <element name="swap_object" layername="swap_object" frame="0" z_index="3" m_a="1.000000" m_b="0.000000" m_c="0.000000" m_d="1.000000" m_tx="9.375000" m_ty="-17.708300"/>
  </frame>
  <frame idx="475" w="125" h="481" x="17.403744" y="-116.537766">
   <element name="swap_object" layername="swap_object" frame="0" z_index="3" m_a="1.000000" m_b="0.000000" m_c="0.000000" m_d="1.000000" m_tx="9.375000" m_ty="-17.708300"/>
  </frame>
  <frame idx="500" w="125" h="481" x="17.403744" y="-116.537766">
   <element name="swap_object" layername="swap_object" frame="0" z_index="3" m_a="1.000000" m_b="0.000000" m_c="0.000000" m_d="1.000000" m_tx="9.375000" m_ty="-17.708300"/>
  </frame>
  <frame idx="525" w="125" h="481" x="17.403744" y="-116.537766">
   <element name="swap_object" layername="swap_object" frame="0" z_index="3" m_a="1.000000" m_b="0.000000" m_c="0.000000" m_d="1.000000" m_tx="9.375000" m_ty="-17.708300"/>
  </frame>
  <frame idx="550" w="125" h="481" x="17.403744" y="-116.537766">
   <element name="swap_object" layername="swap_object" frame="0" z_index="3" m_a="1.000000" m_b="0.000000" m_c="0.000000" m_d="1.000000" m_tx="9.375000" m_ty="-17.708300"/>
  </frame>
  <frame idx="575" w="125" h="481" x="17.403744" y="-116.537766">
   <element name="swap_object" layername="swap_object" frame="0" z_index="3" m_a="1.000000" m_b="0.000000" m_c="0.000000" m_d="1.000000" m_tx="9.375000" m_ty="-17.708300"/>
  </frame>
  <frame idx="600" w="125" h="481" x="17.403744" y="-116.537766">
   <element name="swap_object" layername="swap_object" frame="0" z_index="3" m_a="1.000000" m_b="0.000000" m_c="0.000000" m_d="1.000000" m_tx="9.375000" m_ty="-17.708300"/>
  </frame>
  <frame idx="625" w="125" h="481" x="17.403744" y="-116.537766">
   <element name="swap_object" layername="swap_object" frame="0" z_index="3" m_a="1.000000" m_b="0.000000" m_c="0.000000" m_d="1.000000" m_tx="9.375000" m_ty="-17.708300"/>
  </frame>
  <frame idx="650" w="125" h="481" x="17.403744" y="-116.537766">
   <element name="swap_object" layername="swap_object" frame="0" z_index="3" m_a="1.000000" m_b="0.000000" m_c="0.000000" m_d="1.000000" m_tx="9.375000" m_ty="-17.708300"/>
  </frame>
  <frame idx="675" w="125" h="481" x="17.403744" y="-116.537766">
   <element name="swap_object" layername="swap_object" frame="0" z_index="3" m_a="1.000000" m_b="0.000000" m_c="0.000000" m_d="1.000000" m_tx="9.375000" m_ty="-17.708300"/>
  </frame>
  <frame idx="700" w="125" h="481" x="17.403744" y="-116.537766">
   <element name="swap_object" layername="swap_object" frame="0" z_index="3" m_a="1.000000" m_b="0.000000" m_c="0.000000" m_d="1.000000" m_tx="9.375000" m_ty="-17.708300"/>
  </frame>
  <frame idx="725" w="125" h="481" x="17.403744" y="-116.537766">
   <element name="swap_object" layername="swap_object" frame="0" z_index="3" m_a="1.000000" m_b="0.000000" m_c="0.000000" m_d="1.000000" m_tx="9.375000" m_ty="-17.708300"/>
  </frame>
  <frame idx="750" w="125" h="481" x="17.403744" y="-116.537766">
   <element name="swap_object" layername="swap_object" frame="0" z_index="3" m_a="1.000000" m_b="0.000000" m_c="0.000000" m_d="1.000000" m_tx="9.375000" m_ty="-17.708300"/>
  </frame>
  <frame idx="775" w="125" h="481" x="17.403744" y="-116.537766">
   <element name="swap_object" layername="swap_object" frame="0" z_index="3" m_a="1.000000" m_b="0.000000" m_c="0.000000" m_d="1.000000" m_tx="9.375000" m_ty="-17.708300"/>
  </frame>
  <frame idx="800" w="125" h="481" x="17.403744" y="-116.537766">
   <element name="swap_object" layername="swap_object" frame="0" z_index="3" m_a="1.000000" m_b="0.000000" m_c="0.000000" m_d="1.000000" m_tx="9.375000" m_ty="-17.708300"/>
  </frame>
  <frame idx="825" w="125" h="481" x="17.403744" y="-116.537766">
   <element name="swap_object" layername="swap_object" frame="0" z_index="3" m_a="1.000000" m_b="0.000000" m_c="0.000000" m_d="1.000000" m_tx="9.375000" m_ty="-17.708300"/>
  </frame>
  <frame idx="850" w="125" h="481" x="17.403744" y="-116.537766">
   <element name="swap_object" layername="swap_object" frame="0" z_index="3" m_a="1.000000" m_b="0.000000" m_c="0.000000" m_d="1.000000" m_tx="9.375000" m_ty="-17.708300"/>
  </frame>
  <frame idx="875" w="125" h="481" x="17.403744" y="-116.537766">
   <element name="swap_object" layername="swap_object" frame="0" z_index="3" m_a="1.000000" m_b="0.000000" m_c="0.000000" m_d="1.000000" m_tx="9.375000" m_ty="-17.708300"/>
  </frame>
  <frame idx="900" w="125" h="481" x="17.403744" y="-116.537766">
   <element name="swap_object" layername="swap_object" frame="0" z_index="3" m_a="1.000000" m_b="0.000000" m_c="0.000000" m_d="1.000000" m_tx="9.375000" m_ty="-17.708300"/>
  </frame>
  <frame idx="925" w="125" h="481" x="17.403744" y="-116.537766">
   <element name="swap_object" layername="swap_object" frame="0" z_index="3" m_a="1.000000" m_b="0.000000" m_c="0.000000" m_d="1.000000" m_tx="9.375000" m_ty="-17.708300"/>
  </frame>
  <frame idx="950" w="125" h="481" x="17.403744" y="-116.537766">
   <element name="swap_object" layername="swap_object" frame="0" z_index="3" m_a="1.000000" m_b="0.000000" m_c="0.000000" m_d="1.000000" m_tx="9.375000" m_ty="-17.708300"/>
  </frame>
  <frame idx="975" w="125" h="481" x="17.403744" y="-116.537766">
   <element name="swap_object" layername="swap_object" frame="0" z_index="3" m_a="1.000000" m_b="0.000000" m_c="0.000000" m_d="1.000000" m_tx="9.375000" m_ty="-17.708300"/>
  </frame>
 </anim>
 <anim name="idle" root="tp_spear_shadow" numframes="1000" framerate="40">
  <frame idx="0" w="164" h="477" x="-18.574907" y="-168.703430">
   <element name="item" layername="item" frame="0" z_index="3" m_a="1.000000" m_b="0.000000" m_c="0.000000" m_d="1.000000" m_tx="0.435606" m_ty="0.018939"/>
  </frame>
  <frame idx="25" w="164" h="477" x="-18.574907" y="-168.703430">
   <element name="item" layername="item" frame="0" z_index="3" m_a="1.000000" m_b="0.000000" m_c="0.000000" m_d="1.000000" m_tx="0.435606" m_ty="0.018939"/>
  </frame>
  <frame idx="50" w="164" h="477" x="-18.574907" y="-168.703430">
   <element name="item" layername="item" frame="0" z_index="3" m_a="1.000000" m_b="0.000000" m_c="0.000000" m_d="1.000000" m_tx="0.435606" m_ty="0.018939"/>
  </frame>
  <frame idx="75" w="164" h="477" x="-18.574907" y="-168.703430">
   <element name="item" layername="item" frame="0" z_index="3" m_a="1.000000" m_b="0.000000" m_c="0.000000" m_d="1.000000" m_tx="0.435606" m_ty="0.018939"/>
  </frame>
  <frame idx="100" w="164" h="477" x="-18.574907" y="-168.703430">
   <element name="item" layername="item" frame="0" z_index="3" m_a="1.000000" m_b="0.000000" m_c="0.000000" m_d="1.000000" m_tx="0.435606" m_ty="0.018939"/>
  </frame>
  <frame idx="125" w="164" h="477" x="-18.574907" y="-168.703430">
   <element name="item" layername="item" frame="0" z_index="3" m_a="1.000000" m_b="0.000000" m_c="0.000000" m_d="1.000000" m_tx="0.435606" m_ty="0.018939"/>
  </frame>
  <frame idx="150" w="164" h="477" x="-18.574907" y="-168.703430">
   <element name="item" layername="item" frame="0" z_index="3" m_a="1.000000" m_b="0.000000" m_c="0.000000" m_d="1.000000" m_tx="0.435606" m_ty="0.018939"/>
  </frame>
  <frame idx="175" w="164" h="477" x="-18.574907" y="-168.703430">
   <element name="item" layername="item" frame="0" z_index="3" m_a="1.000000" m_b="0.000000" m_c="0.000000" m_d="1.000000" m_tx="0.435606" m_ty="0.018939"/>
  </frame>
  <frame idx="200" w="164" h="477" x="-18.574907" y="-168.703430">
   <element name="item" layername="item" frame="0" z_index="3" m_a="1.000000" m_b="0.000000" m_c="0.000000" m_d="1.000000" m_tx="0.435606" m_ty="0.018939"/>
  </frame>
  <frame idx="225" w="164" h="477" x="-18.574907" y="-168.703430">
   <element name="item" layername="item" frame="0" z_index="3" m_a="1.000000" m_b="0.000000" m_c="0.000000" m_d="1.000000" m_tx="0.435606" m_ty="0.018939"/>
  </frame>
  <frame idx="250" w="164" h="477" x="-18.574907" y="-168.703430">
   <element name="item" layername="item" frame="0" z_index="3" m_a="1.000000" m_b="0.000000" m_c="0.000000" m_d="1.000000" m_tx="0.435606" m_ty="0.018939"/>
  </frame>
  <frame idx="275" w="164" h="477" x="-18.574907" y="-168.703430">
   <element name="item" layername="item" frame="0" z_index="3" m_a="1.000000" m_b="0.000000" m_c="0.000000" m_d="1.000000" m_tx="0.435606" m_ty="0.018939"/>
  </frame>
  <frame idx="300" w="164" h="477" x="-18.574907" y="-168.703430">
   <element name="item" layername="item" frame="0" z_index="3" m_a="1.000000" m_b="0.000000" m_c="0.000000" m_d="1.000000" m_tx="0.435606" m_ty="0.018939"/>
  </frame>
  <frame idx="325" w="164" h="477" x="-18.574907" y="-168.703430">
   <element name="item" layername="item" frame="0" z_index="3" m_a="1.000000" m_b="0.000000" m_c="0.000000" m_d="1.000000" m_tx="0.435606" m_ty="0.018939"/>
  </frame>
  <frame idx="350" w="164" h="477" x="-18.574907" y="-168.703430">
   <element name="item" layername="item" frame="0" z_index="3" m_a="1.000000" m_b="0.000000" m_c="0.000000" m_d="1.000000" m_tx="0.435606" m_ty="0.018939"/>
  </frame>
  <frame idx="375" w="164" h="477" x="-18.574907" y="-168.703430">
   <element name="item" layername="item" frame="0" z_index="3" m_a="1.000000" m_b="0.000000" m_c="0.000000" m_d="1.000000" m_tx="0.435606" m_ty="0.018939"/>
  </frame>
  <frame idx="400" w="164" h="477" x="-18.574907" y="-168.703430">
   <element name="item" layername="item" frame="0" z_index="3" m_a="1.000000" m_b="0.000000" m_c="0.000000" m_d="1.000000" m_tx="0.435606" m_ty="0.018939"/>
  </frame>
  <frame idx="425" w="164" h="477" x="-18.574907" y="-168.703430">
   <element name="item" layername="item" frame="0" z_index="3" m_a="1.000000" m_b="0.000000" m_c="0.000000" m_d="1.000000" m_tx="0.435606" m_ty="0.018939"/>
  </frame>
  <frame idx="450" w="164" h="477" x="-18.574907" y="-168.703430">
   <element name="item" layername="item" frame="0" z_index="3" m_a="1.000000" m_b="0.000000" m_c="0.000000" m_d="1.000000" m_tx="0.435606" m_ty="0.018939"/>
  </frame>
  <frame idx="475" w="164" h="477" x="-18.574907" y="-168.703430">
   <element name="item" layername="item" frame="0" z_index="3" m_a="1.000000" m_b="0.000000" m_c="0.000000" m_d="1.000000" m_tx="0.435606" m_ty="0.018939"/>
  </frame>
  <frame idx="500" w="164" h="477" x="-18.574907" y="-168.703430">
   <element name="item" layername="item" frame="0" z_index="3" m_a="1.000000" m_b="0.000000" m_c="0.000000" m_d="1.000000" m_tx="0.435606" m_ty="0.018939"/>
  </frame>
  <frame idx="525" w="164" h="477" x="-18.574907" y="-168.703430">
   <element name="item" layername="item" frame="0" z_index="3" m_a="1.000000" m_b="0.000000" m_c="0.000000" m_d="1.000000" m_tx="0.435606" m_ty="0.018939"/>
  </frame>
  <frame idx="550" w="164" h="477" x="-18.574907" y="-168.703430">
   <element name="item" layername="item" frame="0" z_index="3" m_a="1.000000" m_b="0.000000" m_c="0.000000" m_d="1.000000" m_tx="0.435606" m_ty="0.018939"/>
  </frame>
  <frame idx="575" w="164" h="477" x="-18.574907" y="-168.703430">
   <element name="item" layername="item" frame="0" z_index="3" m_a="1.000000" m_b="0.000000" m_c="0.000000" m_d="1.000000" m_tx="0.435606" m_ty="0.018939"/>
  </frame>
  <frame idx="600" w="164" h="477" x="-18.574907" y="-168.703430">
   <element name="item" layername="item" frame="0" z_index="3" m_a="1.000000" m_b="0.000000" m_c="0.000000" m_d="1.000000" m_tx="0.435606" m_ty="0.018939"/>
  </frame>
  <frame idx="625" w="164" h="477" x="-18.574907" y="-168.703430">
   <element name="item" layername="item" frame="0" z_index="3" m_a="1.000000" m_b="0.000000" m_c="0.000000" m_d="1.000000" m_tx="0.435606" m_ty="0.018939"/>
  </frame>
  <frame idx="650" w="164" h="477" x="-18.574907" y="-168.703430">
   <element name="item" layername="item" frame="0" z_index="3" m_a="1.000000" m_b="0.000000" m_c="0.000000" m_d="1.000000" m_tx="0.435606" m_ty="0.018939"/>
  </frame>
  <frame idx="675" w="164" h="477" x="-18.574907" y="-168.703430">
   <element name="item" layername="item" frame="0" z_index="3" m_a="1.000000" m_b="0.000000" m_c="0.000000" m_d="1.000000" m_tx="0.435606" m_ty="0.018939"/>
  </frame>
  <frame idx="700" w="164" h="477" x="-18.574907" y="-168.703430">
   <element name="item" layername="item" frame="0" z_index="3" m_a="1.000000" m_b="0.000000" m_c="0.000000" m_d="1.000000" m_tx="0.435606" m_ty="0.018939"/>
  </frame>
  <frame idx="725" w="164" h="477" x="-18.574907" y="-168.703430">
   <element name="item" layername="item" frame="0" z_index="3" m_a="1.000000" m_b="0.000000" m_c="0.000000" m_d="1.000000" m_tx="0.435606" m_ty="0.018939"/>
  </frame>
  <frame idx="750" w="164" h="477" x="-18.574907" y="-168.703430">
   <element name="item" layername="item" frame="0" z_index="3" m_a="1.000000" m_b="0.000000" m_c="0.000000" m_d="1.000000" m_tx="0.435606" m_ty="0.018939"/>
  </frame>
  <frame idx="775" w="164" h="477" x="-18.574907" y="-168.703430">
   <element name="item" layername="item" frame="0" z_index="3" m_a="1.000000" m_b="0.000000" m_c="0.000000" m_d="1.000000" m_tx="0.435606" m_ty="0.018939"/>
  </frame>
  <frame idx="800" w="164" h="477" x="-18.574907" y="-168.703430">
   <element name="item" layername="item" frame="0" z_index="3" m_a="1.000000" m_b="0.000000" m_c="0.000000" m_d="1.000000" m_tx="0.435606" m_ty="0.018939"/>
  </frame>
  <frame idx="825" w="164" h="477" x="-18.574907" y="-168.703430">
   <element name="item" layername="item" frame="0" z_index="3" m_a="1.000000" m_b="0.000000" m_c="0.000000" m_d="1.000000" m_tx="0.435606" m_ty="0.018939"/>
  </frame>
  <frame idx="850" w="164" h="477" x="-18.574907" y="-168.703430">
   <element name="item" layername="item" frame="0" z_index="3" m_a="1.000000" m_b="0.000000" m_c="0.000000" m_d="1.000000" m_tx="0.435606" m_ty="0.018939"/>
  </frame>
  <frame idx="875" w="164" h="477" x="-18.574907" y="-168.703430">
   <element name="item" layername="item" frame="0" z_index="3" m_a="1.000000" m_b="0.000000" m_c="0.000000" m_d="1.000000" m_tx="0.435606" m_ty="0.018939"/>
  </frame>
  <frame idx="900" w="164" h="477" x="-18.574907" y="-168.703430">
   <element name="item" layername="item" frame="0" z_index="3" m_a="1.000000" m_b="0.000000" m_c="0.000000" m_d="1.000000" m_tx="0.435606" m_ty="0.018939"/>
  </frame>
  <frame idx="925" w="164" h="477" x="-18.574907" y="-168.703430">
   <element name="item" layername="item" frame="0" z_index="3" m_a="1.000000" m_b="0.000000" m_c="0.000000" m_d="1.000000" m_tx="0.435606" m_ty="0.018939"/>
  </frame>
  <frame idx="950" w="164" h="477" x="-18.574907" y="-168.703430">
   <element name="item" layername="item" frame="0" z_index="3" m_a="1.000000" m_b="0.000000" m_c="0.000000" m_d="1.000000" m_tx="0.435606" m_ty="0.018939"/>
  </frame>
  <frame idx="975" w="164" h="477" x="-18.574907" y="-168.703430">
   <element name="item" layername="item" frame="0" z_index="3" m_a="1.000000" m_b="0.000000" m_c="0.000000" m_d="1.000000" m_tx="0.435606" m_ty="0.018939"/>
  </frame>
 </anim>
 <anim name="idle_water" root="tp_spear_shadow" numframes="2000" framerate="40">
  <frame idx="0" w="360" h="244" x="-32.844620" y="-26.333397">
   <element name="item_water" layername="item_water" frame="0" z_index="3" m_a="1.000000" m_b="0.000000" m_c="0.000000" m_d="1.000000" m_tx="6.137390" m_ty="-12.500000"/>
  </frame>
  <frame idx="25" w="360" h="244" x="-32.844620" y="-26.232998">
   <element name="item_water" layername="item_water" frame="0" z_index="3" m_a="1.000000" m_b="0.000000" m_c="0.000000" m_d="1.000000" m_tx="6.137390" m_ty="-12.399600"/>
  </frame>
  <frame idx="50" w="360" h="244" x="-32.844620" y="-26.132597">
   <element name="item_water" layername="item_water" frame="0" z_index="3" m_a="1.000000" m_b="0.000000" m_c="0.000000" m_d="1.000000" m_tx="6.137390" m_ty="-12.299200"/>
  </frame>
  <frame idx="75" w="360" h="244" x="-32.844620" y="-26.036058">
   <element name="item_water" layername="item_water" frame="0" z_index="3" m_a="1.000000" m_b="0.000000" m_c="0.000000" m_d="1.000000" m_tx="6.137390" m_ty="-12.202662"/>
  </frame>
  <frame idx="100" w="360" h="244" x="-32.844620" y="-25.931797">
   <element name="item_water" layername="item_water" frame="0" z_index="3" m_a="1.000000" m_b="0.000000" m_c="0.000000" m_d="1.000000" m_tx="6.137390" m_ty="-12.098400"/>
  </frame>
  <frame idx="125" w="360" h="244" x="-32.844620" y="-25.831398">
   <element name="item_water" layername="item_water" frame="0" z_index="3" m_a="1.000000" m_b="0.000000" m_c="0.000000" m_d="1.000000" m_tx="6.137390" m_ty="-11.998000"/>
  </frame>
  <frame idx="150" w="360" h="244" x="-32.844620" y="-25.730997">
   <element name="item_water" layername="item_water" frame="0" z_index="3" m_a="1.000000" m_b="0.000000" m_c="0.000000" m_d="1.000000" m_tx="6.137390" m_ty="-11.897600"/>
  </frame>
  <frame idx="175" w="360" h="244" x="-32.844620" y="-25.630596">
   <element name="item_water" layername="item_water" frame="0" z_index="3" m_a="1.000000" m_b="0.000000" m_c="0.000000" m_d="1.000000" m_tx="6.137390" m_ty="-11.797200"/>
  </frame>
  <frame idx="200" w="360" h="244" x="-32.844620" y="-25.530197">
   <element name="item_water" layername="item_water" frame="0" z_index="3" m_a="1.000000" m_b="0.000000" m_c="0.000000" m_d="1.000000" m_tx="6.137390" m_ty="-11.696800"/>
  </frame>
  <frame idx="225" w="360" h="244" x="-32.844620" y="-25.429798">
   <element name="item_water" layername="item_water" frame="0" z_index="3" m_a="1.000000" m_b="0.000000" m_c="0.000000" m_d="1.000000" m_tx="6.137390" m_ty="-11.596400"/>
  </frame>
  <frame idx="250" w="360" h="243" x="-32.844620" y="-25.329397">
   <element name="item_water" layername="item_water" frame="0" z_index="3" m_a="1.000000" m_b="0.000000" m_c="0.000000" m_d="1.000000" m_tx="6.137390" m_ty="-11.496000"/>
  </frame>
  <frame idx="275" w="360" h="243" x="-32.844620" y="-25.228996">
   <element name="item_water" layername="item_water" frame="0" z_index="3" m_a="1.000000" m_b="0.000000" m_c="0.000000" m_d="1.000000" m_tx="6.137390" m_ty="-11.395600"/>
  </frame>
  <frame idx="300" w="360" h="243" x="-32.844620" y="-25.128597">
   <element name="item_water" layername="item_water" frame="0" z_index="3" m_a="1.000000" m_b="0.000000" m_c="0.000000" m_d="1.000000" m_tx="6.137390" m_ty="-11.295200"/>
  </frame>
  <frame idx="325" w="360" h="243" x="-32.844620" y="-25.028198">
   <element name="item_water" layername="item_water" frame="0" z_index="3" m_a="1.000000" m_b="0.000000" m_c="0.000000" m_d="1.000000" m_tx="6.137390" m_ty="-11.194800"/>
  </frame>
  <frame idx="350" w="360" h="243" x="-32.844620" y="-24.931660">
   <element name="item_water" layername="item_water" frame="0" z_index="3" m_a="1.000000" m_b="0.000000" m_c="0.000000" m_d="1.000000" m_tx="6.137390" m_ty="-11.098262"/>
  </frame>
  <frame idx="375" w="360" h="243" x="-32.844620" y="-24.831413">
   <element name="item_water" layername="item_water" frame="0" z_index="3" m_a="1.000000" m_b="0.000000" m_c="0.000000" m_d="1.000000" m_tx="6.137390" m_ty="-10.998016"/>
  </frame>
  <frame idx="400" w="360" h="243" x="-32.844620" y="-24.731014">
   <element name="item_water" layername="item_water" frame="0" z_index="3" m_a="1.000000" m_b="0.000000" m_c="0.000000" m_d="1.000000" m_tx="6.137390" m_ty="-10.897616"/>
  </frame>
  <frame idx="425" w="360" h="243" x="-32.844620" y="-24.630611">
   <element name="item_water" layername="item_water" frame="0" z_index="3" m_a="1.000000" m_b="0.000000" m_c="0.000000" m_d="1.000000" m_tx="6.137390" m_ty="-10.797215"/>
  </frame>
  <frame idx="450" w="360" h="243" x="-32.844620" y="-24.530212">
   <element name="item_water" layername="item_water" frame="0" z_index="3" m_a="1.000000" m_b="0.000000" m_c="0.000000" m_d="1.000000" m_tx="6.137390" m_ty="-10.696815"/>
  </frame>
  <frame idx="475" w="360" h="243" x="-32.844620" y="-24.429813">
   <element name="item_water" layername="item_water" frame="0" z_index="3" m_a="1.000000" m_b="0.000000" m_c="0.000000" m_d="1.000000" m_tx="6.137390" m_ty="-10.596416"/>
  </frame>
  <frame idx="500" w="360" h="242" x="-32.844620" y="-24.329412">
   <element name="item_water" layername="item_water" frame="0" z_index="3" m_a="1.000000" m_b="0.000000" m_c="0.000000" m_d="1.000000" m_tx="6.137390" m_ty="-10.496016"/>
  </frame>
  <frame idx="525" w="360" h="242" x="-32.844620" y="-24.229012">
   <element name="item_water" layername="item_water" frame="0" z_index="3" m_a="1.000000" m_b="0.000000" m_c="0.000000" m_d="1.000000" m_tx="6.137390" m_ty="-10.395616"/>
  </frame>
  <frame idx="550" w="360" h="242" x="-32.844620" y="-24.128613">
   <element name="item_water" layername="item_water" frame="0" z_index="3" m_a="1.000000" m_b="0.000000" m_c="0.000000" m_d="1.000000" m_tx="6.137390" m_ty="-10.295216"/>
  </frame>
  <frame idx="575" w="360" h="242" x="-32.844620" y="-24.028214">
   <element name="item_water" layername="item_water" frame="0" z_index="3" m_a="1.000000" m_b="0.000000" m_c="0.000000" m_d="1.000000" m_tx="6.137390" m_ty="-10.194816"/>
  </frame>
  <frame idx="600" w="360" h="242" x="-32.844620" y="-23.927813">
   <element name="item_water" layername="item_water" frame="0" z_index="3" m_a="1.000000" m_b="0.000000" m_c="0.000000" m_d="1.000000" m_tx="6.137390" m_ty="-10.094416"/>
  </frame>
  <frame idx="625" w="360" h="242" x="-32.844620" y="-23.827374">
   <element name="item_water" layername="item_water" frame="0" z_index="3" m_a="1.000000" m_b="0.000000" m_c="0.000000" m_d="1.000000" m_tx="6.137390" m_ty="-9.993978"/>
  </frame>
  <frame idx="650" w="360" h="242" x="-32.844620" y="-23.726973">
   <element name="item_water" layername="item_water" frame="0" z_index="3" m_a="1.000000" m_b="0.000000" m_c="0.000000" m_d="1.000000" m_tx="6.137390" m_ty="-9.893576"/>
  </frame>
  <frame idx="675" w="360" h="242" x="-32.844620" y="-23.626572">
   <element name="item_water" layername="item_water" frame="0" z_index="3" m_a="1.000000" m_b="0.000000" m_c="0.000000" m_d="1.000000" m_tx="6.137390" m_ty="-9.793176"/>
  </frame>
  <frame idx="700" w="360" h="242" x="-32.844620" y="-23.526173">
   <element name="item_water" layername="item_water" frame="0" z_index="3" m_a="1.000000" m_b="0.000000" m_c="0.000000" m_d="1.000000" m_tx="6.137390" m_ty="-9.692776"/>
  </frame>
  <frame idx="725" w="360" h="242" x="-32.844620" y="-23.425762">
   <element name="item_water" layername="item_water" frame="0" z_index="3" m_a="1.000000" m_b="0.000000" m_c="0.000000" m_d="1.000000" m_tx="6.137390" m_ty="-9.592366"/>
  </frame>
  <frame idx="750" w="360" h="241" x="-32.844620" y="-23.325363">
   <element name="item_water" layername="item_water" frame="0" z_index="3" m_a="1.000000" m_b="0.000000" m_c="0.000000" m_d="1.000000" m_tx="6.137390" m_ty="-9.491966"/>
  </frame>
  <frame idx="775" w="360" h="241" x="-32.844620" y="-23.224964">
   <element name="item_water" layername="item_water" frame="0" z_index="3" m_a="1.000000" m_b="0.000000" m_c="0.000000" m_d="1.000000" m_tx="6.137390" m_ty="-9.391566"/>
  </frame>
  <frame idx="800" w="360" h="241" x="-32.844620" y="-23.124563">
   <element name="item_water" layername="item_water" frame="0" z_index="3" m_a="1.000000" m_b="0.000000" m_c="0.000000" m_d="1.000000" m_tx="6.137390" m_ty="-9.291166"/>
  </frame>
  <frame idx="825" w="360" h="241" x="-32.844620" y="-23.024162">
   <element name="item_water" layername="item_water" frame="0" z_index="3" m_a="1.000000" m_b="0.000000" m_c="0.000000" m_d="1.000000" m_tx="6.137390" m_ty="-9.190766"/>
  </frame>
  <frame idx="850" w="360" h="241" x="-32.844620" y="-22.923763">
   <element name="item_water" layername="item_water" frame="0" z_index="3" m_a="1.000000" m_b="0.000000" m_c="0.000000" m_d="1.000000" m_tx="6.137390" m_ty="-9.090366"/>
  </frame>
  <frame idx="875" w="360" h="241" x="-32.844620" y="-22.823353">
   <element name="item_water" layername="item_water" frame="0" z_index="3" m_a="1.000000" m_b="0.000000" m_c="0.000000" m_d="1.000000" m_tx="6.137390" m_ty="-8.989957"/>
  </frame>
  <frame idx="900" w="360" h="241" x="-32.844620" y="-22.722954">
   <element name="item_water" layername="item_water" frame="0" z_index="3" m_a="1.000000" m_b="0.000000" m_c="0.000000" m_d="1.000000" m_tx="6.137390" m_ty="-8.889556"/>
  </frame>
  <frame idx="925" w="360" h="241" x="-32.844620" y="-22.622553">
   <element name="item_water" layername="item_water" frame="0" z_index="3" m_a="1.000000" m_b="0.000000" m_c="0.000000" m_d="1.000000" m_tx="6.137390" m_ty="-8.789156"/>
  </frame>
  <frame idx="950" w="360" h="241" x="-32.844620" y="-22.522152">
   <element name="item_water" layername="item_water" frame="0" z_index="3" m_a="1.000000" m_b="0.000000" m_c="0.000000" m_d="1.000000" m_tx="6.137390" m_ty="-8.688756"/>
  </frame>
  <frame idx="975" w="360" h="241" x="-32.844620" y="-22.421753">
   <element name="item_water" layername="item_water" frame="0" z_index="3" m_a="1.000000" m_b="0.000000" m_c="0.000000" m_d="1.000000" m_tx="6.137390" m_ty="-8.588356"/>
  </frame>
  <frame idx="1000" w="360" h="241" x="-32.844620" y="-22.352074">
   <element name="item_water" layername="item_water" frame="0" z_index="3" m_a="1.000000" m_b="0.000000" m_c="0.000000" m_d="1.000000" m_tx="6.137390" m_ty="-8.518676"/>
  </frame>
  <frame idx="1025" w="360" h="241" x="-32.844620" y="-22.444952">
   <element name="item_water" layername="item_water" frame="0" z_index="3" m_a="1.000000" m_b="0.000000" m_c="0.000000" m_d="1.000000" m_tx="6.137390" m_ty="-8.611555"/>
  </frame>
  <frame idx="1050" w="360" h="241" x="-32.844620" y="-22.544552">
   <element name="item_water" layername="item_water" frame="0" z_index="3" m_a="1.000000" m_b="0.000000" m_c="0.000000" m_d="1.000000" m_tx="6.137390" m_ty="-8.711156"/>
  </frame>
  <frame idx="1075" w="360" h="241" x="-32.844620" y="-22.644154">
   <element name="item_water" layername="item_water" frame="0" z_index="3" m_a="1.000000" m_b="0.000000" m_c="0.000000" m_d="1.000000" m_tx="6.137390" m_ty="-8.810756"/>
  </frame>
  <frame idx="1100" w="360" h="241" x="-32.844620" y="-22.747738">
   <element name="item_water" layername="item_water" frame="0" z_index="3" m_a="1.000000" m_b="0.000000" m_c="0.000000" m_d="1.000000" m_tx="6.137390" m_ty="-8.914340"/>
  </frame>
  <frame idx="1125" w="360" h="241" x="-32.844620" y="-22.847336">
   <element name="item_water" layername="item_water" frame="0" z_index="3" m_a="1.000000" m_b="0.000000" m_c="0.000000" m_d="1.000000" m_tx="6.137390" m_ty="-9.013940"/>
  </frame>
  <frame idx="1150" w="360" h="241" x="-32.844620" y="-22.946947">
   <element name="item_water" layername="item_water" frame="0" z_index="3" m_a="1.000000" m_b="0.000000" m_c="0.000000" m_d="1.000000" m_tx="6.137390" m_ty="-9.113550"/>
  </frame>
  <frame idx="1175" w="360" h="241" x="-32.844620" y="-23.046547">
   <element name="item_water" layername="item_water" frame="0" z_index="3" m_a="1.000000" m_b="0.000000" m_c="0.000000" m_d="1.000000" m_tx="6.137390" m_ty="-9.213150"/>
  </frame>
  <frame idx="1200" w="360" h="241" x="-32.844620" y="-23.146147">
   <element name="item_water" layername="item_water" frame="0" z_index="3" m_a="1.000000" m_b="0.000000" m_c="0.000000" m_d="1.000000" m_tx="6.137390" m_ty="-9.312750"/>
  </frame>
  <frame idx="1225" w="360" h="241" x="-32.844620" y="-23.245747">
   <element name="item_water" layername="item_water" frame="0" z_index="3" m_a="1.000000" m_b="0.000000" m_c="0.000000" m_d="1.000000" m_tx="6.137390" m_ty="-9.412350"/>
  </frame>
  <frame idx="1250" w="360" h="242" x="-32.844620" y="-23.345346">
   <element name="item_water" layername="item_water" frame="0" z_index="3" m_a="1.000000" m_b="0.000000" m_c="0.000000" m_d="1.000000" m_tx="6.137390" m_ty="-9.511950"/>
  </frame>
  <frame idx="1275" w="360" h="242" x="-32.844620" y="-23.444946">
   <element name="item_water" layername="item_water" frame="0" z_index="3" m_a="1.000000" m_b="0.000000" m_c="0.000000" m_d="1.000000" m_tx="6.137390" m_ty="-9.611550"/>
  </frame>
  <frame idx="1300" w="360" h="242" x="-32.844620" y="-23.544548">
   <element name="item_water" layername="item_water" frame="0" z_index="3" m_a="1.000000" m_b="0.000000" m_c="0.000000" m_d="1.000000" m_tx="6.137390" m_ty="-9.711150"/>
  </frame>
  <frame idx="1325" w="360" h="242" x="-32.844620" y="-23.644157">
   <element name="item_water" layername="item_water" frame="0" z_index="3" m_a="1.000000" m_b="0.000000" m_c="0.000000" m_d="1.000000" m_tx="6.137390" m_ty="-9.810760"/>
  </frame>
  <frame idx="1350" w="360" h="242" x="-32.844620" y="-23.743757">
   <element name="item_water" layername="item_water" frame="0" z_index="3" m_a="1.000000" m_b="0.000000" m_c="0.000000" m_d="1.000000" m_tx="6.137390" m_ty="-9.910360"/>
  </frame>
  <frame idx="1375" w="360" h="242" x="-32.844620" y="-23.843397">
   <element name="item_water" layername="item_water" frame="0" z_index="3" m_a="1.000000" m_b="0.000000" m_c="0.000000" m_d="1.000000" m_tx="6.137390" m_ty="-10.010000"/>
  </frame>
  <frame idx="1400" w="360" h="242" x="-32.844620" y="-23.942997">
   <element name="item_water" layername="item_water" frame="0" z_index="3" m_a="1.000000" m_b="0.000000" m_c="0.000000" m_d="1.000000" m_tx="6.137390" m_ty="-10.109600"/>
  </frame>
  <frame idx="1425" w="360" h="242" x="-32.844620" y="-24.042597">
   <element name="item_water" layername="item_water" frame="0" z_index="3" m_a="1.000000" m_b="0.000000" m_c="0.000000" m_d="1.000000" m_tx="6.137390" m_ty="-10.209200"/>
  </frame>
  <frame idx="1450" w="360" h="242" x="-32.844620" y="-24.142197">
   <element name="item_water" layername="item_water" frame="0" z_index="3" m_a="1.000000" m_b="0.000000" m_c="0.000000" m_d="1.000000" m_tx="6.137390" m_ty="-10.308800"/>
  </frame>
  <frame idx="1475" w="360" h="242" x="-32.844620" y="-24.241796">
   <element name="item_water" layername="item_water" frame="0" z_index="3" m_a="1.000000" m_b="0.000000" m_c="0.000000" m_d="1.000000" m_tx="6.137390" m_ty="-10.408400"/>
  </frame>
  <frame idx="1500" w="360" h="242" x="-32.844620" y="-24.341396">
   <element name="item_water" layername="item_water" frame="0" z_index="3" m_a="1.000000" m_b="0.000000" m_c="0.000000" m_d="1.000000" m_tx="6.137390" m_ty="-10.508000"/>
  </frame>
  <frame idx="1525" w="360" h="243" x="-32.844620" y="-24.440998">
   <element name="item_water" layername="item_water" frame="0" z_index="3" m_a="1.000000" m_b="0.000000" m_c="0.000000" m_d="1.000000" m_tx="6.137390" m_ty="-10.607600"/>
  </frame>
  <frame idx="1550" w="360" h="243" x="-32.844620" y="-24.540596">
   <element name="item_water" layername="item_water" frame="0" z_index="3" m_a="1.000000" m_b="0.000000" m_c="0.000000" m_d="1.000000" m_tx="6.137390" m_ty="-10.707200"/>
  </frame>
  <frame idx="1575" w="360" h="243" x="-32.844620" y="-24.640198">
   <element name="item_water" layername="item_water" frame="0" z_index="3" m_a="1.000000" m_b="0.000000" m_c="0.000000" m_d="1.000000" m_tx="6.137390" m_ty="-10.806800"/>
  </frame>
  <frame idx="1600" w="360" h="243" x="-32.844620" y="-24.739796">
   <element name="item_water" layername="item_water" frame="0" z_index="3" m_a="1.000000" m_b="0.000000" m_c="0.000000" m_d="1.000000" m_tx="6.137390" m_ty="-10.906400"/>
  </frame>
  <frame idx="1625" w="360" h="243" x="-32.844620" y="-24.839397">
   <element name="item_water" layername="item_water" frame="0" z_index="3" m_a="1.000000" m_b="0.000000" m_c="0.000000" m_d="1.000000" m_tx="6.137390" m_ty="-11.006000"/>
  </frame>
  <frame idx="1650" w="360" h="243" x="-32.844620" y="-24.938997">
   <element name="item_water" layername="item_water" frame="0" z_index="3" m_a="1.000000" m_b="0.000000" m_c="0.000000" m_d="1.000000" m_tx="6.137390" m_ty="-11.105600"/>
  </frame>
  <frame idx="1675" w="360" h="243" x="-32.844620" y="-25.038597">
   <element name="item_water" layername="item_water" frame="0" z_index="3" m_a="1.000000" m_b="0.000000" m_c="0.000000" m_d="1.000000" m_tx="6.137390" m_ty="-11.205200"/>
  </frame>
  <frame idx="1700" w="360" h="243" x="-32.844620" y="-25.138197">
   <element name="item_water" layername="item_water" frame="0" z_index="3" m_a="1.000000" m_b="0.000000" m_c="0.000000" m_d="1.000000" m_tx="6.137390" m_ty="-11.304800"/>
  </frame>
  <frame idx="1725" w="360" h="243" x="-32.844620" y="-25.237797">
   <element name="item_water" layername="item_water" frame="0" z_index="3" m_a="1.000000" m_b="0.000000" m_c="0.000000" m_d="1.000000" m_tx="6.137390" m_ty="-11.404400"/>
  </frame>
  <frame idx="1750" w="360" h="243" x="-32.844620" y="-25.337397">
   <element name="item_water" layername="item_water" frame="0" z_index="3" m_a="1.000000" m_b="0.000000" m_c="0.000000" m_d="1.000000" m_tx="6.137390" m_ty="-11.504000"/>
  </frame>
  <frame idx="1775" w="360" h="244" x="-32.844620" y="-25.436996">
   <element name="item_water" layername="item_water" frame="0" z_index="3" m_a="1.000000" m_b="0.000000" m_c="0.000000" m_d="1.000000" m_tx="6.137390" m_ty="-11.603600"/>
  </frame>
  <frame idx="1800" w="360" h="244" x="-32.844620" y="-25.536598">
   <element name="item_water" layername="item_water" frame="0" z_index="3" m_a="1.000000" m_b="0.000000" m_c="0.000000" m_d="1.000000" m_tx="6.137390" m_ty="-11.703200"/>
  </frame>
  <frame idx="1825" w="360" h="244" x="-32.844620" y="-25.636196">
   <element name="item_water" layername="item_water" frame="0" z_index="3" m_a="1.000000" m_b="0.000000" m_c="0.000000" m_d="1.000000" m_tx="6.137390" m_ty="-11.802800"/>
  </frame>
  <frame idx="1850" w="360" h="244" x="-32.844620" y="-25.735798">
   <element name="item_water" layername="item_water" frame="0" z_index="3" m_a="1.000000" m_b="0.000000" m_c="0.000000" m_d="1.000000" m_tx="6.137390" m_ty="-11.902400"/>
  </frame>
  <frame idx="1875" w="360" h="244" x="-32.844620" y="-25.835396">
   <element name="item_water" layername="item_water" frame="0" z_index="3" m_a="1.000000" m_b="0.000000" m_c="0.000000" m_d="1.000000" m_tx="6.137390" m_ty="-12.002000"/>
  </frame>
  <frame idx="1900" w="360" h="244" x="-32.844620" y="-25.934998">
   <element name="item_water" layername="item_water" frame="0" z_index="3" m_a="1.000000" m_b="0.000000" m_c="0.000000" m_d="1.000000" m_tx="6.137390" m_ty="-12.101600"/>
  </frame>
  <frame idx="1925" w="360" h="244" x="-32.844620" y="-26.034595">
   <element name="item_water" layername="item_water" frame="0" z_index="3" m_a="1.000000" m_b="0.000000" m_c="0.000000" m_d="1.000000" m_tx="6.137390" m_ty="-12.201200"/>
  </frame>
  <frame idx="1950" w="360" h="244" x="-32.844620" y="-26.134197">
   <element name="item_water" layername="item_water" frame="0" z_index="3" m_a="1.000000" m_b="0.000000" m_c="0.000000" m_d="1.000000" m_tx="6.137390" m_ty="-12.300800"/>
  </frame>
  <frame idx="1975" w="360" h="244" x="-32.844620" y="-26.233797">
   <element name="item_water" layername="item_water" frame="0" z_index="3" m_a="1.000000" m_b="0.000000" m_c="0.000000" m_d="1.000000" m_tx="6.137390" m_ty="-12.400400"/>
  </frame>
 </anim>
</Anims>
