<Anims>
 <anim name="BUILD" root="tp_ruinbat_moose" numframes="1000" framerate="40">
  <frame idx="0" w="226" h="689" x="-17.130785" y="-184.702316">
   <element name="swap_object" layername="swap_object" frame="0" z_index="3" m_a="1.000000" m_b="0.000000" m_c="0.000000" m_d="1.000000" m_tx="1.004599" m_ty="-10.263376"/>
  </frame>
  <frame idx="25" w="226" h="413" x="84.375000" y="169.791626">
   <element name="swap_object" layername="swap_object" frame="0" z_index="3" m_a="1.000000" m_b="0.000000" m_c="0.000000" m_d="1.000000" m_tx="102.510384" m_ty="321.230560"/>
  </frame>
  <frame idx="50" w="226" h="413" x="84.375000" y="169.791626">
   <element name="swap_object" layername="swap_object" frame="0" z_index="3" m_a="1.000000" m_b="0.000000" m_c="0.000000" m_d="1.000000" m_tx="102.510384" m_ty="321.230560"/>
  </frame>
  <frame idx="75" w="226" h="413" x="84.375000" y="169.791626">
   <element name="swap_object" layername="swap_object" frame="0" z_index="3" m_a="1.000000" m_b="0.000000" m_c="0.000000" m_d="1.000000" m_tx="102.510384" m_ty="321.230560"/>
  </frame>
  <frame idx="100" w="226" h="413" x="84.375000" y="169.791626">
   <element name="swap_object" layername="swap_object" frame="0" z_index="3" m_a="1.000000" m_b="0.000000" m_c="0.000000" m_d="1.000000" m_tx="102.510384" m_ty="321.230560"/>
  </frame>
  <frame idx="125" w="226" h="413" x="84.375000" y="169.791626">
   <element name="swap_object" layername="swap_object" frame="0" z_index="3" m_a="1.000000" m_b="0.000000" m_c="0.000000" m_d="1.000000" m_tx="102.510384" m_ty="321.230560"/>
  </frame>
  <frame idx="150" w="226" h="413" x="84.375000" y="169.791626">
   <element name="swap_object" layername="swap_object" frame="0" z_index="3" m_a="1.000000" m_b="0.000000" m_c="0.000000" m_d="1.000000" m_tx="102.510384" m_ty="321.230560"/>
  </frame>
  <frame idx="175" w="226" h="413" x="84.375000" y="169.791626">
   <element name="swap_object" layername="swap_object" frame="0" z_index="3" m_a="1.000000" m_b="0.000000" m_c="0.000000" m_d="1.000000" m_tx="102.510384" m_ty="321.230560"/>
  </frame>
  <frame idx="200" w="226" h="413" x="84.375000" y="169.791626">
   <element name="swap_object" layername="swap_object" frame="0" z_index="3" m_a="1.000000" m_b="0.000000" m_c="0.000000" m_d="1.000000" m_tx="102.510384" m_ty="321.230560"/>
  </frame>
  <frame idx="225" w="226" h="413" x="84.375000" y="169.791626">
   <element name="swap_object" layername="swap_object" frame="0" z_index="3" m_a="1.000000" m_b="0.000000" m_c="0.000000" m_d="1.000000" m_tx="102.510384" m_ty="321.230560"/>
  </frame>
  <frame idx="250" w="226" h="413" x="84.375000" y="169.791626">
   <element name="swap_object" layername="swap_object" frame="0" z_index="3" m_a="1.000000" m_b="0.000000" m_c="0.000000" m_d="1.000000" m_tx="102.510384" m_ty="321.230560"/>
  </frame>
  <frame idx="275" w="226" h="413" x="84.375000" y="169.791626">
   <element name="swap_object" layername="swap_object" frame="0" z_index="3" m_a="1.000000" m_b="0.000000" m_c="0.000000" m_d="1.000000" m_tx="102.510384" m_ty="321.230560"/>
  </frame>
  <frame idx="300" w="226" h="413" x="84.375000" y="169.791626">
   <element name="swap_object" layername="swap_object" frame="0" z_index="3" m_a="1.000000" m_b="0.000000" m_c="0.000000" m_d="1.000000" m_tx="102.510384" m_ty="321.230560"/>
  </frame>
  <frame idx="325" w="226" h="413" x="84.375000" y="169.791626">
   <element name="swap_object" layername="swap_object" frame="0" z_index="3" m_a="1.000000" m_b="0.000000" m_c="0.000000" m_d="1.000000" m_tx="102.510384" m_ty="321.230560"/>
  </frame>
  <frame idx="350" w="226" h="413" x="84.375000" y="169.791626">
   <element name="swap_object" layername="swap_object" frame="0" z_index="3" m_a="1.000000" m_b="0.000000" m_c="0.000000" m_d="1.000000" m_tx="102.510384" m_ty="321.230560"/>
  </frame>
  <frame idx="375" w="226" h="413" x="84.375000" y="169.791626">
   <element name="swap_object" layername="swap_object" frame="0" z_index="3" m_a="1.000000" m_b="0.000000" m_c="0.000000" m_d="1.000000" m_tx="102.510384" m_ty="321.230560"/>
  </frame>
  <frame idx="400" w="226" h="413" x="84.375000" y="169.791626">
   <element name="swap_object" layername="swap_object" frame="0" z_index="3" m_a="1.000000" m_b="0.000000" m_c="0.000000" m_d="1.000000" m_tx="102.510384" m_ty="321.230560"/>
  </frame>
  <frame idx="425" w="226" h="413" x="84.375000" y="169.791626">
   <element name="swap_object" layername="swap_object" frame="0" z_index="3" m_a="1.000000" m_b="0.000000" m_c="0.000000" m_d="1.000000" m_tx="102.510384" m_ty="321.230560"/>
  </frame>
  <frame idx="450" w="226" h="413" x="84.375000" y="169.791626">
   <element name="swap_object" layername="swap_object" frame="0" z_index="3" m_a="1.000000" m_b="0.000000" m_c="0.000000" m_d="1.000000" m_tx="102.510384" m_ty="321.230560"/>
  </frame>
  <frame idx="475" w="226" h="413" x="84.375000" y="169.791626">
   <element name="swap_object" layername="swap_object" frame="0" z_index="3" m_a="1.000000" m_b="0.000000" m_c="0.000000" m_d="1.000000" m_tx="102.510384" m_ty="321.230560"/>
  </frame>
  <frame idx="500" w="226" h="413" x="84.375000" y="169.791626">
   <element name="swap_object" layername="swap_object" frame="0" z_index="3" m_a="1.000000" m_b="0.000000" m_c="0.000000" m_d="1.000000" m_tx="102.510384" m_ty="321.230560"/>
  </frame>
  <frame idx="525" w="226" h="413" x="84.375000" y="169.791626">
   <element name="swap_object" layername="swap_object" frame="0" z_index="3" m_a="1.000000" m_b="0.000000" m_c="0.000000" m_d="1.000000" m_tx="102.510384" m_ty="321.230560"/>
  </frame>
  <frame idx="550" w="226" h="413" x="84.375000" y="169.791626">
   <element name="swap_object" layername="swap_object" frame="0" z_index="3" m_a="1.000000" m_b="0.000000" m_c="0.000000" m_d="1.000000" m_tx="102.510384" m_ty="321.230560"/>
  </frame>
  <frame idx="575" w="226" h="413" x="84.375000" y="169.791626">
   <element name="swap_object" layername="swap_object" frame="0" z_index="3" m_a="1.000000" m_b="0.000000" m_c="0.000000" m_d="1.000000" m_tx="102.510384" m_ty="321.230560"/>
  </frame>
  <frame idx="600" w="226" h="413" x="84.375000" y="169.791626">
   <element name="swap_object" layername="swap_object" frame="0" z_index="3" m_a="1.000000" m_b="0.000000" m_c="0.000000" m_d="1.000000" m_tx="102.510384" m_ty="321.230560"/>
  </frame>
  <frame idx="625" w="226" h="413" x="84.375000" y="169.791626">
   <element name="swap_object" layername="swap_object" frame="0" z_index="3" m_a="1.000000" m_b="0.000000" m_c="0.000000" m_d="1.000000" m_tx="102.510384" m_ty="321.230560"/>
  </frame>
  <frame idx="650" w="226" h="413" x="84.375000" y="169.791626">
   <element name="swap_object" layername="swap_object" frame="0" z_index="3" m_a="1.000000" m_b="0.000000" m_c="0.000000" m_d="1.000000" m_tx="102.510384" m_ty="321.230560"/>
  </frame>
  <frame idx="675" w="226" h="413" x="84.375000" y="169.791626">
   <element name="swap_object" layername="swap_object" frame="0" z_index="3" m_a="1.000000" m_b="0.000000" m_c="0.000000" m_d="1.000000" m_tx="102.510384" m_ty="321.230560"/>
  </frame>
  <frame idx="700" w="226" h="413" x="84.375000" y="169.791626">
   <element name="swap_object" layername="swap_object" frame="0" z_index="3" m_a="1.000000" m_b="0.000000" m_c="0.000000" m_d="1.000000" m_tx="102.510384" m_ty="321.230560"/>
  </frame>
  <frame idx="725" w="226" h="413" x="84.375000" y="169.791626">
   <element name="swap_object" layername="swap_object" frame="0" z_index="3" m_a="1.000000" m_b="0.000000" m_c="0.000000" m_d="1.000000" m_tx="102.510384" m_ty="321.230560"/>
  </frame>
  <frame idx="750" w="226" h="413" x="84.375000" y="169.791626">
   <element name="swap_object" layername="swap_object" frame="0" z_index="3" m_a="1.000000" m_b="0.000000" m_c="0.000000" m_d="1.000000" m_tx="102.510384" m_ty="321.230560"/>
  </frame>
  <frame idx="775" w="226" h="413" x="84.375000" y="169.791626">
   <element name="swap_object" layername="swap_object" frame="0" z_index="3" m_a="1.000000" m_b="0.000000" m_c="0.000000" m_d="1.000000" m_tx="102.510384" m_ty="321.230560"/>
  </frame>
  <frame idx="800" w="226" h="413" x="84.375000" y="169.791626">
   <element name="swap_object" layername="swap_object" frame="0" z_index="3" m_a="1.000000" m_b="0.000000" m_c="0.000000" m_d="1.000000" m_tx="102.510384" m_ty="321.230560"/>
  </frame>
  <frame idx="825" w="226" h="413" x="84.375000" y="169.791626">
   <element name="swap_object" layername="swap_object" frame="0" z_index="3" m_a="1.000000" m_b="0.000000" m_c="0.000000" m_d="1.000000" m_tx="102.510384" m_ty="321.230560"/>
  </frame>
  <frame idx="850" w="226" h="413" x="84.375000" y="169.791626">
   <element name="swap_object" layername="swap_object" frame="0" z_index="3" m_a="1.000000" m_b="0.000000" m_c="0.000000" m_d="1.000000" m_tx="102.510384" m_ty="321.230560"/>
  </frame>
  <frame idx="875" w="226" h="413" x="84.375000" y="169.791626">
   <element name="swap_object" layername="swap_object" frame="0" z_index="3" m_a="1.000000" m_b="0.000000" m_c="0.000000" m_d="1.000000" m_tx="102.510384" m_ty="321.230560"/>
  </frame>
  <frame idx="900" w="226" h="413" x="84.375000" y="169.791626">
   <element name="swap_object" layername="swap_object" frame="0" z_index="3" m_a="1.000000" m_b="0.000000" m_c="0.000000" m_d="1.000000" m_tx="102.510384" m_ty="321.230560"/>
  </frame>
  <frame idx="925" w="226" h="413" x="84.375000" y="169.791626">
   <element name="swap_object" layername="swap_object" frame="0" z_index="3" m_a="1.000000" m_b="0.000000" m_c="0.000000" m_d="1.000000" m_tx="102.510384" m_ty="321.230560"/>
  </frame>
  <frame idx="950" w="226" h="413" x="84.375000" y="169.791626">
   <element name="swap_object" layername="swap_object" frame="0" z_index="3" m_a="1.000000" m_b="0.000000" m_c="0.000000" m_d="1.000000" m_tx="102.510384" m_ty="321.230560"/>
  </frame>
  <frame idx="975" w="226" h="413" x="84.375000" y="169.791626">
   <element name="swap_object" layername="swap_object" frame="0" z_index="3" m_a="1.000000" m_b="0.000000" m_c="0.000000" m_d="1.000000" m_tx="102.510384" m_ty="321.230560"/>
  </frame>
 </anim>
 <anim name="idle" root="tp_ruinbat_moose" numframes="1000" framerate="40">
  <frame idx="0" w="327" h="725" x="-37.085419" y="-257.350586">
   <element name="item" layername="item" frame="0" z_index="3" m_a="1.000000" m_b="0.000000" m_c="0.000000" m_d="1.000000" m_tx="0.435606" m_ty="0.018939"/>
  </frame>
  <frame idx="25" w="327" h="725" x="-37.085419" y="-257.350586">
   <element name="item" layername="item" frame="0" z_index="3" m_a="1.000000" m_b="0.000000" m_c="0.000000" m_d="1.000000" m_tx="0.435606" m_ty="0.018939"/>
  </frame>
  <frame idx="50" w="327" h="725" x="-37.085419" y="-257.350586">
   <element name="item" layername="item" frame="0" z_index="3" m_a="1.000000" m_b="0.000000" m_c="0.000000" m_d="1.000000" m_tx="0.435606" m_ty="0.018939"/>
  </frame>
  <frame idx="75" w="327" h="725" x="-37.085419" y="-257.350586">
   <element name="item" layername="item" frame="0" z_index="3" m_a="1.000000" m_b="0.000000" m_c="0.000000" m_d="1.000000" m_tx="0.435606" m_ty="0.018939"/>
  </frame>
  <frame idx="100" w="327" h="725" x="-37.085419" y="-257.350586">
   <element name="item" layername="item" frame="0" z_index="3" m_a="1.000000" m_b="0.000000" m_c="0.000000" m_d="1.000000" m_tx="0.435606" m_ty="0.018939"/>
  </frame>
  <frame idx="125" w="327" h="725" x="-37.085419" y="-257.350586">
   <element name="item" layername="item" frame="0" z_index="3" m_a="1.000000" m_b="0.000000" m_c="0.000000" m_d="1.000000" m_tx="0.435606" m_ty="0.018939"/>
  </frame>
  <frame idx="150" w="327" h="725" x="-37.085419" y="-257.350586">
   <element name="item" layername="item" frame="0" z_index="3" m_a="1.000000" m_b="0.000000" m_c="0.000000" m_d="1.000000" m_tx="0.435606" m_ty="0.018939"/>
  </frame>
  <frame idx="175" w="327" h="725" x="-37.085419" y="-257.350586">
   <element name="item" layername="item" frame="0" z_index="3" m_a="1.000000" m_b="0.000000" m_c="0.000000" m_d="1.000000" m_tx="0.435606" m_ty="0.018939"/>
  </frame>
  <frame idx="200" w="327" h="725" x="-37.085419" y="-257.350586">
   <element name="item" layername="item" frame="0" z_index="3" m_a="1.000000" m_b="0.000000" m_c="0.000000" m_d="1.000000" m_tx="0.435606" m_ty="0.018939"/>
  </frame>
  <frame idx="225" w="327" h="725" x="-37.085419" y="-257.350586">
   <element name="item" layername="item" frame="0" z_index="3" m_a="1.000000" m_b="0.000000" m_c="0.000000" m_d="1.000000" m_tx="0.435606" m_ty="0.018939"/>
  </frame>
  <frame idx="250" w="327" h="725" x="-37.085419" y="-257.350586">
   <element name="item" layername="item" frame="0" z_index="3" m_a="1.000000" m_b="0.000000" m_c="0.000000" m_d="1.000000" m_tx="0.435606" m_ty="0.018939"/>
  </frame>
  <frame idx="275" w="327" h="725" x="-37.085419" y="-257.350586">
   <element name="item" layername="item" frame="0" z_index="3" m_a="1.000000" m_b="0.000000" m_c="0.000000" m_d="1.000000" m_tx="0.435606" m_ty="0.018939"/>
  </frame>
  <frame idx="300" w="327" h="725" x="-37.085419" y="-257.350586">
   <element name="item" layername="item" frame="0" z_index="3" m_a="1.000000" m_b="0.000000" m_c="0.000000" m_d="1.000000" m_tx="0.435606" m_ty="0.018939"/>
  </frame>
  <frame idx="325" w="327" h="725" x="-37.085419" y="-257.350586">
   <element name="item" layername="item" frame="0" z_index="3" m_a="1.000000" m_b="0.000000" m_c="0.000000" m_d="1.000000" m_tx="0.435606" m_ty="0.018939"/>
  </frame>
  <frame idx="350" w="327" h="725" x="-37.085419" y="-257.350586">
   <element name="item" layername="item" frame="0" z_index="3" m_a="1.000000" m_b="0.000000" m_c="0.000000" m_d="1.000000" m_tx="0.435606" m_ty="0.018939"/>
  </frame>
  <frame idx="375" w="327" h="725" x="-37.085419" y="-257.350586">
   <element name="item" layername="item" frame="0" z_index="3" m_a="1.000000" m_b="0.000000" m_c="0.000000" m_d="1.000000" m_tx="0.435606" m_ty="0.018939"/>
  </frame>
  <frame idx="400" w="327" h="725" x="-37.085419" y="-257.350586">
   <element name="item" layername="item" frame="0" z_index="3" m_a="1.000000" m_b="0.000000" m_c="0.000000" m_d="1.000000" m_tx="0.435606" m_ty="0.018939"/>
  </frame>
  <frame idx="425" w="327" h="725" x="-37.085419" y="-257.350586">
   <element name="item" layername="item" frame="0" z_index="3" m_a="1.000000" m_b="0.000000" m_c="0.000000" m_d="1.000000" m_tx="0.435606" m_ty="0.018939"/>
  </frame>
  <frame idx="450" w="327" h="725" x="-37.085419" y="-257.350586">
   <element name="item" layername="item" frame="0" z_index="3" m_a="1.000000" m_b="0.000000" m_c="0.000000" m_d="1.000000" m_tx="0.435606" m_ty="0.018939"/>
  </frame>
  <frame idx="475" w="327" h="725" x="-37.085419" y="-257.350586">
   <element name="item" layername="item" frame="0" z_index="3" m_a="1.000000" m_b="0.000000" m_c="0.000000" m_d="1.000000" m_tx="0.435606" m_ty="0.018939"/>
  </frame>
  <frame idx="500" w="327" h="725" x="-37.085419" y="-257.350586">
   <element name="item" layername="item" frame="0" z_index="3" m_a="1.000000" m_b="0.000000" m_c="0.000000" m_d="1.000000" m_tx="0.435606" m_ty="0.018939"/>
  </frame>
  <frame idx="525" w="327" h="725" x="-37.085419" y="-257.350586">
   <element name="item" layername="item" frame="0" z_index="3" m_a="1.000000" m_b="0.000000" m_c="0.000000" m_d="1.000000" m_tx="0.435606" m_ty="0.018939"/>
  </frame>
  <frame idx="550" w="327" h="725" x="-37.085419" y="-257.350586">
   <element name="item" layername="item" frame="0" z_index="3" m_a="1.000000" m_b="0.000000" m_c="0.000000" m_d="1.000000" m_tx="0.435606" m_ty="0.018939"/>
  </frame>
  <frame idx="575" w="327" h="725" x="-37.085419" y="-257.350586">
   <element name="item" layername="item" frame="0" z_index="3" m_a="1.000000" m_b="0.000000" m_c="0.000000" m_d="1.000000" m_tx="0.435606" m_ty="0.018939"/>
  </frame>
  <frame idx="600" w="327" h="725" x="-37.085419" y="-257.350586">
   <element name="item" layername="item" frame="0" z_index="3" m_a="1.000000" m_b="0.000000" m_c="0.000000" m_d="1.000000" m_tx="0.435606" m_ty="0.018939"/>
  </frame>
  <frame idx="625" w="327" h="725" x="-37.085419" y="-257.350586">
   <element name="item" layername="item" frame="0" z_index="3" m_a="1.000000" m_b="0.000000" m_c="0.000000" m_d="1.000000" m_tx="0.435606" m_ty="0.018939"/>
  </frame>
  <frame idx="650" w="327" h="725" x="-37.085419" y="-257.350586">
   <element name="item" layername="item" frame="0" z_index="3" m_a="1.000000" m_b="0.000000" m_c="0.000000" m_d="1.000000" m_tx="0.435606" m_ty="0.018939"/>
  </frame>
  <frame idx="675" w="327" h="725" x="-37.085419" y="-257.350586">
   <element name="item" layername="item" frame="0" z_index="3" m_a="1.000000" m_b="0.000000" m_c="0.000000" m_d="1.000000" m_tx="0.435606" m_ty="0.018939"/>
  </frame>
  <frame idx="700" w="327" h="725" x="-37.085419" y="-257.350586">
   <element name="item" layername="item" frame="0" z_index="3" m_a="1.000000" m_b="0.000000" m_c="0.000000" m_d="1.000000" m_tx="0.435606" m_ty="0.018939"/>
  </frame>
  <frame idx="725" w="327" h="725" x="-37.085419" y="-257.350586">
   <element name="item" layername="item" frame="0" z_index="3" m_a="1.000000" m_b="0.000000" m_c="0.000000" m_d="1.000000" m_tx="0.435606" m_ty="0.018939"/>
  </frame>
  <frame idx="750" w="327" h="725" x="-37.085419" y="-257.350586">
   <element name="item" layername="item" frame="0" z_index="3" m_a="1.000000" m_b="0.000000" m_c="0.000000" m_d="1.000000" m_tx="0.435606" m_ty="0.018939"/>
  </frame>
  <frame idx="775" w="327" h="725" x="-37.085419" y="-257.350586">
   <element name="item" layername="item" frame="0" z_index="3" m_a="1.000000" m_b="0.000000" m_c="0.000000" m_d="1.000000" m_tx="0.435606" m_ty="0.018939"/>
  </frame>
  <frame idx="800" w="327" h="725" x="-37.085419" y="-257.350586">
   <element name="item" layername="item" frame="0" z_index="3" m_a="1.000000" m_b="0.000000" m_c="0.000000" m_d="1.000000" m_tx="0.435606" m_ty="0.018939"/>
  </frame>
  <frame idx="825" w="327" h="725" x="-37.085419" y="-257.350586">
   <element name="item" layername="item" frame="0" z_index="3" m_a="1.000000" m_b="0.000000" m_c="0.000000" m_d="1.000000" m_tx="0.435606" m_ty="0.018939"/>
  </frame>
  <frame idx="850" w="327" h="725" x="-37.085419" y="-257.350586">
   <element name="item" layername="item" frame="0" z_index="3" m_a="1.000000" m_b="0.000000" m_c="0.000000" m_d="1.000000" m_tx="0.435606" m_ty="0.018939"/>
  </frame>
  <frame idx="875" w="327" h="725" x="-37.085419" y="-257.350586">
   <element name="item" layername="item" frame="0" z_index="3" m_a="1.000000" m_b="0.000000" m_c="0.000000" m_d="1.000000" m_tx="0.435606" m_ty="0.018939"/>
  </frame>
  <frame idx="900" w="327" h="725" x="-37.085419" y="-257.350586">
   <element name="item" layername="item" frame="0" z_index="3" m_a="1.000000" m_b="0.000000" m_c="0.000000" m_d="1.000000" m_tx="0.435606" m_ty="0.018939"/>
  </frame>
  <frame idx="925" w="327" h="725" x="-37.085419" y="-257.350586">
   <element name="item" layername="item" frame="0" z_index="3" m_a="1.000000" m_b="0.000000" m_c="0.000000" m_d="1.000000" m_tx="0.435606" m_ty="0.018939"/>
  </frame>
  <frame idx="950" w="327" h="725" x="-37.085419" y="-257.350586">
   <element name="item" layername="item" frame="0" z_index="3" m_a="1.000000" m_b="0.000000" m_c="0.000000" m_d="1.000000" m_tx="0.435606" m_ty="0.018939"/>
  </frame>
  <frame idx="975" w="327" h="725" x="-37.085419" y="-257.350586">
   <element name="item" layername="item" frame="0" z_index="3" m_a="1.000000" m_b="0.000000" m_c="0.000000" m_d="1.000000" m_tx="0.435606" m_ty="0.018939"/>
  </frame>
 </anim>
 <anim name="idle_water" root="tp_ruinbat_moose" numframes="2000" framerate="40">
  <frame idx="0" w="327" h="496" x="-29.506287" y="-40.133469">
   <element name="item_water" layername="item_water" frame="0" z_index="3" m_a="1.000000" m_b="0.000000" m_c="0.000000" m_d="1.000000" m_tx="6.137390" m_ty="-12.500000"/>
  </frame>
  <frame idx="25" w="327" h="496" x="-29.506287" y="-40.033070">
   <element name="item_water" layername="item_water" frame="0" z_index="3" m_a="1.000000" m_b="0.000000" m_c="0.000000" m_d="1.000000" m_tx="6.137390" m_ty="-12.399600"/>
  </frame>
  <frame idx="50" w="327" h="496" x="-29.506287" y="-39.932671">
   <element name="item_water" layername="item_water" frame="0" z_index="3" m_a="1.000000" m_b="0.000000" m_c="0.000000" m_d="1.000000" m_tx="6.137390" m_ty="-12.299200"/>
  </frame>
  <frame idx="75" w="327" h="496" x="-29.506287" y="-39.836128">
   <element name="item_water" layername="item_water" frame="0" z_index="3" m_a="1.000000" m_b="0.000000" m_c="0.000000" m_d="1.000000" m_tx="6.137390" m_ty="-12.202662"/>
  </frame>
  <frame idx="100" w="327" h="496" x="-29.506287" y="-39.731869">
   <element name="item_water" layername="item_water" frame="0" z_index="3" m_a="1.000000" m_b="0.000000" m_c="0.000000" m_d="1.000000" m_tx="6.137390" m_ty="-12.098400"/>
  </frame>
  <frame idx="125" w="327" h="496" x="-29.506287" y="-39.631470">
   <element name="item_water" layername="item_water" frame="0" z_index="3" m_a="1.000000" m_b="0.000000" m_c="0.000000" m_d="1.000000" m_tx="6.137390" m_ty="-11.998000"/>
  </frame>
  <frame idx="150" w="327" h="496" x="-29.506287" y="-39.531067">
   <element name="item_water" layername="item_water" frame="0" z_index="3" m_a="1.000000" m_b="0.000000" m_c="0.000000" m_d="1.000000" m_tx="6.137390" m_ty="-11.897600"/>
  </frame>
  <frame idx="175" w="327" h="495" x="-29.506287" y="-39.430668">
   <element name="item_water" layername="item_water" frame="0" z_index="3" m_a="1.000000" m_b="0.000000" m_c="0.000000" m_d="1.000000" m_tx="6.137390" m_ty="-11.797200"/>
  </frame>
  <frame idx="200" w="327" h="495" x="-29.506287" y="-39.330269">
   <element name="item_water" layername="item_water" frame="0" z_index="3" m_a="1.000000" m_b="0.000000" m_c="0.000000" m_d="1.000000" m_tx="6.137390" m_ty="-11.696800"/>
  </frame>
  <frame idx="225" w="327" h="495" x="-29.506287" y="-39.229870">
   <element name="item_water" layername="item_water" frame="0" z_index="3" m_a="1.000000" m_b="0.000000" m_c="0.000000" m_d="1.000000" m_tx="6.137390" m_ty="-11.596400"/>
  </frame>
  <frame idx="250" w="327" h="495" x="-29.506287" y="-39.129471">
   <element name="item_water" layername="item_water" frame="0" z_index="3" m_a="1.000000" m_b="0.000000" m_c="0.000000" m_d="1.000000" m_tx="6.137390" m_ty="-11.496000"/>
  </frame>
  <frame idx="275" w="327" h="495" x="-29.506287" y="-39.029068">
   <element name="item_water" layername="item_water" frame="0" z_index="3" m_a="1.000000" m_b="0.000000" m_c="0.000000" m_d="1.000000" m_tx="6.137390" m_ty="-11.395600"/>
  </frame>
  <frame idx="300" w="327" h="495" x="-29.506287" y="-38.928669">
   <element name="item_water" layername="item_water" frame="0" z_index="3" m_a="1.000000" m_b="0.000000" m_c="0.000000" m_d="1.000000" m_tx="6.137390" m_ty="-11.295200"/>
  </frame>
  <frame idx="325" w="327" h="495" x="-29.506287" y="-38.828270">
   <element name="item_water" layername="item_water" frame="0" z_index="3" m_a="1.000000" m_b="0.000000" m_c="0.000000" m_d="1.000000" m_tx="6.137390" m_ty="-11.194800"/>
  </frame>
  <frame idx="350" w="327" h="495" x="-29.506287" y="-38.731731">
   <element name="item_water" layername="item_water" frame="0" z_index="3" m_a="1.000000" m_b="0.000000" m_c="0.000000" m_d="1.000000" m_tx="6.137390" m_ty="-11.098262"/>
  </frame>
  <frame idx="375" w="327" h="495" x="-29.506287" y="-38.631485">
   <element name="item_water" layername="item_water" frame="0" z_index="3" m_a="1.000000" m_b="0.000000" m_c="0.000000" m_d="1.000000" m_tx="6.137390" m_ty="-10.998016"/>
  </frame>
  <frame idx="400" w="327" h="495" x="-29.506287" y="-38.531086">
   <element name="item_water" layername="item_water" frame="0" z_index="3" m_a="1.000000" m_b="0.000000" m_c="0.000000" m_d="1.000000" m_tx="6.137390" m_ty="-10.897616"/>
  </frame>
  <frame idx="425" w="327" h="494" x="-29.506287" y="-38.430683">
   <element name="item_water" layername="item_water" frame="0" z_index="3" m_a="1.000000" m_b="0.000000" m_c="0.000000" m_d="1.000000" m_tx="6.137390" m_ty="-10.797215"/>
  </frame>
  <frame idx="450" w="327" h="494" x="-29.506287" y="-38.330284">
   <element name="item_water" layername="item_water" frame="0" z_index="3" m_a="1.000000" m_b="0.000000" m_c="0.000000" m_d="1.000000" m_tx="6.137390" m_ty="-10.696815"/>
  </frame>
  <frame idx="475" w="327" h="494" x="-29.506287" y="-38.229885">
   <element name="item_water" layername="item_water" frame="0" z_index="3" m_a="1.000000" m_b="0.000000" m_c="0.000000" m_d="1.000000" m_tx="6.137390" m_ty="-10.596416"/>
  </frame>
  <frame idx="500" w="327" h="494" x="-29.506287" y="-38.129486">
   <element name="item_water" layername="item_water" frame="0" z_index="3" m_a="1.000000" m_b="0.000000" m_c="0.000000" m_d="1.000000" m_tx="6.137390" m_ty="-10.496016"/>
  </frame>
  <frame idx="525" w="327" h="494" x="-29.506287" y="-38.029083">
   <element name="item_water" layername="item_water" frame="0" z_index="3" m_a="1.000000" m_b="0.000000" m_c="0.000000" m_d="1.000000" m_tx="6.137390" m_ty="-10.395616"/>
  </frame>
  <frame idx="550" w="327" h="494" x="-29.506287" y="-37.928684">
   <element name="item_water" layername="item_water" frame="0" z_index="3" m_a="1.000000" m_b="0.000000" m_c="0.000000" m_d="1.000000" m_tx="6.137390" m_ty="-10.295216"/>
  </frame>
  <frame idx="575" w="327" h="494" x="-29.506287" y="-37.828285">
   <element name="item_water" layername="item_water" frame="0" z_index="3" m_a="1.000000" m_b="0.000000" m_c="0.000000" m_d="1.000000" m_tx="6.137390" m_ty="-10.194816"/>
  </frame>
  <frame idx="600" w="327" h="494" x="-29.506287" y="-37.727882">
   <element name="item_water" layername="item_water" frame="0" z_index="3" m_a="1.000000" m_b="0.000000" m_c="0.000000" m_d="1.000000" m_tx="6.137390" m_ty="-10.094416"/>
  </frame>
  <frame idx="625" w="327" h="494" x="-29.506287" y="-37.627445">
   <element name="item_water" layername="item_water" frame="0" z_index="3" m_a="1.000000" m_b="0.000000" m_c="0.000000" m_d="1.000000" m_tx="6.137390" m_ty="-9.993978"/>
  </frame>
  <frame idx="650" w="327" h="494" x="-29.506287" y="-37.527046">
   <element name="item_water" layername="item_water" frame="0" z_index="3" m_a="1.000000" m_b="0.000000" m_c="0.000000" m_d="1.000000" m_tx="6.137390" m_ty="-9.893576"/>
  </frame>
  <frame idx="675" w="327" h="493" x="-29.506287" y="-37.426643">
   <element name="item_water" layername="item_water" frame="0" z_index="3" m_a="1.000000" m_b="0.000000" m_c="0.000000" m_d="1.000000" m_tx="6.137390" m_ty="-9.793176"/>
  </frame>
  <frame idx="700" w="327" h="493" x="-29.506287" y="-37.326244">
   <element name="item_water" layername="item_water" frame="0" z_index="3" m_a="1.000000" m_b="0.000000" m_c="0.000000" m_d="1.000000" m_tx="6.137390" m_ty="-9.692776"/>
  </frame>
  <frame idx="725" w="327" h="493" x="-29.506287" y="-37.225834">
   <element name="item_water" layername="item_water" frame="0" z_index="3" m_a="1.000000" m_b="0.000000" m_c="0.000000" m_d="1.000000" m_tx="6.137390" m_ty="-9.592366"/>
  </frame>
  <frame idx="750" w="327" h="493" x="-29.506287" y="-37.125435">
   <element name="item_water" layername="item_water" frame="0" z_index="3" m_a="1.000000" m_b="0.000000" m_c="0.000000" m_d="1.000000" m_tx="6.137390" m_ty="-9.491966"/>
  </frame>
  <frame idx="775" w="327" h="493" x="-29.506287" y="-37.025036">
   <element name="item_water" layername="item_water" frame="0" z_index="3" m_a="1.000000" m_b="0.000000" m_c="0.000000" m_d="1.000000" m_tx="6.137390" m_ty="-9.391566"/>
  </frame>
  <frame idx="800" w="327" h="493" x="-29.506287" y="-36.924637">
   <element name="item_water" layername="item_water" frame="0" z_index="3" m_a="1.000000" m_b="0.000000" m_c="0.000000" m_d="1.000000" m_tx="6.137390" m_ty="-9.291166"/>
  </frame>
  <frame idx="825" w="327" h="493" x="-29.506287" y="-36.824234">
   <element name="item_water" layername="item_water" frame="0" z_index="3" m_a="1.000000" m_b="0.000000" m_c="0.000000" m_d="1.000000" m_tx="6.137390" m_ty="-9.190766"/>
  </frame>
  <frame idx="850" w="327" h="493" x="-29.506287" y="-36.723835">
   <element name="item_water" layername="item_water" frame="0" z_index="3" m_a="1.000000" m_b="0.000000" m_c="0.000000" m_d="1.000000" m_tx="6.137390" m_ty="-9.090366"/>
  </frame>
  <frame idx="875" w="327" h="493" x="-29.506287" y="-36.623425">
   <element name="item_water" layername="item_water" frame="0" z_index="3" m_a="1.000000" m_b="0.000000" m_c="0.000000" m_d="1.000000" m_tx="6.137390" m_ty="-8.989957"/>
  </frame>
  <frame idx="900" w="327" h="493" x="-29.506287" y="-36.523026">
   <element name="item_water" layername="item_water" frame="0" z_index="3" m_a="1.000000" m_b="0.000000" m_c="0.000000" m_d="1.000000" m_tx="6.137390" m_ty="-8.889556"/>
  </frame>
  <frame idx="925" w="327" h="491" x="-29.506287" y="-35.922623">
   <element name="item_water" layername="item_water" frame="0" z_index="3" m_a="1.000000" m_b="0.000000" m_c="0.000000" m_d="1.000000" m_tx="6.137390" m_ty="-8.789156"/>
  </frame>
  <frame idx="950" w="327" h="491" x="-29.506287" y="-35.822224">
   <element name="item_water" layername="item_water" frame="0" z_index="3" m_a="1.000000" m_b="0.000000" m_c="0.000000" m_d="1.000000" m_tx="6.137390" m_ty="-8.688756"/>
  </frame>
  <frame idx="975" w="327" h="491" x="-29.506287" y="-35.721825">
   <element name="item_water" layername="item_water" frame="0" z_index="3" m_a="1.000000" m_b="0.000000" m_c="0.000000" m_d="1.000000" m_tx="6.137390" m_ty="-8.588356"/>
  </frame>
  <frame idx="1000" w="327" h="491" x="-29.506287" y="-35.652145">
   <element name="item_water" layername="item_water" frame="0" z_index="3" m_a="1.000000" m_b="0.000000" m_c="0.000000" m_d="1.000000" m_tx="6.137390" m_ty="-8.518676"/>
  </frame>
  <frame idx="1025" w="327" h="491" x="-29.506287" y="-35.745026">
   <element name="item_water" layername="item_water" frame="0" z_index="3" m_a="1.000000" m_b="0.000000" m_c="0.000000" m_d="1.000000" m_tx="6.137390" m_ty="-8.611555"/>
  </frame>
  <frame idx="1050" w="327" h="491" x="-29.506287" y="-35.844624">
   <element name="item_water" layername="item_water" frame="0" z_index="3" m_a="1.000000" m_b="0.000000" m_c="0.000000" m_d="1.000000" m_tx="6.137390" m_ty="-8.711156"/>
  </frame>
  <frame idx="1075" w="327" h="491" x="-29.506287" y="-35.944225">
   <element name="item_water" layername="item_water" frame="0" z_index="3" m_a="1.000000" m_b="0.000000" m_c="0.000000" m_d="1.000000" m_tx="6.137390" m_ty="-8.810756"/>
  </frame>
  <frame idx="1100" w="327" h="493" x="-29.506287" y="-36.547810">
   <element name="item_water" layername="item_water" frame="0" z_index="3" m_a="1.000000" m_b="0.000000" m_c="0.000000" m_d="1.000000" m_tx="6.137390" m_ty="-8.914340"/>
  </frame>
  <frame idx="1125" w="327" h="493" x="-29.506287" y="-36.647408">
   <element name="item_water" layername="item_water" frame="0" z_index="3" m_a="1.000000" m_b="0.000000" m_c="0.000000" m_d="1.000000" m_tx="6.137390" m_ty="-9.013940"/>
  </frame>
  <frame idx="1150" w="327" h="493" x="-29.506287" y="-36.747017">
   <element name="item_water" layername="item_water" frame="0" z_index="3" m_a="1.000000" m_b="0.000000" m_c="0.000000" m_d="1.000000" m_tx="6.137390" m_ty="-9.113550"/>
  </frame>
  <frame idx="1175" w="327" h="493" x="-29.506287" y="-36.846619">
   <element name="item_water" layername="item_water" frame="0" z_index="3" m_a="1.000000" m_b="0.000000" m_c="0.000000" m_d="1.000000" m_tx="6.137390" m_ty="-9.213150"/>
  </frame>
  <frame idx="1200" w="327" h="493" x="-29.506287" y="-36.946220">
   <element name="item_water" layername="item_water" frame="0" z_index="3" m_a="1.000000" m_b="0.000000" m_c="0.000000" m_d="1.000000" m_tx="6.137390" m_ty="-9.312750"/>
  </frame>
  <frame idx="1225" w="327" h="493" x="-29.506287" y="-37.045818">
   <element name="item_water" layername="item_water" frame="0" z_index="3" m_a="1.000000" m_b="0.000000" m_c="0.000000" m_d="1.000000" m_tx="6.137390" m_ty="-9.412350"/>
  </frame>
  <frame idx="1250" w="327" h="493" x="-29.506287" y="-37.145416">
   <element name="item_water" layername="item_water" frame="0" z_index="3" m_a="1.000000" m_b="0.000000" m_c="0.000000" m_d="1.000000" m_tx="6.137390" m_ty="-9.511950"/>
  </frame>
  <frame idx="1275" w="327" h="493" x="-29.506287" y="-37.245018">
   <element name="item_water" layername="item_water" frame="0" z_index="3" m_a="1.000000" m_b="0.000000" m_c="0.000000" m_d="1.000000" m_tx="6.137390" m_ty="-9.611550"/>
  </frame>
  <frame idx="1300" w="327" h="493" x="-29.506287" y="-37.344620">
   <element name="item_water" layername="item_water" frame="0" z_index="3" m_a="1.000000" m_b="0.000000" m_c="0.000000" m_d="1.000000" m_tx="6.137390" m_ty="-9.711150"/>
  </frame>
  <frame idx="1325" w="327" h="493" x="-29.506287" y="-37.444229">
   <element name="item_water" layername="item_water" frame="0" z_index="3" m_a="1.000000" m_b="0.000000" m_c="0.000000" m_d="1.000000" m_tx="6.137390" m_ty="-9.810760"/>
  </frame>
  <frame idx="1350" w="327" h="494" x="-29.506287" y="-37.543831">
   <element name="item_water" layername="item_water" frame="0" z_index="3" m_a="1.000000" m_b="0.000000" m_c="0.000000" m_d="1.000000" m_tx="6.137390" m_ty="-9.910360"/>
  </frame>
  <frame idx="1375" w="327" h="494" x="-29.506287" y="-37.643471">
   <element name="item_water" layername="item_water" frame="0" z_index="3" m_a="1.000000" m_b="0.000000" m_c="0.000000" m_d="1.000000" m_tx="6.137390" m_ty="-10.010000"/>
  </frame>
  <frame idx="1400" w="327" h="494" x="-29.506287" y="-37.743069">
   <element name="item_water" layername="item_water" frame="0" z_index="3" m_a="1.000000" m_b="0.000000" m_c="0.000000" m_d="1.000000" m_tx="6.137390" m_ty="-10.109600"/>
  </frame>
  <frame idx="1425" w="327" h="494" x="-29.506287" y="-37.842667">
   <element name="item_water" layername="item_water" frame="0" z_index="3" m_a="1.000000" m_b="0.000000" m_c="0.000000" m_d="1.000000" m_tx="6.137390" m_ty="-10.209200"/>
  </frame>
  <frame idx="1450" w="327" h="494" x="-29.506287" y="-37.942268">
   <element name="item_water" layername="item_water" frame="0" z_index="3" m_a="1.000000" m_b="0.000000" m_c="0.000000" m_d="1.000000" m_tx="6.137390" m_ty="-10.308800"/>
  </frame>
  <frame idx="1475" w="327" h="494" x="-29.506287" y="-38.041870">
   <element name="item_water" layername="item_water" frame="0" z_index="3" m_a="1.000000" m_b="0.000000" m_c="0.000000" m_d="1.000000" m_tx="6.137390" m_ty="-10.408400"/>
  </frame>
  <frame idx="1500" w="327" h="494" x="-29.506287" y="-38.141468">
   <element name="item_water" layername="item_water" frame="0" z_index="3" m_a="1.000000" m_b="0.000000" m_c="0.000000" m_d="1.000000" m_tx="6.137390" m_ty="-10.508000"/>
  </frame>
  <frame idx="1525" w="327" h="494" x="-29.506287" y="-38.241070">
   <element name="item_water" layername="item_water" frame="0" z_index="3" m_a="1.000000" m_b="0.000000" m_c="0.000000" m_d="1.000000" m_tx="6.137390" m_ty="-10.607600"/>
  </frame>
  <frame idx="1550" w="327" h="494" x="-29.506287" y="-38.340668">
   <element name="item_water" layername="item_water" frame="0" z_index="3" m_a="1.000000" m_b="0.000000" m_c="0.000000" m_d="1.000000" m_tx="6.137390" m_ty="-10.707200"/>
  </frame>
  <frame idx="1575" w="327" h="494" x="-29.506287" y="-38.440269">
   <element name="item_water" layername="item_water" frame="0" z_index="3" m_a="1.000000" m_b="0.000000" m_c="0.000000" m_d="1.000000" m_tx="6.137390" m_ty="-10.806800"/>
  </frame>
  <frame idx="1600" w="327" h="495" x="-29.506287" y="-38.539867">
   <element name="item_water" layername="item_water" frame="0" z_index="3" m_a="1.000000" m_b="0.000000" m_c="0.000000" m_d="1.000000" m_tx="6.137390" m_ty="-10.906400"/>
  </frame>
  <frame idx="1625" w="327" h="495" x="-29.506287" y="-38.639469">
   <element name="item_water" layername="item_water" frame="0" z_index="3" m_a="1.000000" m_b="0.000000" m_c="0.000000" m_d="1.000000" m_tx="6.137390" m_ty="-11.006000"/>
  </frame>
  <frame idx="1650" w="327" h="495" x="-29.506287" y="-38.739067">
   <element name="item_water" layername="item_water" frame="0" z_index="3" m_a="1.000000" m_b="0.000000" m_c="0.000000" m_d="1.000000" m_tx="6.137390" m_ty="-11.105600"/>
  </frame>
  <frame idx="1675" w="327" h="495" x="-29.506287" y="-38.838669">
   <element name="item_water" layername="item_water" frame="0" z_index="3" m_a="1.000000" m_b="0.000000" m_c="0.000000" m_d="1.000000" m_tx="6.137390" m_ty="-11.205200"/>
  </frame>
  <frame idx="1700" w="327" h="495" x="-29.506287" y="-38.938271">
   <element name="item_water" layername="item_water" frame="0" z_index="3" m_a="1.000000" m_b="0.000000" m_c="0.000000" m_d="1.000000" m_tx="6.137390" m_ty="-11.304800"/>
  </frame>
  <frame idx="1725" w="327" h="495" x="-29.506287" y="-39.037868">
   <element name="item_water" layername="item_water" frame="0" z_index="3" m_a="1.000000" m_b="0.000000" m_c="0.000000" m_d="1.000000" m_tx="6.137390" m_ty="-11.404400"/>
  </frame>
  <frame idx="1750" w="327" h="495" x="-29.506287" y="-39.137466">
   <element name="item_water" layername="item_water" frame="0" z_index="3" m_a="1.000000" m_b="0.000000" m_c="0.000000" m_d="1.000000" m_tx="6.137390" m_ty="-11.504000"/>
  </frame>
  <frame idx="1775" w="327" h="495" x="-29.506287" y="-39.237068">
   <element name="item_water" layername="item_water" frame="0" z_index="3" m_a="1.000000" m_b="0.000000" m_c="0.000000" m_d="1.000000" m_tx="6.137390" m_ty="-11.603600"/>
  </frame>
  <frame idx="1800" w="327" h="495" x="-29.506287" y="-39.336670">
   <element name="item_water" layername="item_water" frame="0" z_index="3" m_a="1.000000" m_b="0.000000" m_c="0.000000" m_d="1.000000" m_tx="6.137390" m_ty="-11.703200"/>
  </frame>
  <frame idx="1825" w="327" h="495" x="-29.506287" y="-39.436268">
   <element name="item_water" layername="item_water" frame="0" z_index="3" m_a="1.000000" m_b="0.000000" m_c="0.000000" m_d="1.000000" m_tx="6.137390" m_ty="-11.802800"/>
  </frame>
  <frame idx="1850" w="327" h="496" x="-29.506287" y="-39.535870">
   <element name="item_water" layername="item_water" frame="0" z_index="3" m_a="1.000000" m_b="0.000000" m_c="0.000000" m_d="1.000000" m_tx="6.137390" m_ty="-11.902400"/>
  </frame>
  <frame idx="1875" w="327" h="496" x="-29.506287" y="-39.635468">
   <element name="item_water" layername="item_water" frame="0" z_index="3" m_a="1.000000" m_b="0.000000" m_c="0.000000" m_d="1.000000" m_tx="6.137390" m_ty="-12.002000"/>
  </frame>
  <frame idx="1900" w="327" h="496" x="-29.506287" y="-39.735069">
   <element name="item_water" layername="item_water" frame="0" z_index="3" m_a="1.000000" m_b="0.000000" m_c="0.000000" m_d="1.000000" m_tx="6.137390" m_ty="-12.101600"/>
  </frame>
  <frame idx="1925" w="327" h="496" x="-29.506287" y="-39.834667">
   <element name="item_water" layername="item_water" frame="0" z_index="3" m_a="1.000000" m_b="0.000000" m_c="0.000000" m_d="1.000000" m_tx="6.137390" m_ty="-12.201200"/>
  </frame>
  <frame idx="1950" w="327" h="496" x="-29.506287" y="-39.934269">
   <element name="item_water" layername="item_water" frame="0" z_index="3" m_a="1.000000" m_b="0.000000" m_c="0.000000" m_d="1.000000" m_tx="6.137390" m_ty="-12.300800"/>
  </frame>
  <frame idx="1975" w="327" h="496" x="-29.506287" y="-40.033867">
   <element name="item_water" layername="item_water" frame="0" z_index="3" m_a="1.000000" m_b="0.000000" m_c="0.000000" m_d="1.000000" m_tx="6.137390" m_ty="-12.400400"/>
  </frame>
 </anim>
</Anims>
