<Anims>
 <anim name="BUILD" root="tp_spear_ice" numframes="1000" framerate="40">
  <frame idx="0" w="116" h="524" x="-7.521588" y="-129.285004">
   <element name="swap_object" layername="swap_object" frame="0" z_index="3" m_a="1.000000" m_b="0.000000" m_c="0.000000" m_d="1.000000" m_tx="5.963695" m_ty="-14.204255"/>
  </frame>
  <frame idx="25" w="116" h="300" x="47.374954" y="131.291534">
   <element name="swap_object" layername="swap_object" frame="0" z_index="3" m_a="1.000000" m_b="0.000000" m_c="0.000000" m_d="1.000000" m_tx="60.860237" m_ty="227.372284"/>
  </frame>
  <frame idx="50" w="116" h="300" x="47.374954" y="131.291534">
   <element name="swap_object" layername="swap_object" frame="0" z_index="3" m_a="1.000000" m_b="0.000000" m_c="0.000000" m_d="1.000000" m_tx="60.860237" m_ty="227.372284"/>
  </frame>
  <frame idx="75" w="116" h="300" x="47.374954" y="131.291534">
   <element name="swap_object" layername="swap_object" frame="0" z_index="3" m_a="1.000000" m_b="0.000000" m_c="0.000000" m_d="1.000000" m_tx="60.860237" m_ty="227.372284"/>
  </frame>
  <frame idx="100" w="116" h="300" x="47.374954" y="131.291534">
   <element name="swap_object" layername="swap_object" frame="0" z_index="3" m_a="1.000000" m_b="0.000000" m_c="0.000000" m_d="1.000000" m_tx="60.860237" m_ty="227.372284"/>
  </frame>
  <frame idx="125" w="116" h="300" x="47.374954" y="131.291534">
   <element name="swap_object" layername="swap_object" frame="0" z_index="3" m_a="1.000000" m_b="0.000000" m_c="0.000000" m_d="1.000000" m_tx="60.860237" m_ty="227.372284"/>
  </frame>
  <frame idx="150" w="116" h="300" x="47.374954" y="131.291534">
   <element name="swap_object" layername="swap_object" frame="0" z_index="3" m_a="1.000000" m_b="0.000000" m_c="0.000000" m_d="1.000000" m_tx="60.860237" m_ty="227.372284"/>
  </frame>
  <frame idx="175" w="116" h="300" x="47.374954" y="131.291534">
   <element name="swap_object" layername="swap_object" frame="0" z_index="3" m_a="1.000000" m_b="0.000000" m_c="0.000000" m_d="1.000000" m_tx="60.860237" m_ty="227.372284"/>
  </frame>
  <frame idx="200" w="116" h="300" x="47.374954" y="131.291534">
   <element name="swap_object" layername="swap_object" frame="0" z_index="3" m_a="1.000000" m_b="0.000000" m_c="0.000000" m_d="1.000000" m_tx="60.860237" m_ty="227.372284"/>
  </frame>
  <frame idx="225" w="116" h="300" x="47.374954" y="131.291534">
   <element name="swap_object" layername="swap_object" frame="0" z_index="3" m_a="1.000000" m_b="0.000000" m_c="0.000000" m_d="1.000000" m_tx="60.860237" m_ty="227.372284"/>
  </frame>
  <frame idx="250" w="116" h="300" x="47.374954" y="131.291534">
   <element name="swap_object" layername="swap_object" frame="0" z_index="3" m_a="1.000000" m_b="0.000000" m_c="0.000000" m_d="1.000000" m_tx="60.860237" m_ty="227.372284"/>
  </frame>
  <frame idx="275" w="116" h="300" x="47.374954" y="131.291534">
   <element name="swap_object" layername="swap_object" frame="0" z_index="3" m_a="1.000000" m_b="0.000000" m_c="0.000000" m_d="1.000000" m_tx="60.860237" m_ty="227.372284"/>
  </frame>
  <frame idx="300" w="116" h="300" x="47.374954" y="131.291534">
   <element name="swap_object" layername="swap_object" frame="0" z_index="3" m_a="1.000000" m_b="0.000000" m_c="0.000000" m_d="1.000000" m_tx="60.860237" m_ty="227.372284"/>
  </frame>
  <frame idx="325" w="116" h="300" x="47.374954" y="131.291534">
   <element name="swap_object" layername="swap_object" frame="0" z_index="3" m_a="1.000000" m_b="0.000000" m_c="0.000000" m_d="1.000000" m_tx="60.860237" m_ty="227.372284"/>
  </frame>
  <frame idx="350" w="116" h="300" x="47.374954" y="131.291534">
   <element name="swap_object" layername="swap_object" frame="0" z_index="3" m_a="1.000000" m_b="0.000000" m_c="0.000000" m_d="1.000000" m_tx="60.860237" m_ty="227.372284"/>
  </frame>
  <frame idx="375" w="116" h="300" x="47.374954" y="131.291534">
   <element name="swap_object" layername="swap_object" frame="0" z_index="3" m_a="1.000000" m_b="0.000000" m_c="0.000000" m_d="1.000000" m_tx="60.860237" m_ty="227.372284"/>
  </frame>
  <frame idx="400" w="116" h="300" x="47.374954" y="131.291534">
   <element name="swap_object" layername="swap_object" frame="0" z_index="3" m_a="1.000000" m_b="0.000000" m_c="0.000000" m_d="1.000000" m_tx="60.860237" m_ty="227.372284"/>
  </frame>
  <frame idx="425" w="116" h="300" x="47.374954" y="131.291534">
   <element name="swap_object" layername="swap_object" frame="0" z_index="3" m_a="1.000000" m_b="0.000000" m_c="0.000000" m_d="1.000000" m_tx="60.860237" m_ty="227.372284"/>
  </frame>
  <frame idx="450" w="116" h="300" x="47.374954" y="131.291534">
   <element name="swap_object" layername="swap_object" frame="0" z_index="3" m_a="1.000000" m_b="0.000000" m_c="0.000000" m_d="1.000000" m_tx="60.860237" m_ty="227.372284"/>
  </frame>
  <frame idx="475" w="116" h="300" x="47.374954" y="131.291534">
   <element name="swap_object" layername="swap_object" frame="0" z_index="3" m_a="1.000000" m_b="0.000000" m_c="0.000000" m_d="1.000000" m_tx="60.860237" m_ty="227.372284"/>
  </frame>
  <frame idx="500" w="116" h="300" x="47.374954" y="131.291534">
   <element name="swap_object" layername="swap_object" frame="0" z_index="3" m_a="1.000000" m_b="0.000000" m_c="0.000000" m_d="1.000000" m_tx="60.860237" m_ty="227.372284"/>
  </frame>
  <frame idx="525" w="116" h="300" x="47.374954" y="131.291534">
   <element name="swap_object" layername="swap_object" frame="0" z_index="3" m_a="1.000000" m_b="0.000000" m_c="0.000000" m_d="1.000000" m_tx="60.860237" m_ty="227.372284"/>
  </frame>
  <frame idx="550" w="116" h="300" x="47.374954" y="131.291534">
   <element name="swap_object" layername="swap_object" frame="0" z_index="3" m_a="1.000000" m_b="0.000000" m_c="0.000000" m_d="1.000000" m_tx="60.860237" m_ty="227.372284"/>
  </frame>
  <frame idx="575" w="116" h="300" x="47.374954" y="131.291534">
   <element name="swap_object" layername="swap_object" frame="0" z_index="3" m_a="1.000000" m_b="0.000000" m_c="0.000000" m_d="1.000000" m_tx="60.860237" m_ty="227.372284"/>
  </frame>
  <frame idx="600" w="116" h="300" x="47.374954" y="131.291534">
   <element name="swap_object" layername="swap_object" frame="0" z_index="3" m_a="1.000000" m_b="0.000000" m_c="0.000000" m_d="1.000000" m_tx="60.860237" m_ty="227.372284"/>
  </frame>
  <frame idx="625" w="116" h="300" x="47.374954" y="131.291534">
   <element name="swap_object" layername="swap_object" frame="0" z_index="3" m_a="1.000000" m_b="0.000000" m_c="0.000000" m_d="1.000000" m_tx="60.860237" m_ty="227.372284"/>
  </frame>
  <frame idx="650" w="116" h="300" x="47.374954" y="131.291534">
   <element name="swap_object" layername="swap_object" frame="0" z_index="3" m_a="1.000000" m_b="0.000000" m_c="0.000000" m_d="1.000000" m_tx="60.860237" m_ty="227.372284"/>
  </frame>
  <frame idx="675" w="116" h="300" x="47.374954" y="131.291534">
   <element name="swap_object" layername="swap_object" frame="0" z_index="3" m_a="1.000000" m_b="0.000000" m_c="0.000000" m_d="1.000000" m_tx="60.860237" m_ty="227.372284"/>
  </frame>
  <frame idx="700" w="116" h="300" x="47.374954" y="131.291534">
   <element name="swap_object" layername="swap_object" frame="0" z_index="3" m_a="1.000000" m_b="0.000000" m_c="0.000000" m_d="1.000000" m_tx="60.860237" m_ty="227.372284"/>
  </frame>
  <frame idx="725" w="116" h="300" x="47.374954" y="131.291534">
   <element name="swap_object" layername="swap_object" frame="0" z_index="3" m_a="1.000000" m_b="0.000000" m_c="0.000000" m_d="1.000000" m_tx="60.860237" m_ty="227.372284"/>
  </frame>
  <frame idx="750" w="116" h="300" x="47.374954" y="131.291534">
   <element name="swap_object" layername="swap_object" frame="0" z_index="3" m_a="1.000000" m_b="0.000000" m_c="0.000000" m_d="1.000000" m_tx="60.860237" m_ty="227.372284"/>
  </frame>
  <frame idx="775" w="116" h="300" x="47.374954" y="131.291534">
   <element name="swap_object" layername="swap_object" frame="0" z_index="3" m_a="1.000000" m_b="0.000000" m_c="0.000000" m_d="1.000000" m_tx="60.860237" m_ty="227.372284"/>
  </frame>
  <frame idx="800" w="116" h="300" x="47.374954" y="131.291534">
   <element name="swap_object" layername="swap_object" frame="0" z_index="3" m_a="1.000000" m_b="0.000000" m_c="0.000000" m_d="1.000000" m_tx="60.860237" m_ty="227.372284"/>
  </frame>
  <frame idx="825" w="116" h="300" x="47.374954" y="131.291534">
   <element name="swap_object" layername="swap_object" frame="0" z_index="3" m_a="1.000000" m_b="0.000000" m_c="0.000000" m_d="1.000000" m_tx="60.860237" m_ty="227.372284"/>
  </frame>
  <frame idx="850" w="116" h="300" x="47.374954" y="131.291534">
   <element name="swap_object" layername="swap_object" frame="0" z_index="3" m_a="1.000000" m_b="0.000000" m_c="0.000000" m_d="1.000000" m_tx="60.860237" m_ty="227.372284"/>
  </frame>
  <frame idx="875" w="116" h="300" x="47.374954" y="131.291534">
   <element name="swap_object" layername="swap_object" frame="0" z_index="3" m_a="1.000000" m_b="0.000000" m_c="0.000000" m_d="1.000000" m_tx="60.860237" m_ty="227.372284"/>
  </frame>
  <frame idx="900" w="116" h="300" x="47.374954" y="131.291534">
   <element name="swap_object" layername="swap_object" frame="0" z_index="3" m_a="1.000000" m_b="0.000000" m_c="0.000000" m_d="1.000000" m_tx="60.860237" m_ty="227.372284"/>
  </frame>
  <frame idx="925" w="116" h="300" x="47.374954" y="131.291534">
   <element name="swap_object" layername="swap_object" frame="0" z_index="3" m_a="1.000000" m_b="0.000000" m_c="0.000000" m_d="1.000000" m_tx="60.860237" m_ty="227.372284"/>
  </frame>
  <frame idx="950" w="116" h="300" x="47.374954" y="131.291534">
   <element name="swap_object" layername="swap_object" frame="0" z_index="3" m_a="1.000000" m_b="0.000000" m_c="0.000000" m_d="1.000000" m_tx="60.860237" m_ty="227.372284"/>
  </frame>
  <frame idx="975" w="116" h="300" x="47.374954" y="131.291534">
   <element name="swap_object" layername="swap_object" frame="0" z_index="3" m_a="1.000000" m_b="0.000000" m_c="0.000000" m_d="1.000000" m_tx="60.860237" m_ty="227.372284"/>
  </frame>
 </anim>
 <anim name="idle" root="tp_spear_ice" numframes="1000" framerate="40">
  <frame idx="0" w="168" h="483" x="-18.722269" y="-171.096405">
   <element name="item" layername="item" frame="0" z_index="3" m_a="1.000000" m_b="0.000000" m_c="0.000000" m_d="1.000000" m_tx="0.435606" m_ty="0.018939"/>
  </frame>
  <frame idx="25" w="168" h="483" x="-18.722269" y="-171.096405">
   <element name="item" layername="item" frame="0" z_index="3" m_a="1.000000" m_b="0.000000" m_c="0.000000" m_d="1.000000" m_tx="0.435606" m_ty="0.018939"/>
  </frame>
  <frame idx="50" w="168" h="483" x="-18.722269" y="-171.096405">
   <element name="item" layername="item" frame="0" z_index="3" m_a="1.000000" m_b="0.000000" m_c="0.000000" m_d="1.000000" m_tx="0.435606" m_ty="0.018939"/>
  </frame>
  <frame idx="75" w="168" h="483" x="-18.722269" y="-171.096405">
   <element name="item" layername="item" frame="0" z_index="3" m_a="1.000000" m_b="0.000000" m_c="0.000000" m_d="1.000000" m_tx="0.435606" m_ty="0.018939"/>
  </frame>
  <frame idx="100" w="168" h="483" x="-18.722269" y="-171.096405">
   <element name="item" layername="item" frame="0" z_index="3" m_a="1.000000" m_b="0.000000" m_c="0.000000" m_d="1.000000" m_tx="0.435606" m_ty="0.018939"/>
  </frame>
  <frame idx="125" w="168" h="483" x="-18.722269" y="-171.096405">
   <element name="item" layername="item" frame="0" z_index="3" m_a="1.000000" m_b="0.000000" m_c="0.000000" m_d="1.000000" m_tx="0.435606" m_ty="0.018939"/>
  </frame>
  <frame idx="150" w="168" h="483" x="-18.722269" y="-171.096405">
   <element name="item" layername="item" frame="0" z_index="3" m_a="1.000000" m_b="0.000000" m_c="0.000000" m_d="1.000000" m_tx="0.435606" m_ty="0.018939"/>
  </frame>
  <frame idx="175" w="168" h="483" x="-18.722269" y="-171.096405">
   <element name="item" layername="item" frame="0" z_index="3" m_a="1.000000" m_b="0.000000" m_c="0.000000" m_d="1.000000" m_tx="0.435606" m_ty="0.018939"/>
  </frame>
  <frame idx="200" w="168" h="483" x="-18.722269" y="-171.096405">
   <element name="item" layername="item" frame="0" z_index="3" m_a="1.000000" m_b="0.000000" m_c="0.000000" m_d="1.000000" m_tx="0.435606" m_ty="0.018939"/>
  </frame>
  <frame idx="225" w="168" h="483" x="-18.722269" y="-171.096405">
   <element name="item" layername="item" frame="0" z_index="3" m_a="1.000000" m_b="0.000000" m_c="0.000000" m_d="1.000000" m_tx="0.435606" m_ty="0.018939"/>
  </frame>
  <frame idx="250" w="168" h="483" x="-18.722269" y="-171.096405">
   <element name="item" layername="item" frame="0" z_index="3" m_a="1.000000" m_b="0.000000" m_c="0.000000" m_d="1.000000" m_tx="0.435606" m_ty="0.018939"/>
  </frame>
  <frame idx="275" w="168" h="483" x="-18.722269" y="-171.096405">
   <element name="item" layername="item" frame="0" z_index="3" m_a="1.000000" m_b="0.000000" m_c="0.000000" m_d="1.000000" m_tx="0.435606" m_ty="0.018939"/>
  </frame>
  <frame idx="300" w="168" h="483" x="-18.722269" y="-171.096405">
   <element name="item" layername="item" frame="0" z_index="3" m_a="1.000000" m_b="0.000000" m_c="0.000000" m_d="1.000000" m_tx="0.435606" m_ty="0.018939"/>
  </frame>
  <frame idx="325" w="168" h="483" x="-18.722269" y="-171.096405">
   <element name="item" layername="item" frame="0" z_index="3" m_a="1.000000" m_b="0.000000" m_c="0.000000" m_d="1.000000" m_tx="0.435606" m_ty="0.018939"/>
  </frame>
  <frame idx="350" w="168" h="483" x="-18.722269" y="-171.096405">
   <element name="item" layername="item" frame="0" z_index="3" m_a="1.000000" m_b="0.000000" m_c="0.000000" m_d="1.000000" m_tx="0.435606" m_ty="0.018939"/>
  </frame>
  <frame idx="375" w="168" h="483" x="-18.722269" y="-171.096405">
   <element name="item" layername="item" frame="0" z_index="3" m_a="1.000000" m_b="0.000000" m_c="0.000000" m_d="1.000000" m_tx="0.435606" m_ty="0.018939"/>
  </frame>
  <frame idx="400" w="168" h="483" x="-18.722269" y="-171.096405">
   <element name="item" layername="item" frame="0" z_index="3" m_a="1.000000" m_b="0.000000" m_c="0.000000" m_d="1.000000" m_tx="0.435606" m_ty="0.018939"/>
  </frame>
  <frame idx="425" w="168" h="483" x="-18.722269" y="-171.096405">
   <element name="item" layername="item" frame="0" z_index="3" m_a="1.000000" m_b="0.000000" m_c="0.000000" m_d="1.000000" m_tx="0.435606" m_ty="0.018939"/>
  </frame>
  <frame idx="450" w="168" h="483" x="-18.722269" y="-171.096405">
   <element name="item" layername="item" frame="0" z_index="3" m_a="1.000000" m_b="0.000000" m_c="0.000000" m_d="1.000000" m_tx="0.435606" m_ty="0.018939"/>
  </frame>
  <frame idx="475" w="168" h="483" x="-18.722269" y="-171.096405">
   <element name="item" layername="item" frame="0" z_index="3" m_a="1.000000" m_b="0.000000" m_c="0.000000" m_d="1.000000" m_tx="0.435606" m_ty="0.018939"/>
  </frame>
  <frame idx="500" w="168" h="483" x="-18.722269" y="-171.096405">
   <element name="item" layername="item" frame="0" z_index="3" m_a="1.000000" m_b="0.000000" m_c="0.000000" m_d="1.000000" m_tx="0.435606" m_ty="0.018939"/>
  </frame>
  <frame idx="525" w="168" h="483" x="-18.722269" y="-171.096405">
   <element name="item" layername="item" frame="0" z_index="3" m_a="1.000000" m_b="0.000000" m_c="0.000000" m_d="1.000000" m_tx="0.435606" m_ty="0.018939"/>
  </frame>
  <frame idx="550" w="168" h="483" x="-18.722269" y="-171.096405">
   <element name="item" layername="item" frame="0" z_index="3" m_a="1.000000" m_b="0.000000" m_c="0.000000" m_d="1.000000" m_tx="0.435606" m_ty="0.018939"/>
  </frame>
  <frame idx="575" w="168" h="483" x="-18.722269" y="-171.096405">
   <element name="item" layername="item" frame="0" z_index="3" m_a="1.000000" m_b="0.000000" m_c="0.000000" m_d="1.000000" m_tx="0.435606" m_ty="0.018939"/>
  </frame>
  <frame idx="600" w="168" h="483" x="-18.722269" y="-171.096405">
   <element name="item" layername="item" frame="0" z_index="3" m_a="1.000000" m_b="0.000000" m_c="0.000000" m_d="1.000000" m_tx="0.435606" m_ty="0.018939"/>
  </frame>
  <frame idx="625" w="168" h="483" x="-18.722269" y="-171.096405">
   <element name="item" layername="item" frame="0" z_index="3" m_a="1.000000" m_b="0.000000" m_c="0.000000" m_d="1.000000" m_tx="0.435606" m_ty="0.018939"/>
  </frame>
  <frame idx="650" w="168" h="483" x="-18.722269" y="-171.096405">
   <element name="item" layername="item" frame="0" z_index="3" m_a="1.000000" m_b="0.000000" m_c="0.000000" m_d="1.000000" m_tx="0.435606" m_ty="0.018939"/>
  </frame>
  <frame idx="675" w="168" h="483" x="-18.722269" y="-171.096405">
   <element name="item" layername="item" frame="0" z_index="3" m_a="1.000000" m_b="0.000000" m_c="0.000000" m_d="1.000000" m_tx="0.435606" m_ty="0.018939"/>
  </frame>
  <frame idx="700" w="168" h="483" x="-18.722269" y="-171.096405">
   <element name="item" layername="item" frame="0" z_index="3" m_a="1.000000" m_b="0.000000" m_c="0.000000" m_d="1.000000" m_tx="0.435606" m_ty="0.018939"/>
  </frame>
  <frame idx="725" w="168" h="483" x="-18.722269" y="-171.096405">
   <element name="item" layername="item" frame="0" z_index="3" m_a="1.000000" m_b="0.000000" m_c="0.000000" m_d="1.000000" m_tx="0.435606" m_ty="0.018939"/>
  </frame>
  <frame idx="750" w="168" h="483" x="-18.722269" y="-171.096405">
   <element name="item" layername="item" frame="0" z_index="3" m_a="1.000000" m_b="0.000000" m_c="0.000000" m_d="1.000000" m_tx="0.435606" m_ty="0.018939"/>
  </frame>
  <frame idx="775" w="168" h="483" x="-18.722269" y="-171.096405">
   <element name="item" layername="item" frame="0" z_index="3" m_a="1.000000" m_b="0.000000" m_c="0.000000" m_d="1.000000" m_tx="0.435606" m_ty="0.018939"/>
  </frame>
  <frame idx="800" w="168" h="483" x="-18.722269" y="-171.096405">
   <element name="item" layername="item" frame="0" z_index="3" m_a="1.000000" m_b="0.000000" m_c="0.000000" m_d="1.000000" m_tx="0.435606" m_ty="0.018939"/>
  </frame>
  <frame idx="825" w="168" h="483" x="-18.722269" y="-171.096405">
   <element name="item" layername="item" frame="0" z_index="3" m_a="1.000000" m_b="0.000000" m_c="0.000000" m_d="1.000000" m_tx="0.435606" m_ty="0.018939"/>
  </frame>
  <frame idx="850" w="168" h="483" x="-18.722269" y="-171.096405">
   <element name="item" layername="item" frame="0" z_index="3" m_a="1.000000" m_b="0.000000" m_c="0.000000" m_d="1.000000" m_tx="0.435606" m_ty="0.018939"/>
  </frame>
  <frame idx="875" w="168" h="483" x="-18.722269" y="-171.096405">
   <element name="item" layername="item" frame="0" z_index="3" m_a="1.000000" m_b="0.000000" m_c="0.000000" m_d="1.000000" m_tx="0.435606" m_ty="0.018939"/>
  </frame>
  <frame idx="900" w="168" h="483" x="-18.722269" y="-171.096405">
   <element name="item" layername="item" frame="0" z_index="3" m_a="1.000000" m_b="0.000000" m_c="0.000000" m_d="1.000000" m_tx="0.435606" m_ty="0.018939"/>
  </frame>
  <frame idx="925" w="168" h="483" x="-18.722269" y="-171.096405">
   <element name="item" layername="item" frame="0" z_index="3" m_a="1.000000" m_b="0.000000" m_c="0.000000" m_d="1.000000" m_tx="0.435606" m_ty="0.018939"/>
  </frame>
  <frame idx="950" w="168" h="483" x="-18.722269" y="-171.096405">
   <element name="item" layername="item" frame="0" z_index="3" m_a="1.000000" m_b="0.000000" m_c="0.000000" m_d="1.000000" m_tx="0.435606" m_ty="0.018939"/>
  </frame>
  <frame idx="975" w="168" h="483" x="-18.722269" y="-171.096405">
   <element name="item" layername="item" frame="0" z_index="3" m_a="1.000000" m_b="0.000000" m_c="0.000000" m_d="1.000000" m_tx="0.435606" m_ty="0.018939"/>
  </frame>
 </anim>
 <anim name="idle_water" root="tp_spear_ice" numframes="2000" framerate="40">
  <frame idx="0" w="397" h="142" x="-37.242813" y="-20.766705">
   <element name="item_water" layername="item_water" frame="0" z_index="3" m_a="1.000000" m_b="0.000000" m_c="0.000000" m_d="1.000000" m_tx="6.137390" m_ty="-12.500000"/>
  </frame>
  <frame idx="25" w="397" h="141" x="-37.242813" y="-20.666306">
   <element name="item_water" layername="item_water" frame="0" z_index="3" m_a="1.000000" m_b="0.000000" m_c="0.000000" m_d="1.000000" m_tx="6.137390" m_ty="-12.399600"/>
  </frame>
  <frame idx="50" w="397" h="141" x="-37.242813" y="-20.565905">
   <element name="item_water" layername="item_water" frame="0" z_index="3" m_a="1.000000" m_b="0.000000" m_c="0.000000" m_d="1.000000" m_tx="6.137390" m_ty="-12.299200"/>
  </frame>
  <frame idx="75" w="397" h="141" x="-37.242813" y="-20.469366">
   <element name="item_water" layername="item_water" frame="0" z_index="3" m_a="1.000000" m_b="0.000000" m_c="0.000000" m_d="1.000000" m_tx="6.137390" m_ty="-12.202662"/>
  </frame>
  <frame idx="100" w="397" h="141" x="-37.242813" y="-20.365105">
   <element name="item_water" layername="item_water" frame="0" z_index="3" m_a="1.000000" m_b="0.000000" m_c="0.000000" m_d="1.000000" m_tx="6.137390" m_ty="-12.098400"/>
  </frame>
  <frame idx="125" w="397" h="141" x="-37.242813" y="-20.264706">
   <element name="item_water" layername="item_water" frame="0" z_index="3" m_a="1.000000" m_b="0.000000" m_c="0.000000" m_d="1.000000" m_tx="6.137390" m_ty="-11.998000"/>
  </frame>
  <frame idx="150" w="397" h="141" x="-37.242813" y="-20.164305">
   <element name="item_water" layername="item_water" frame="0" z_index="3" m_a="1.000000" m_b="0.000000" m_c="0.000000" m_d="1.000000" m_tx="6.137390" m_ty="-11.897600"/>
  </frame>
  <frame idx="175" w="397" h="141" x="-37.242813" y="-20.063904">
   <element name="item_water" layername="item_water" frame="0" z_index="3" m_a="1.000000" m_b="0.000000" m_c="0.000000" m_d="1.000000" m_tx="6.137390" m_ty="-11.797200"/>
  </frame>
  <frame idx="200" w="397" h="141" x="-37.242813" y="-19.963505">
   <element name="item_water" layername="item_water" frame="0" z_index="3" m_a="1.000000" m_b="0.000000" m_c="0.000000" m_d="1.000000" m_tx="6.137390" m_ty="-11.696800"/>
  </frame>
  <frame idx="225" w="397" h="141" x="-37.242813" y="-19.863106">
   <element name="item_water" layername="item_water" frame="0" z_index="3" m_a="1.000000" m_b="0.000000" m_c="0.000000" m_d="1.000000" m_tx="6.137390" m_ty="-11.596400"/>
  </frame>
  <frame idx="250" w="397" h="141" x="-37.242813" y="-19.762705">
   <element name="item_water" layername="item_water" frame="0" z_index="3" m_a="1.000000" m_b="0.000000" m_c="0.000000" m_d="1.000000" m_tx="6.137390" m_ty="-11.496000"/>
  </frame>
  <frame idx="275" w="397" h="140" x="-37.242813" y="-19.662304">
   <element name="item_water" layername="item_water" frame="0" z_index="3" m_a="1.000000" m_b="0.000000" m_c="0.000000" m_d="1.000000" m_tx="6.137390" m_ty="-11.395600"/>
  </frame>
  <frame idx="300" w="397" h="140" x="-37.242813" y="-19.561905">
   <element name="item_water" layername="item_water" frame="0" z_index="3" m_a="1.000000" m_b="0.000000" m_c="0.000000" m_d="1.000000" m_tx="6.137390" m_ty="-11.295200"/>
  </frame>
  <frame idx="325" w="397" h="140" x="-37.242813" y="-19.461506">
   <element name="item_water" layername="item_water" frame="0" z_index="3" m_a="1.000000" m_b="0.000000" m_c="0.000000" m_d="1.000000" m_tx="6.137390" m_ty="-11.194800"/>
  </frame>
  <frame idx="350" w="397" h="140" x="-37.242813" y="-19.364967">
   <element name="item_water" layername="item_water" frame="0" z_index="3" m_a="1.000000" m_b="0.000000" m_c="0.000000" m_d="1.000000" m_tx="6.137390" m_ty="-11.098262"/>
  </frame>
  <frame idx="375" w="397" h="140" x="-37.242813" y="-19.264721">
   <element name="item_water" layername="item_water" frame="0" z_index="3" m_a="1.000000" m_b="0.000000" m_c="0.000000" m_d="1.000000" m_tx="6.137390" m_ty="-10.998016"/>
  </frame>
  <frame idx="400" w="397" h="140" x="-37.242813" y="-19.164322">
   <element name="item_water" layername="item_water" frame="0" z_index="3" m_a="1.000000" m_b="0.000000" m_c="0.000000" m_d="1.000000" m_tx="6.137390" m_ty="-10.897616"/>
  </frame>
  <frame idx="425" w="397" h="140" x="-37.242813" y="-19.063919">
   <element name="item_water" layername="item_water" frame="0" z_index="3" m_a="1.000000" m_b="0.000000" m_c="0.000000" m_d="1.000000" m_tx="6.137390" m_ty="-10.797215"/>
  </frame>
  <frame idx="450" w="397" h="140" x="-37.242813" y="-18.963520">
   <element name="item_water" layername="item_water" frame="0" z_index="3" m_a="1.000000" m_b="0.000000" m_c="0.000000" m_d="1.000000" m_tx="6.137390" m_ty="-10.696815"/>
  </frame>
  <frame idx="475" w="397" h="140" x="-37.242813" y="-18.863121">
   <element name="item_water" layername="item_water" frame="0" z_index="3" m_a="1.000000" m_b="0.000000" m_c="0.000000" m_d="1.000000" m_tx="6.137390" m_ty="-10.596416"/>
  </frame>
  <frame idx="500" w="397" h="140" x="-37.242813" y="-18.762720">
   <element name="item_water" layername="item_water" frame="0" z_index="3" m_a="1.000000" m_b="0.000000" m_c="0.000000" m_d="1.000000" m_tx="6.137390" m_ty="-10.496016"/>
  </frame>
  <frame idx="525" w="397" h="138" x="-37.242813" y="-18.162319">
   <element name="item_water" layername="item_water" frame="0" z_index="3" m_a="1.000000" m_b="0.000000" m_c="0.000000" m_d="1.000000" m_tx="6.137390" m_ty="-10.395616"/>
  </frame>
  <frame idx="550" w="397" h="138" x="-37.242813" y="-18.061920">
   <element name="item_water" layername="item_water" frame="0" z_index="3" m_a="1.000000" m_b="0.000000" m_c="0.000000" m_d="1.000000" m_tx="6.137390" m_ty="-10.295216"/>
  </frame>
  <frame idx="575" w="397" h="138" x="-37.242813" y="-17.961521">
   <element name="item_water" layername="item_water" frame="0" z_index="3" m_a="1.000000" m_b="0.000000" m_c="0.000000" m_d="1.000000" m_tx="6.137390" m_ty="-10.194816"/>
  </frame>
  <frame idx="600" w="397" h="138" x="-37.242813" y="-17.861120">
   <element name="item_water" layername="item_water" frame="0" z_index="3" m_a="1.000000" m_b="0.000000" m_c="0.000000" m_d="1.000000" m_tx="6.137390" m_ty="-10.094416"/>
  </frame>
  <frame idx="625" w="397" h="138" x="-37.242813" y="-17.760681">
   <element name="item_water" layername="item_water" frame="0" z_index="3" m_a="1.000000" m_b="0.000000" m_c="0.000000" m_d="1.000000" m_tx="6.137390" m_ty="-9.993978"/>
  </frame>
  <frame idx="650" w="397" h="138" x="-37.242813" y="-17.660280">
   <element name="item_water" layername="item_water" frame="0" z_index="3" m_a="1.000000" m_b="0.000000" m_c="0.000000" m_d="1.000000" m_tx="6.137390" m_ty="-9.893576"/>
  </frame>
  <frame idx="675" w="397" h="138" x="-37.242813" y="-17.559879">
   <element name="item_water" layername="item_water" frame="0" z_index="3" m_a="1.000000" m_b="0.000000" m_c="0.000000" m_d="1.000000" m_tx="6.137390" m_ty="-9.793176"/>
  </frame>
  <frame idx="700" w="397" h="138" x="-37.242813" y="-17.459480">
   <element name="item_water" layername="item_water" frame="0" z_index="3" m_a="1.000000" m_b="0.000000" m_c="0.000000" m_d="1.000000" m_tx="6.137390" m_ty="-9.692776"/>
  </frame>
  <frame idx="725" w="397" h="138" x="-37.242813" y="-17.359070">
   <element name="item_water" layername="item_water" frame="0" z_index="3" m_a="1.000000" m_b="0.000000" m_c="0.000000" m_d="1.000000" m_tx="6.137390" m_ty="-9.592366"/>
  </frame>
  <frame idx="750" w="397" h="138" x="-37.242813" y="-17.258671">
   <element name="item_water" layername="item_water" frame="0" z_index="3" m_a="1.000000" m_b="0.000000" m_c="0.000000" m_d="1.000000" m_tx="6.137390" m_ty="-9.491966"/>
  </frame>
  <frame idx="775" w="397" h="137" x="-37.242813" y="-17.158272">
   <element name="item_water" layername="item_water" frame="0" z_index="3" m_a="1.000000" m_b="0.000000" m_c="0.000000" m_d="1.000000" m_tx="6.137390" m_ty="-9.391566"/>
  </frame>
  <frame idx="800" w="397" h="137" x="-37.242813" y="-17.057871">
   <element name="item_water" layername="item_water" frame="0" z_index="3" m_a="1.000000" m_b="0.000000" m_c="0.000000" m_d="1.000000" m_tx="6.137390" m_ty="-9.291166"/>
  </frame>
  <frame idx="825" w="397" h="137" x="-37.242813" y="-16.957470">
   <element name="item_water" layername="item_water" frame="0" z_index="3" m_a="1.000000" m_b="0.000000" m_c="0.000000" m_d="1.000000" m_tx="6.137390" m_ty="-9.190766"/>
  </frame>
  <frame idx="850" w="397" h="137" x="-37.242813" y="-16.857071">
   <element name="item_water" layername="item_water" frame="0" z_index="3" m_a="1.000000" m_b="0.000000" m_c="0.000000" m_d="1.000000" m_tx="6.137390" m_ty="-9.090366"/>
  </frame>
  <frame idx="875" w="397" h="137" x="-37.242813" y="-16.756660">
   <element name="item_water" layername="item_water" frame="0" z_index="3" m_a="1.000000" m_b="0.000000" m_c="0.000000" m_d="1.000000" m_tx="6.137390" m_ty="-8.989957"/>
  </frame>
  <frame idx="900" w="397" h="137" x="-37.242813" y="-16.656261">
   <element name="item_water" layername="item_water" frame="0" z_index="3" m_a="1.000000" m_b="0.000000" m_c="0.000000" m_d="1.000000" m_tx="6.137390" m_ty="-8.889556"/>
  </frame>
  <frame idx="925" w="397" h="137" x="-37.242813" y="-16.555861">
   <element name="item_water" layername="item_water" frame="0" z_index="3" m_a="1.000000" m_b="0.000000" m_c="0.000000" m_d="1.000000" m_tx="6.137390" m_ty="-8.789156"/>
  </frame>
  <frame idx="950" w="397" h="137" x="-37.242813" y="-16.455460">
   <element name="item_water" layername="item_water" frame="0" z_index="3" m_a="1.000000" m_b="0.000000" m_c="0.000000" m_d="1.000000" m_tx="6.137390" m_ty="-8.688756"/>
  </frame>
  <frame idx="975" w="397" h="137" x="-37.242813" y="-16.355061">
   <element name="item_water" layername="item_water" frame="0" z_index="3" m_a="1.000000" m_b="0.000000" m_c="0.000000" m_d="1.000000" m_tx="6.137390" m_ty="-8.588356"/>
  </frame>
  <frame idx="1000" w="397" h="137" x="-37.242813" y="-16.285381">
   <element name="item_water" layername="item_water" frame="0" z_index="3" m_a="1.000000" m_b="0.000000" m_c="0.000000" m_d="1.000000" m_tx="6.137390" m_ty="-8.518676"/>
  </frame>
  <frame idx="1025" w="397" h="137" x="-37.242813" y="-16.378260">
   <element name="item_water" layername="item_water" frame="0" z_index="3" m_a="1.000000" m_b="0.000000" m_c="0.000000" m_d="1.000000" m_tx="6.137390" m_ty="-8.611555"/>
  </frame>
  <frame idx="1050" w="397" h="137" x="-37.242813" y="-16.477859">
   <element name="item_water" layername="item_water" frame="0" z_index="3" m_a="1.000000" m_b="0.000000" m_c="0.000000" m_d="1.000000" m_tx="6.137390" m_ty="-8.711156"/>
  </frame>
  <frame idx="1075" w="397" h="137" x="-37.242813" y="-16.577461">
   <element name="item_water" layername="item_water" frame="0" z_index="3" m_a="1.000000" m_b="0.000000" m_c="0.000000" m_d="1.000000" m_tx="6.137390" m_ty="-8.810756"/>
  </frame>
  <frame idx="1100" w="397" h="137" x="-37.242813" y="-16.681046">
   <element name="item_water" layername="item_water" frame="0" z_index="3" m_a="1.000000" m_b="0.000000" m_c="0.000000" m_d="1.000000" m_tx="6.137390" m_ty="-8.914340"/>
  </frame>
  <frame idx="1125" w="397" h="137" x="-37.242813" y="-16.780643">
   <element name="item_water" layername="item_water" frame="0" z_index="3" m_a="1.000000" m_b="0.000000" m_c="0.000000" m_d="1.000000" m_tx="6.137390" m_ty="-9.013940"/>
  </frame>
  <frame idx="1150" w="397" h="137" x="-37.242813" y="-16.880255">
   <element name="item_water" layername="item_water" frame="0" z_index="3" m_a="1.000000" m_b="0.000000" m_c="0.000000" m_d="1.000000" m_tx="6.137390" m_ty="-9.113550"/>
  </frame>
  <frame idx="1175" w="397" h="137" x="-37.242813" y="-16.979855">
   <element name="item_water" layername="item_water" frame="0" z_index="3" m_a="1.000000" m_b="0.000000" m_c="0.000000" m_d="1.000000" m_tx="6.137390" m_ty="-9.213150"/>
  </frame>
  <frame idx="1200" w="397" h="137" x="-37.242813" y="-17.079454">
   <element name="item_water" layername="item_water" frame="0" z_index="3" m_a="1.000000" m_b="0.000000" m_c="0.000000" m_d="1.000000" m_tx="6.137390" m_ty="-9.312750"/>
  </frame>
  <frame idx="1225" w="397" h="137" x="-37.242813" y="-17.179054">
   <element name="item_water" layername="item_water" frame="0" z_index="3" m_a="1.000000" m_b="0.000000" m_c="0.000000" m_d="1.000000" m_tx="6.137390" m_ty="-9.412350"/>
  </frame>
  <frame idx="1250" w="397" h="138" x="-37.242813" y="-17.278654">
   <element name="item_water" layername="item_water" frame="0" z_index="3" m_a="1.000000" m_b="0.000000" m_c="0.000000" m_d="1.000000" m_tx="6.137390" m_ty="-9.511950"/>
  </frame>
  <frame idx="1275" w="397" h="138" x="-37.242813" y="-17.378254">
   <element name="item_water" layername="item_water" frame="0" z_index="3" m_a="1.000000" m_b="0.000000" m_c="0.000000" m_d="1.000000" m_tx="6.137390" m_ty="-9.611550"/>
  </frame>
  <frame idx="1300" w="397" h="138" x="-37.242813" y="-17.477856">
   <element name="item_water" layername="item_water" frame="0" z_index="3" m_a="1.000000" m_b="0.000000" m_c="0.000000" m_d="1.000000" m_tx="6.137390" m_ty="-9.711150"/>
  </frame>
  <frame idx="1325" w="397" h="138" x="-37.242813" y="-17.577465">
   <element name="item_water" layername="item_water" frame="0" z_index="3" m_a="1.000000" m_b="0.000000" m_c="0.000000" m_d="1.000000" m_tx="6.137390" m_ty="-9.810760"/>
  </frame>
  <frame idx="1350" w="397" h="138" x="-37.242813" y="-17.677065">
   <element name="item_water" layername="item_water" frame="0" z_index="3" m_a="1.000000" m_b="0.000000" m_c="0.000000" m_d="1.000000" m_tx="6.137390" m_ty="-9.910360"/>
  </frame>
  <frame idx="1375" w="397" h="138" x="-37.242813" y="-17.776705">
   <element name="item_water" layername="item_water" frame="0" z_index="3" m_a="1.000000" m_b="0.000000" m_c="0.000000" m_d="1.000000" m_tx="6.137390" m_ty="-10.010000"/>
  </frame>
  <frame idx="1400" w="397" h="138" x="-37.242813" y="-17.876305">
   <element name="item_water" layername="item_water" frame="0" z_index="3" m_a="1.000000" m_b="0.000000" m_c="0.000000" m_d="1.000000" m_tx="6.137390" m_ty="-10.109600"/>
  </frame>
  <frame idx="1425" w="397" h="138" x="-37.242813" y="-17.975904">
   <element name="item_water" layername="item_water" frame="0" z_index="3" m_a="1.000000" m_b="0.000000" m_c="0.000000" m_d="1.000000" m_tx="6.137390" m_ty="-10.209200"/>
  </frame>
  <frame idx="1450" w="397" h="138" x="-37.242813" y="-18.075504">
   <element name="item_water" layername="item_water" frame="0" z_index="3" m_a="1.000000" m_b="0.000000" m_c="0.000000" m_d="1.000000" m_tx="6.137390" m_ty="-10.308800"/>
  </frame>
  <frame idx="1475" w="397" h="138" x="-37.242813" y="-18.175104">
   <element name="item_water" layername="item_water" frame="0" z_index="3" m_a="1.000000" m_b="0.000000" m_c="0.000000" m_d="1.000000" m_tx="6.137390" m_ty="-10.408400"/>
  </frame>
  <frame idx="1500" w="397" h="140" x="-37.242813" y="-18.774704">
   <element name="item_water" layername="item_water" frame="0" z_index="3" m_a="1.000000" m_b="0.000000" m_c="0.000000" m_d="1.000000" m_tx="6.137390" m_ty="-10.508000"/>
  </frame>
  <frame idx="1525" w="397" h="140" x="-37.242813" y="-18.874306">
   <element name="item_water" layername="item_water" frame="0" z_index="3" m_a="1.000000" m_b="0.000000" m_c="0.000000" m_d="1.000000" m_tx="6.137390" m_ty="-10.607600"/>
  </frame>
  <frame idx="1550" w="397" h="140" x="-37.242813" y="-18.973904">
   <element name="item_water" layername="item_water" frame="0" z_index="3" m_a="1.000000" m_b="0.000000" m_c="0.000000" m_d="1.000000" m_tx="6.137390" m_ty="-10.707200"/>
  </frame>
  <frame idx="1575" w="397" h="140" x="-37.242813" y="-19.073505">
   <element name="item_water" layername="item_water" frame="0" z_index="3" m_a="1.000000" m_b="0.000000" m_c="0.000000" m_d="1.000000" m_tx="6.137390" m_ty="-10.806800"/>
  </frame>
  <frame idx="1600" w="397" h="140" x="-37.242813" y="-19.173103">
   <element name="item_water" layername="item_water" frame="0" z_index="3" m_a="1.000000" m_b="0.000000" m_c="0.000000" m_d="1.000000" m_tx="6.137390" m_ty="-10.906400"/>
  </frame>
  <frame idx="1625" w="397" h="140" x="-37.242813" y="-19.272705">
   <element name="item_water" layername="item_water" frame="0" z_index="3" m_a="1.000000" m_b="0.000000" m_c="0.000000" m_d="1.000000" m_tx="6.137390" m_ty="-11.006000"/>
  </frame>
  <frame idx="1650" w="397" h="140" x="-37.242813" y="-19.372305">
   <element name="item_water" layername="item_water" frame="0" z_index="3" m_a="1.000000" m_b="0.000000" m_c="0.000000" m_d="1.000000" m_tx="6.137390" m_ty="-11.105600"/>
  </frame>
  <frame idx="1675" w="397" h="140" x="-37.242813" y="-19.471905">
   <element name="item_water" layername="item_water" frame="0" z_index="3" m_a="1.000000" m_b="0.000000" m_c="0.000000" m_d="1.000000" m_tx="6.137390" m_ty="-11.205200"/>
  </frame>
  <frame idx="1700" w="397" h="140" x="-37.242813" y="-19.571505">
   <element name="item_water" layername="item_water" frame="0" z_index="3" m_a="1.000000" m_b="0.000000" m_c="0.000000" m_d="1.000000" m_tx="6.137390" m_ty="-11.304800"/>
  </frame>
  <frame idx="1725" w="397" h="140" x="-37.242813" y="-19.671104">
   <element name="item_water" layername="item_water" frame="0" z_index="3" m_a="1.000000" m_b="0.000000" m_c="0.000000" m_d="1.000000" m_tx="6.137390" m_ty="-11.404400"/>
  </frame>
  <frame idx="1750" w="397" h="141" x="-37.242813" y="-19.770704">
   <element name="item_water" layername="item_water" frame="0" z_index="3" m_a="1.000000" m_b="0.000000" m_c="0.000000" m_d="1.000000" m_tx="6.137390" m_ty="-11.504000"/>
  </frame>
  <frame idx="1775" w="397" h="141" x="-37.242813" y="-19.870304">
   <element name="item_water" layername="item_water" frame="0" z_index="3" m_a="1.000000" m_b="0.000000" m_c="0.000000" m_d="1.000000" m_tx="6.137390" m_ty="-11.603600"/>
  </frame>
  <frame idx="1800" w="397" h="141" x="-37.242813" y="-19.969906">
   <element name="item_water" layername="item_water" frame="0" z_index="3" m_a="1.000000" m_b="0.000000" m_c="0.000000" m_d="1.000000" m_tx="6.137390" m_ty="-11.703200"/>
  </frame>
  <frame idx="1825" w="397" h="141" x="-37.242813" y="-20.069504">
   <element name="item_water" layername="item_water" frame="0" z_index="3" m_a="1.000000" m_b="0.000000" m_c="0.000000" m_d="1.000000" m_tx="6.137390" m_ty="-11.802800"/>
  </frame>
  <frame idx="1850" w="397" h="141" x="-37.242813" y="-20.169106">
   <element name="item_water" layername="item_water" frame="0" z_index="3" m_a="1.000000" m_b="0.000000" m_c="0.000000" m_d="1.000000" m_tx="6.137390" m_ty="-11.902400"/>
  </frame>
  <frame idx="1875" w="397" h="141" x="-37.242813" y="-20.268703">
   <element name="item_water" layername="item_water" frame="0" z_index="3" m_a="1.000000" m_b="0.000000" m_c="0.000000" m_d="1.000000" m_tx="6.137390" m_ty="-12.002000"/>
  </frame>
  <frame idx="1900" w="397" h="141" x="-37.242813" y="-20.368305">
   <element name="item_water" layername="item_water" frame="0" z_index="3" m_a="1.000000" m_b="0.000000" m_c="0.000000" m_d="1.000000" m_tx="6.137390" m_ty="-12.101600"/>
  </frame>
  <frame idx="1925" w="397" h="141" x="-37.242813" y="-20.467903">
   <element name="item_water" layername="item_water" frame="0" z_index="3" m_a="1.000000" m_b="0.000000" m_c="0.000000" m_d="1.000000" m_tx="6.137390" m_ty="-12.201200"/>
  </frame>
  <frame idx="1950" w="397" h="141" x="-37.242813" y="-20.567505">
   <element name="item_water" layername="item_water" frame="0" z_index="3" m_a="1.000000" m_b="0.000000" m_c="0.000000" m_d="1.000000" m_tx="6.137390" m_ty="-12.300800"/>
  </frame>
  <frame idx="1975" w="397" h="141" x="-37.242813" y="-20.667105">
   <element name="item_water" layername="item_water" frame="0" z_index="3" m_a="1.000000" m_b="0.000000" m_c="0.000000" m_d="1.000000" m_tx="6.137390" m_ty="-12.400400"/>
  </frame>
 </anim>
</Anims>
