<Anims>
 <anim name="BUILD" root="tp_sign_staff" numframes="1000" framerate="40">
  <frame idx="0" w="315" h="681" x="29.553185" y="-155.896606">
   <element name="swap_object" layername="swap_object" frame="0" z_index="3" m_a="1.000000" m_b="0.000000" m_c="0.000000" m_d="1.000000" m_tx="9.375000" m_ty="-17.708300"/>
  </frame>
  <frame idx="25" w="315" h="681" x="29.553185" y="-155.896606">
   <element name="swap_object" layername="swap_object" frame="0" z_index="3" m_a="1.000000" m_b="0.000000" m_c="0.000000" m_d="1.000000" m_tx="9.375000" m_ty="-17.708300"/>
  </frame>
  <frame idx="50" w="315" h="681" x="29.553185" y="-155.896606">
   <element name="swap_object" layername="swap_object" frame="0" z_index="3" m_a="1.000000" m_b="0.000000" m_c="0.000000" m_d="1.000000" m_tx="9.375000" m_ty="-17.708300"/>
  </frame>
  <frame idx="75" w="315" h="681" x="29.553185" y="-155.896606">
   <element name="swap_object" layername="swap_object" frame="0" z_index="3" m_a="1.000000" m_b="0.000000" m_c="0.000000" m_d="1.000000" m_tx="9.375000" m_ty="-17.708300"/>
  </frame>
  <frame idx="100" w="315" h="681" x="29.553185" y="-155.896606">
   <element name="swap_object" layername="swap_object" frame="0" z_index="3" m_a="1.000000" m_b="0.000000" m_c="0.000000" m_d="1.000000" m_tx="9.375000" m_ty="-17.708300"/>
  </frame>
  <frame idx="125" w="315" h="681" x="29.553185" y="-155.896606">
   <element name="swap_object" layername="swap_object" frame="0" z_index="3" m_a="1.000000" m_b="0.000000" m_c="0.000000" m_d="1.000000" m_tx="9.375000" m_ty="-17.708300"/>
  </frame>
  <frame idx="150" w="315" h="681" x="29.553185" y="-155.896606">
   <element name="swap_object" layername="swap_object" frame="0" z_index="3" m_a="1.000000" m_b="0.000000" m_c="0.000000" m_d="1.000000" m_tx="9.375000" m_ty="-17.708300"/>
  </frame>
  <frame idx="175" w="315" h="681" x="29.553185" y="-155.896606">
   <element name="swap_object" layername="swap_object" frame="0" z_index="3" m_a="1.000000" m_b="0.000000" m_c="0.000000" m_d="1.000000" m_tx="9.375000" m_ty="-17.708300"/>
  </frame>
  <frame idx="200" w="315" h="681" x="29.553185" y="-155.896606">
   <element name="swap_object" layername="swap_object" frame="0" z_index="3" m_a="1.000000" m_b="0.000000" m_c="0.000000" m_d="1.000000" m_tx="9.375000" m_ty="-17.708300"/>
  </frame>
  <frame idx="225" w="315" h="681" x="29.553185" y="-155.896606">
   <element name="swap_object" layername="swap_object" frame="0" z_index="3" m_a="1.000000" m_b="0.000000" m_c="0.000000" m_d="1.000000" m_tx="9.375000" m_ty="-17.708300"/>
  </frame>
  <frame idx="250" w="315" h="681" x="29.553185" y="-155.896606">
   <element name="swap_object" layername="swap_object" frame="0" z_index="3" m_a="1.000000" m_b="0.000000" m_c="0.000000" m_d="1.000000" m_tx="9.375000" m_ty="-17.708300"/>
  </frame>
  <frame idx="275" w="315" h="681" x="29.553185" y="-155.896606">
   <element name="swap_object" layername="swap_object" frame="0" z_index="3" m_a="1.000000" m_b="0.000000" m_c="0.000000" m_d="1.000000" m_tx="9.375000" m_ty="-17.708300"/>
  </frame>
  <frame idx="300" w="315" h="681" x="29.553185" y="-155.896606">
   <element name="swap_object" layername="swap_object" frame="0" z_index="3" m_a="1.000000" m_b="0.000000" m_c="0.000000" m_d="1.000000" m_tx="9.375000" m_ty="-17.708300"/>
  </frame>
  <frame idx="325" w="315" h="681" x="29.553185" y="-155.896606">
   <element name="swap_object" layername="swap_object" frame="0" z_index="3" m_a="1.000000" m_b="0.000000" m_c="0.000000" m_d="1.000000" m_tx="9.375000" m_ty="-17.708300"/>
  </frame>
  <frame idx="350" w="315" h="681" x="29.553185" y="-155.896606">
   <element name="swap_object" layername="swap_object" frame="0" z_index="3" m_a="1.000000" m_b="0.000000" m_c="0.000000" m_d="1.000000" m_tx="9.375000" m_ty="-17.708300"/>
  </frame>
  <frame idx="375" w="315" h="681" x="29.553185" y="-155.896606">
   <element name="swap_object" layername="swap_object" frame="0" z_index="3" m_a="1.000000" m_b="0.000000" m_c="0.000000" m_d="1.000000" m_tx="9.375000" m_ty="-17.708300"/>
  </frame>
  <frame idx="400" w="315" h="681" x="29.553185" y="-155.896606">
   <element name="swap_object" layername="swap_object" frame="0" z_index="3" m_a="1.000000" m_b="0.000000" m_c="0.000000" m_d="1.000000" m_tx="9.375000" m_ty="-17.708300"/>
  </frame>
  <frame idx="425" w="315" h="681" x="29.553185" y="-155.896606">
   <element name="swap_object" layername="swap_object" frame="0" z_index="3" m_a="1.000000" m_b="0.000000" m_c="0.000000" m_d="1.000000" m_tx="9.375000" m_ty="-17.708300"/>
  </frame>
  <frame idx="450" w="315" h="681" x="29.553185" y="-155.896606">
   <element name="swap_object" layername="swap_object" frame="0" z_index="3" m_a="1.000000" m_b="0.000000" m_c="0.000000" m_d="1.000000" m_tx="9.375000" m_ty="-17.708300"/>
  </frame>
  <frame idx="475" w="315" h="681" x="29.553185" y="-155.896606">
   <element name="swap_object" layername="swap_object" frame="0" z_index="3" m_a="1.000000" m_b="0.000000" m_c="0.000000" m_d="1.000000" m_tx="9.375000" m_ty="-17.708300"/>
  </frame>
  <frame idx="500" w="315" h="681" x="29.553185" y="-155.896606">
   <element name="swap_object" layername="swap_object" frame="0" z_index="3" m_a="1.000000" m_b="0.000000" m_c="0.000000" m_d="1.000000" m_tx="9.375000" m_ty="-17.708300"/>
  </frame>
  <frame idx="525" w="315" h="681" x="29.553185" y="-155.896606">
   <element name="swap_object" layername="swap_object" frame="0" z_index="3" m_a="1.000000" m_b="0.000000" m_c="0.000000" m_d="1.000000" m_tx="9.375000" m_ty="-17.708300"/>
  </frame>
  <frame idx="550" w="315" h="681" x="29.553185" y="-155.896606">
   <element name="swap_object" layername="swap_object" frame="0" z_index="3" m_a="1.000000" m_b="0.000000" m_c="0.000000" m_d="1.000000" m_tx="9.375000" m_ty="-17.708300"/>
  </frame>
  <frame idx="575" w="315" h="681" x="29.553185" y="-155.896606">
   <element name="swap_object" layername="swap_object" frame="0" z_index="3" m_a="1.000000" m_b="0.000000" m_c="0.000000" m_d="1.000000" m_tx="9.375000" m_ty="-17.708300"/>
  </frame>
  <frame idx="600" w="315" h="681" x="29.553185" y="-155.896606">
   <element name="swap_object" layername="swap_object" frame="0" z_index="3" m_a="1.000000" m_b="0.000000" m_c="0.000000" m_d="1.000000" m_tx="9.375000" m_ty="-17.708300"/>
  </frame>
  <frame idx="625" w="315" h="681" x="29.553185" y="-155.896606">
   <element name="swap_object" layername="swap_object" frame="0" z_index="3" m_a="1.000000" m_b="0.000000" m_c="0.000000" m_d="1.000000" m_tx="9.375000" m_ty="-17.708300"/>
  </frame>
  <frame idx="650" w="315" h="681" x="29.553185" y="-155.896606">
   <element name="swap_object" layername="swap_object" frame="0" z_index="3" m_a="1.000000" m_b="0.000000" m_c="0.000000" m_d="1.000000" m_tx="9.375000" m_ty="-17.708300"/>
  </frame>
  <frame idx="675" w="315" h="681" x="29.553185" y="-155.896606">
   <element name="swap_object" layername="swap_object" frame="0" z_index="3" m_a="1.000000" m_b="0.000000" m_c="0.000000" m_d="1.000000" m_tx="9.375000" m_ty="-17.708300"/>
  </frame>
  <frame idx="700" w="315" h="681" x="29.553185" y="-155.896606">
   <element name="swap_object" layername="swap_object" frame="0" z_index="3" m_a="1.000000" m_b="0.000000" m_c="0.000000" m_d="1.000000" m_tx="9.375000" m_ty="-17.708300"/>
  </frame>
  <frame idx="725" w="315" h="681" x="29.553185" y="-155.896606">
   <element name="swap_object" layername="swap_object" frame="0" z_index="3" m_a="1.000000" m_b="0.000000" m_c="0.000000" m_d="1.000000" m_tx="9.375000" m_ty="-17.708300"/>
  </frame>
  <frame idx="750" w="315" h="681" x="29.553185" y="-155.896606">
   <element name="swap_object" layername="swap_object" frame="0" z_index="3" m_a="1.000000" m_b="0.000000" m_c="0.000000" m_d="1.000000" m_tx="9.375000" m_ty="-17.708300"/>
  </frame>
  <frame idx="775" w="315" h="681" x="29.553185" y="-155.896606">
   <element name="swap_object" layername="swap_object" frame="0" z_index="3" m_a="1.000000" m_b="0.000000" m_c="0.000000" m_d="1.000000" m_tx="9.375000" m_ty="-17.708300"/>
  </frame>
  <frame idx="800" w="315" h="681" x="29.553185" y="-155.896606">
   <element name="swap_object" layername="swap_object" frame="0" z_index="3" m_a="1.000000" m_b="0.000000" m_c="0.000000" m_d="1.000000" m_tx="9.375000" m_ty="-17.708300"/>
  </frame>
  <frame idx="825" w="315" h="681" x="29.553185" y="-155.896606">
   <element name="swap_object" layername="swap_object" frame="0" z_index="3" m_a="1.000000" m_b="0.000000" m_c="0.000000" m_d="1.000000" m_tx="9.375000" m_ty="-17.708300"/>
  </frame>
  <frame idx="850" w="315" h="681" x="29.553185" y="-155.896606">
   <element name="swap_object" layername="swap_object" frame="0" z_index="3" m_a="1.000000" m_b="0.000000" m_c="0.000000" m_d="1.000000" m_tx="9.375000" m_ty="-17.708300"/>
  </frame>
  <frame idx="875" w="315" h="681" x="29.553185" y="-155.896606">
   <element name="swap_object" layername="swap_object" frame="0" z_index="3" m_a="1.000000" m_b="0.000000" m_c="0.000000" m_d="1.000000" m_tx="9.375000" m_ty="-17.708300"/>
  </frame>
  <frame idx="900" w="315" h="681" x="29.553185" y="-155.896606">
   <element name="swap_object" layername="swap_object" frame="0" z_index="3" m_a="1.000000" m_b="0.000000" m_c="0.000000" m_d="1.000000" m_tx="9.375000" m_ty="-17.708300"/>
  </frame>
  <frame idx="925" w="315" h="681" x="29.553185" y="-155.896606">
   <element name="swap_object" layername="swap_object" frame="0" z_index="3" m_a="1.000000" m_b="0.000000" m_c="0.000000" m_d="1.000000" m_tx="9.375000" m_ty="-17.708300"/>
  </frame>
  <frame idx="950" w="315" h="681" x="29.553185" y="-155.896606">
   <element name="swap_object" layername="swap_object" frame="0" z_index="3" m_a="1.000000" m_b="0.000000" m_c="0.000000" m_d="1.000000" m_tx="9.375000" m_ty="-17.708300"/>
  </frame>
  <frame idx="975" w="315" h="681" x="29.553185" y="-155.896606">
   <element name="swap_object" layername="swap_object" frame="0" z_index="3" m_a="1.000000" m_b="0.000000" m_c="0.000000" m_d="1.000000" m_tx="9.375000" m_ty="-17.708300"/>
  </frame>
 </anim>
 <anim name="idle" root="tp_sign_staff" numframes="1000" framerate="40">
  <frame idx="0" w="298" h="701" x="-33.701202" y="-248.725159">
   <element name="item" layername="item" frame="0" z_index="3" m_a="1.000000" m_b="0.000000" m_c="0.000000" m_d="1.000000" m_tx="0.435606" m_ty="0.018939"/>
  </frame>
  <frame idx="25" w="298" h="701" x="-33.701202" y="-248.725159">
   <element name="item" layername="item" frame="0" z_index="3" m_a="1.000000" m_b="0.000000" m_c="0.000000" m_d="1.000000" m_tx="0.435606" m_ty="0.018939"/>
  </frame>
  <frame idx="50" w="298" h="701" x="-33.701202" y="-248.725159">
   <element name="item" layername="item" frame="0" z_index="3" m_a="1.000000" m_b="0.000000" m_c="0.000000" m_d="1.000000" m_tx="0.435606" m_ty="0.018939"/>
  </frame>
  <frame idx="75" w="298" h="701" x="-33.701202" y="-248.725159">
   <element name="item" layername="item" frame="0" z_index="3" m_a="1.000000" m_b="0.000000" m_c="0.000000" m_d="1.000000" m_tx="0.435606" m_ty="0.018939"/>
  </frame>
  <frame idx="100" w="298" h="701" x="-33.701202" y="-248.725159">
   <element name="item" layername="item" frame="0" z_index="3" m_a="1.000000" m_b="0.000000" m_c="0.000000" m_d="1.000000" m_tx="0.435606" m_ty="0.018939"/>
  </frame>
  <frame idx="125" w="298" h="701" x="-33.701202" y="-248.725159">
   <element name="item" layername="item" frame="0" z_index="3" m_a="1.000000" m_b="0.000000" m_c="0.000000" m_d="1.000000" m_tx="0.435606" m_ty="0.018939"/>
  </frame>
  <frame idx="150" w="298" h="701" x="-33.701202" y="-248.725159">
   <element name="item" layername="item" frame="0" z_index="3" m_a="1.000000" m_b="0.000000" m_c="0.000000" m_d="1.000000" m_tx="0.435606" m_ty="0.018939"/>
  </frame>
  <frame idx="175" w="298" h="701" x="-33.701202" y="-248.725159">
   <element name="item" layername="item" frame="0" z_index="3" m_a="1.000000" m_b="0.000000" m_c="0.000000" m_d="1.000000" m_tx="0.435606" m_ty="0.018939"/>
  </frame>
  <frame idx="200" w="298" h="701" x="-33.701202" y="-248.725159">
   <element name="item" layername="item" frame="0" z_index="3" m_a="1.000000" m_b="0.000000" m_c="0.000000" m_d="1.000000" m_tx="0.435606" m_ty="0.018939"/>
  </frame>
  <frame idx="225" w="298" h="701" x="-33.701202" y="-248.725159">
   <element name="item" layername="item" frame="0" z_index="3" m_a="1.000000" m_b="0.000000" m_c="0.000000" m_d="1.000000" m_tx="0.435606" m_ty="0.018939"/>
  </frame>
  <frame idx="250" w="298" h="701" x="-33.701202" y="-248.725159">
   <element name="item" layername="item" frame="0" z_index="3" m_a="1.000000" m_b="0.000000" m_c="0.000000" m_d="1.000000" m_tx="0.435606" m_ty="0.018939"/>
  </frame>
  <frame idx="275" w="298" h="701" x="-33.701202" y="-248.725159">
   <element name="item" layername="item" frame="0" z_index="3" m_a="1.000000" m_b="0.000000" m_c="0.000000" m_d="1.000000" m_tx="0.435606" m_ty="0.018939"/>
  </frame>
  <frame idx="300" w="298" h="701" x="-33.701202" y="-248.725159">
   <element name="item" layername="item" frame="0" z_index="3" m_a="1.000000" m_b="0.000000" m_c="0.000000" m_d="1.000000" m_tx="0.435606" m_ty="0.018939"/>
  </frame>
  <frame idx="325" w="298" h="701" x="-33.701202" y="-248.725159">
   <element name="item" layername="item" frame="0" z_index="3" m_a="1.000000" m_b="0.000000" m_c="0.000000" m_d="1.000000" m_tx="0.435606" m_ty="0.018939"/>
  </frame>
  <frame idx="350" w="298" h="701" x="-33.701202" y="-248.725159">
   <element name="item" layername="item" frame="0" z_index="3" m_a="1.000000" m_b="0.000000" m_c="0.000000" m_d="1.000000" m_tx="0.435606" m_ty="0.018939"/>
  </frame>
  <frame idx="375" w="298" h="701" x="-33.701202" y="-248.725159">
   <element name="item" layername="item" frame="0" z_index="3" m_a="1.000000" m_b="0.000000" m_c="0.000000" m_d="1.000000" m_tx="0.435606" m_ty="0.018939"/>
  </frame>
  <frame idx="400" w="298" h="701" x="-33.701202" y="-248.725159">
   <element name="item" layername="item" frame="0" z_index="3" m_a="1.000000" m_b="0.000000" m_c="0.000000" m_d="1.000000" m_tx="0.435606" m_ty="0.018939"/>
  </frame>
  <frame idx="425" w="298" h="701" x="-33.701202" y="-248.725159">
   <element name="item" layername="item" frame="0" z_index="3" m_a="1.000000" m_b="0.000000" m_c="0.000000" m_d="1.000000" m_tx="0.435606" m_ty="0.018939"/>
  </frame>
  <frame idx="450" w="298" h="701" x="-33.701202" y="-248.725159">
   <element name="item" layername="item" frame="0" z_index="3" m_a="1.000000" m_b="0.000000" m_c="0.000000" m_d="1.000000" m_tx="0.435606" m_ty="0.018939"/>
  </frame>
  <frame idx="475" w="298" h="701" x="-33.701202" y="-248.725159">
   <element name="item" layername="item" frame="0" z_index="3" m_a="1.000000" m_b="0.000000" m_c="0.000000" m_d="1.000000" m_tx="0.435606" m_ty="0.018939"/>
  </frame>
  <frame idx="500" w="298" h="701" x="-33.701202" y="-248.725159">
   <element name="item" layername="item" frame="0" z_index="3" m_a="1.000000" m_b="0.000000" m_c="0.000000" m_d="1.000000" m_tx="0.435606" m_ty="0.018939"/>
  </frame>
  <frame idx="525" w="298" h="701" x="-33.701202" y="-248.725159">
   <element name="item" layername="item" frame="0" z_index="3" m_a="1.000000" m_b="0.000000" m_c="0.000000" m_d="1.000000" m_tx="0.435606" m_ty="0.018939"/>
  </frame>
  <frame idx="550" w="298" h="701" x="-33.701202" y="-248.725159">
   <element name="item" layername="item" frame="0" z_index="3" m_a="1.000000" m_b="0.000000" m_c="0.000000" m_d="1.000000" m_tx="0.435606" m_ty="0.018939"/>
  </frame>
  <frame idx="575" w="298" h="701" x="-33.701202" y="-248.725159">
   <element name="item" layername="item" frame="0" z_index="3" m_a="1.000000" m_b="0.000000" m_c="0.000000" m_d="1.000000" m_tx="0.435606" m_ty="0.018939"/>
  </frame>
  <frame idx="600" w="298" h="701" x="-33.701202" y="-248.725159">
   <element name="item" layername="item" frame="0" z_index="3" m_a="1.000000" m_b="0.000000" m_c="0.000000" m_d="1.000000" m_tx="0.435606" m_ty="0.018939"/>
  </frame>
  <frame idx="625" w="298" h="701" x="-33.701202" y="-248.725159">
   <element name="item" layername="item" frame="0" z_index="3" m_a="1.000000" m_b="0.000000" m_c="0.000000" m_d="1.000000" m_tx="0.435606" m_ty="0.018939"/>
  </frame>
  <frame idx="650" w="298" h="701" x="-33.701202" y="-248.725159">
   <element name="item" layername="item" frame="0" z_index="3" m_a="1.000000" m_b="0.000000" m_c="0.000000" m_d="1.000000" m_tx="0.435606" m_ty="0.018939"/>
  </frame>
  <frame idx="675" w="298" h="701" x="-33.701202" y="-248.725159">
   <element name="item" layername="item" frame="0" z_index="3" m_a="1.000000" m_b="0.000000" m_c="0.000000" m_d="1.000000" m_tx="0.435606" m_ty="0.018939"/>
  </frame>
  <frame idx="700" w="298" h="701" x="-33.701202" y="-248.725159">
   <element name="item" layername="item" frame="0" z_index="3" m_a="1.000000" m_b="0.000000" m_c="0.000000" m_d="1.000000" m_tx="0.435606" m_ty="0.018939"/>
  </frame>
  <frame idx="725" w="298" h="701" x="-33.701202" y="-248.725159">
   <element name="item" layername="item" frame="0" z_index="3" m_a="1.000000" m_b="0.000000" m_c="0.000000" m_d="1.000000" m_tx="0.435606" m_ty="0.018939"/>
  </frame>
  <frame idx="750" w="298" h="701" x="-33.701202" y="-248.725159">
   <element name="item" layername="item" frame="0" z_index="3" m_a="1.000000" m_b="0.000000" m_c="0.000000" m_d="1.000000" m_tx="0.435606" m_ty="0.018939"/>
  </frame>
  <frame idx="775" w="298" h="701" x="-33.701202" y="-248.725159">
   <element name="item" layername="item" frame="0" z_index="3" m_a="1.000000" m_b="0.000000" m_c="0.000000" m_d="1.000000" m_tx="0.435606" m_ty="0.018939"/>
  </frame>
  <frame idx="800" w="298" h="701" x="-33.701202" y="-248.725159">
   <element name="item" layername="item" frame="0" z_index="3" m_a="1.000000" m_b="0.000000" m_c="0.000000" m_d="1.000000" m_tx="0.435606" m_ty="0.018939"/>
  </frame>
  <frame idx="825" w="298" h="701" x="-33.701202" y="-248.725159">
   <element name="item" layername="item" frame="0" z_index="3" m_a="1.000000" m_b="0.000000" m_c="0.000000" m_d="1.000000" m_tx="0.435606" m_ty="0.018939"/>
  </frame>
  <frame idx="850" w="298" h="701" x="-33.701202" y="-248.725159">
   <element name="item" layername="item" frame="0" z_index="3" m_a="1.000000" m_b="0.000000" m_c="0.000000" m_d="1.000000" m_tx="0.435606" m_ty="0.018939"/>
  </frame>
  <frame idx="875" w="298" h="701" x="-33.701202" y="-248.725159">
   <element name="item" layername="item" frame="0" z_index="3" m_a="1.000000" m_b="0.000000" m_c="0.000000" m_d="1.000000" m_tx="0.435606" m_ty="0.018939"/>
  </frame>
  <frame idx="900" w="298" h="701" x="-33.701202" y="-248.725159">
   <element name="item" layername="item" frame="0" z_index="3" m_a="1.000000" m_b="0.000000" m_c="0.000000" m_d="1.000000" m_tx="0.435606" m_ty="0.018939"/>
  </frame>
  <frame idx="925" w="298" h="701" x="-33.701202" y="-248.725159">
   <element name="item" layername="item" frame="0" z_index="3" m_a="1.000000" m_b="0.000000" m_c="0.000000" m_d="1.000000" m_tx="0.435606" m_ty="0.018939"/>
  </frame>
  <frame idx="950" w="298" h="701" x="-33.701202" y="-248.725159">
   <element name="item" layername="item" frame="0" z_index="3" m_a="1.000000" m_b="0.000000" m_c="0.000000" m_d="1.000000" m_tx="0.435606" m_ty="0.018939"/>
  </frame>
  <frame idx="975" w="298" h="701" x="-33.701202" y="-248.725159">
   <element name="item" layername="item" frame="0" z_index="3" m_a="1.000000" m_b="0.000000" m_c="0.000000" m_d="1.000000" m_tx="0.435606" m_ty="0.018939"/>
  </frame>
 </anim>
 <anim name="idle_water" root="tp_sign_staff" numframes="2000" framerate="40">
  <frame idx="0" w="479" h="223" x="-45.808670" y="-25.366730">
   <element name="item_water" layername="item_water" frame="0" z_index="3" m_a="1.000000" m_b="0.000000" m_c="0.000000" m_d="1.000000" m_tx="6.137390" m_ty="-12.500000"/>
  </frame>
  <frame idx="25" w="479" h="223" x="-45.808670" y="-25.266331">
   <element name="item_water" layername="item_water" frame="0" z_index="3" m_a="1.000000" m_b="0.000000" m_c="0.000000" m_d="1.000000" m_tx="6.137390" m_ty="-12.399600"/>
  </frame>
  <frame idx="50" w="479" h="223" x="-45.808670" y="-25.165930">
   <element name="item_water" layername="item_water" frame="0" z_index="3" m_a="1.000000" m_b="0.000000" m_c="0.000000" m_d="1.000000" m_tx="6.137390" m_ty="-12.299200"/>
  </frame>
  <frame idx="75" w="479" h="223" x="-45.808670" y="-25.069391">
   <element name="item_water" layername="item_water" frame="0" z_index="3" m_a="1.000000" m_b="0.000000" m_c="0.000000" m_d="1.000000" m_tx="6.137390" m_ty="-12.202662"/>
  </frame>
  <frame idx="100" w="479" h="223" x="-45.808670" y="-24.965130">
   <element name="item_water" layername="item_water" frame="0" z_index="3" m_a="1.000000" m_b="0.000000" m_c="0.000000" m_d="1.000000" m_tx="6.137390" m_ty="-12.098400"/>
  </frame>
  <frame idx="125" w="479" h="223" x="-45.808670" y="-24.864731">
   <element name="item_water" layername="item_water" frame="0" z_index="3" m_a="1.000000" m_b="0.000000" m_c="0.000000" m_d="1.000000" m_tx="6.137390" m_ty="-11.998000"/>
  </frame>
  <frame idx="150" w="479" h="221" x="-45.808670" y="-24.264330">
   <element name="item_water" layername="item_water" frame="0" z_index="3" m_a="1.000000" m_b="0.000000" m_c="0.000000" m_d="1.000000" m_tx="6.137390" m_ty="-11.897600"/>
  </frame>
  <frame idx="175" w="479" h="221" x="-45.808670" y="-24.163929">
   <element name="item_water" layername="item_water" frame="0" z_index="3" m_a="1.000000" m_b="0.000000" m_c="0.000000" m_d="1.000000" m_tx="6.137390" m_ty="-11.797200"/>
  </frame>
  <frame idx="200" w="479" h="221" x="-45.808670" y="-24.063530">
   <element name="item_water" layername="item_water" frame="0" z_index="3" m_a="1.000000" m_b="0.000000" m_c="0.000000" m_d="1.000000" m_tx="6.137390" m_ty="-11.696800"/>
  </frame>
  <frame idx="225" w="479" h="221" x="-45.808670" y="-23.963131">
   <element name="item_water" layername="item_water" frame="0" z_index="3" m_a="1.000000" m_b="0.000000" m_c="0.000000" m_d="1.000000" m_tx="6.137390" m_ty="-11.596400"/>
  </frame>
  <frame idx="250" w="479" h="221" x="-45.808670" y="-23.862730">
   <element name="item_water" layername="item_water" frame="0" z_index="3" m_a="1.000000" m_b="0.000000" m_c="0.000000" m_d="1.000000" m_tx="6.137390" m_ty="-11.496000"/>
  </frame>
  <frame idx="275" w="479" h="221" x="-45.808670" y="-23.762329">
   <element name="item_water" layername="item_water" frame="0" z_index="3" m_a="1.000000" m_b="0.000000" m_c="0.000000" m_d="1.000000" m_tx="6.137390" m_ty="-11.395600"/>
  </frame>
  <frame idx="300" w="479" h="221" x="-45.808670" y="-23.661930">
   <element name="item_water" layername="item_water" frame="0" z_index="3" m_a="1.000000" m_b="0.000000" m_c="0.000000" m_d="1.000000" m_tx="6.137390" m_ty="-11.295200"/>
  </frame>
  <frame idx="325" w="479" h="221" x="-45.808670" y="-23.561531">
   <element name="item_water" layername="item_water" frame="0" z_index="3" m_a="1.000000" m_b="0.000000" m_c="0.000000" m_d="1.000000" m_tx="6.137390" m_ty="-11.194800"/>
  </frame>
  <frame idx="350" w="479" h="221" x="-45.808670" y="-23.464993">
   <element name="item_water" layername="item_water" frame="0" z_index="3" m_a="1.000000" m_b="0.000000" m_c="0.000000" m_d="1.000000" m_tx="6.137390" m_ty="-11.098262"/>
  </frame>
  <frame idx="375" w="479" h="221" x="-45.808670" y="-23.364746">
   <element name="item_water" layername="item_water" frame="0" z_index="3" m_a="1.000000" m_b="0.000000" m_c="0.000000" m_d="1.000000" m_tx="6.137390" m_ty="-10.998016"/>
  </frame>
  <frame idx="400" w="479" h="220" x="-45.808670" y="-23.264347">
   <element name="item_water" layername="item_water" frame="0" z_index="3" m_a="1.000000" m_b="0.000000" m_c="0.000000" m_d="1.000000" m_tx="6.137390" m_ty="-10.897616"/>
  </frame>
  <frame idx="425" w="479" h="220" x="-45.808670" y="-23.163944">
   <element name="item_water" layername="item_water" frame="0" z_index="3" m_a="1.000000" m_b="0.000000" m_c="0.000000" m_d="1.000000" m_tx="6.137390" m_ty="-10.797215"/>
  </frame>
  <frame idx="450" w="479" h="220" x="-45.808670" y="-23.063545">
   <element name="item_water" layername="item_water" frame="0" z_index="3" m_a="1.000000" m_b="0.000000" m_c="0.000000" m_d="1.000000" m_tx="6.137390" m_ty="-10.696815"/>
  </frame>
  <frame idx="475" w="479" h="220" x="-45.808670" y="-22.963146">
   <element name="item_water" layername="item_water" frame="0" z_index="3" m_a="1.000000" m_b="0.000000" m_c="0.000000" m_d="1.000000" m_tx="6.137390" m_ty="-10.596416"/>
  </frame>
  <frame idx="500" w="479" h="220" x="-45.808670" y="-22.862745">
   <element name="item_water" layername="item_water" frame="0" z_index="3" m_a="1.000000" m_b="0.000000" m_c="0.000000" m_d="1.000000" m_tx="6.137390" m_ty="-10.496016"/>
  </frame>
  <frame idx="525" w="479" h="220" x="-45.808670" y="-22.762344">
   <element name="item_water" layername="item_water" frame="0" z_index="3" m_a="1.000000" m_b="0.000000" m_c="0.000000" m_d="1.000000" m_tx="6.137390" m_ty="-10.395616"/>
  </frame>
  <frame idx="550" w="479" h="220" x="-45.808670" y="-22.661945">
   <element name="item_water" layername="item_water" frame="0" z_index="3" m_a="1.000000" m_b="0.000000" m_c="0.000000" m_d="1.000000" m_tx="6.137390" m_ty="-10.295216"/>
  </frame>
  <frame idx="575" w="479" h="220" x="-45.808670" y="-22.561546">
   <element name="item_water" layername="item_water" frame="0" z_index="3" m_a="1.000000" m_b="0.000000" m_c="0.000000" m_d="1.000000" m_tx="6.137390" m_ty="-10.194816"/>
  </frame>
  <frame idx="600" w="479" h="220" x="-45.808670" y="-22.461145">
   <element name="item_water" layername="item_water" frame="0" z_index="3" m_a="1.000000" m_b="0.000000" m_c="0.000000" m_d="1.000000" m_tx="6.137390" m_ty="-10.094416"/>
  </frame>
  <frame idx="625" w="479" h="220" x="-45.808670" y="-22.360706">
   <element name="item_water" layername="item_water" frame="0" z_index="3" m_a="1.000000" m_b="0.000000" m_c="0.000000" m_d="1.000000" m_tx="6.137390" m_ty="-9.993978"/>
  </frame>
  <frame idx="650" w="479" h="219" x="-45.808670" y="-22.260305">
   <element name="item_water" layername="item_water" frame="0" z_index="3" m_a="1.000000" m_b="0.000000" m_c="0.000000" m_d="1.000000" m_tx="6.137390" m_ty="-9.893576"/>
  </frame>
  <frame idx="675" w="479" h="219" x="-45.808670" y="-22.159904">
   <element name="item_water" layername="item_water" frame="0" z_index="3" m_a="1.000000" m_b="0.000000" m_c="0.000000" m_d="1.000000" m_tx="6.137390" m_ty="-9.793176"/>
  </frame>
  <frame idx="700" w="479" h="219" x="-45.808670" y="-22.059505">
   <element name="item_water" layername="item_water" frame="0" z_index="3" m_a="1.000000" m_b="0.000000" m_c="0.000000" m_d="1.000000" m_tx="6.137390" m_ty="-9.692776"/>
  </frame>
  <frame idx="725" w="479" h="219" x="-45.808670" y="-21.959095">
   <element name="item_water" layername="item_water" frame="0" z_index="3" m_a="1.000000" m_b="0.000000" m_c="0.000000" m_d="1.000000" m_tx="6.137390" m_ty="-9.592366"/>
  </frame>
  <frame idx="750" w="479" h="219" x="-45.808670" y="-21.858696">
   <element name="item_water" layername="item_water" frame="0" z_index="3" m_a="1.000000" m_b="0.000000" m_c="0.000000" m_d="1.000000" m_tx="6.137390" m_ty="-9.491966"/>
  </frame>
  <frame idx="775" w="479" h="219" x="-45.808670" y="-21.758297">
   <element name="item_water" layername="item_water" frame="0" z_index="3" m_a="1.000000" m_b="0.000000" m_c="0.000000" m_d="1.000000" m_tx="6.137390" m_ty="-9.391566"/>
  </frame>
  <frame idx="800" w="479" h="219" x="-45.808670" y="-21.657896">
   <element name="item_water" layername="item_water" frame="0" z_index="3" m_a="1.000000" m_b="0.000000" m_c="0.000000" m_d="1.000000" m_tx="6.137390" m_ty="-9.291166"/>
  </frame>
  <frame idx="825" w="479" h="219" x="-45.808670" y="-21.557495">
   <element name="item_water" layername="item_water" frame="0" z_index="3" m_a="1.000000" m_b="0.000000" m_c="0.000000" m_d="1.000000" m_tx="6.137390" m_ty="-9.190766"/>
  </frame>
  <frame idx="850" w="479" h="219" x="-45.808670" y="-21.457096">
   <element name="item_water" layername="item_water" frame="0" z_index="3" m_a="1.000000" m_b="0.000000" m_c="0.000000" m_d="1.000000" m_tx="6.137390" m_ty="-9.090366"/>
  </frame>
  <frame idx="875" w="479" h="219" x="-45.808670" y="-21.356686">
   <element name="item_water" layername="item_water" frame="0" z_index="3" m_a="1.000000" m_b="0.000000" m_c="0.000000" m_d="1.000000" m_tx="6.137390" m_ty="-8.989957"/>
  </frame>
  <frame idx="900" w="479" h="218" x="-45.808670" y="-21.256287">
   <element name="item_water" layername="item_water" frame="0" z_index="3" m_a="1.000000" m_b="0.000000" m_c="0.000000" m_d="1.000000" m_tx="6.137390" m_ty="-8.889556"/>
  </frame>
  <frame idx="925" w="479" h="218" x="-45.808670" y="-21.155886">
   <element name="item_water" layername="item_water" frame="0" z_index="3" m_a="1.000000" m_b="0.000000" m_c="0.000000" m_d="1.000000" m_tx="6.137390" m_ty="-8.789156"/>
  </frame>
  <frame idx="950" w="479" h="218" x="-45.808670" y="-21.055485">
   <element name="item_water" layername="item_water" frame="0" z_index="3" m_a="1.000000" m_b="0.000000" m_c="0.000000" m_d="1.000000" m_tx="6.137390" m_ty="-8.688756"/>
  </frame>
  <frame idx="975" w="479" h="218" x="-45.808670" y="-20.955086">
   <element name="item_water" layername="item_water" frame="0" z_index="3" m_a="1.000000" m_b="0.000000" m_c="0.000000" m_d="1.000000" m_tx="6.137390" m_ty="-8.588356"/>
  </frame>
  <frame idx="1000" w="479" h="218" x="-45.808670" y="-20.885406">
   <element name="item_water" layername="item_water" frame="0" z_index="3" m_a="1.000000" m_b="0.000000" m_c="0.000000" m_d="1.000000" m_tx="6.137390" m_ty="-8.518676"/>
  </frame>
  <frame idx="1025" w="479" h="218" x="-45.808670" y="-20.978285">
   <element name="item_water" layername="item_water" frame="0" z_index="3" m_a="1.000000" m_b="0.000000" m_c="0.000000" m_d="1.000000" m_tx="6.137390" m_ty="-8.611555"/>
  </frame>
  <frame idx="1050" w="479" h="218" x="-45.808670" y="-21.077885">
   <element name="item_water" layername="item_water" frame="0" z_index="3" m_a="1.000000" m_b="0.000000" m_c="0.000000" m_d="1.000000" m_tx="6.137390" m_ty="-8.711156"/>
  </frame>
  <frame idx="1075" w="479" h="218" x="-45.808670" y="-21.177486">
   <element name="item_water" layername="item_water" frame="0" z_index="3" m_a="1.000000" m_b="0.000000" m_c="0.000000" m_d="1.000000" m_tx="6.137390" m_ty="-8.810756"/>
  </frame>
  <frame idx="1100" w="479" h="218" x="-45.808670" y="-21.281071">
   <element name="item_water" layername="item_water" frame="0" z_index="3" m_a="1.000000" m_b="0.000000" m_c="0.000000" m_d="1.000000" m_tx="6.137390" m_ty="-8.914340"/>
  </frame>
  <frame idx="1125" w="479" h="219" x="-45.808670" y="-21.380669">
   <element name="item_water" layername="item_water" frame="0" z_index="3" m_a="1.000000" m_b="0.000000" m_c="0.000000" m_d="1.000000" m_tx="6.137390" m_ty="-9.013940"/>
  </frame>
  <frame idx="1150" w="479" h="219" x="-45.808670" y="-21.480280">
   <element name="item_water" layername="item_water" frame="0" z_index="3" m_a="1.000000" m_b="0.000000" m_c="0.000000" m_d="1.000000" m_tx="6.137390" m_ty="-9.113550"/>
  </frame>
  <frame idx="1175" w="479" h="219" x="-45.808670" y="-21.579880">
   <element name="item_water" layername="item_water" frame="0" z_index="3" m_a="1.000000" m_b="0.000000" m_c="0.000000" m_d="1.000000" m_tx="6.137390" m_ty="-9.213150"/>
  </frame>
  <frame idx="1200" w="479" h="219" x="-45.808670" y="-21.679480">
   <element name="item_water" layername="item_water" frame="0" z_index="3" m_a="1.000000" m_b="0.000000" m_c="0.000000" m_d="1.000000" m_tx="6.137390" m_ty="-9.312750"/>
  </frame>
  <frame idx="1225" w="479" h="219" x="-45.808670" y="-21.779079">
   <element name="item_water" layername="item_water" frame="0" z_index="3" m_a="1.000000" m_b="0.000000" m_c="0.000000" m_d="1.000000" m_tx="6.137390" m_ty="-9.412350"/>
  </frame>
  <frame idx="1250" w="479" h="219" x="-45.808670" y="-21.878679">
   <element name="item_water" layername="item_water" frame="0" z_index="3" m_a="1.000000" m_b="0.000000" m_c="0.000000" m_d="1.000000" m_tx="6.137390" m_ty="-9.511950"/>
  </frame>
  <frame idx="1275" w="479" h="219" x="-45.808670" y="-21.978279">
   <element name="item_water" layername="item_water" frame="0" z_index="3" m_a="1.000000" m_b="0.000000" m_c="0.000000" m_d="1.000000" m_tx="6.137390" m_ty="-9.611550"/>
  </frame>
  <frame idx="1300" w="479" h="219" x="-45.808670" y="-22.077881">
   <element name="item_water" layername="item_water" frame="0" z_index="3" m_a="1.000000" m_b="0.000000" m_c="0.000000" m_d="1.000000" m_tx="6.137390" m_ty="-9.711150"/>
  </frame>
  <frame idx="1325" w="479" h="219" x="-45.808670" y="-22.177490">
   <element name="item_water" layername="item_water" frame="0" z_index="3" m_a="1.000000" m_b="0.000000" m_c="0.000000" m_d="1.000000" m_tx="6.137390" m_ty="-9.810760"/>
  </frame>
  <frame idx="1350" w="479" h="219" x="-45.808670" y="-22.277090">
   <element name="item_water" layername="item_water" frame="0" z_index="3" m_a="1.000000" m_b="0.000000" m_c="0.000000" m_d="1.000000" m_tx="6.137390" m_ty="-9.910360"/>
  </frame>
  <frame idx="1375" w="479" h="220" x="-45.808670" y="-22.376730">
   <element name="item_water" layername="item_water" frame="0" z_index="3" m_a="1.000000" m_b="0.000000" m_c="0.000000" m_d="1.000000" m_tx="6.137390" m_ty="-10.010000"/>
  </frame>
  <frame idx="1400" w="479" h="220" x="-45.808670" y="-22.476330">
   <element name="item_water" layername="item_water" frame="0" z_index="3" m_a="1.000000" m_b="0.000000" m_c="0.000000" m_d="1.000000" m_tx="6.137390" m_ty="-10.109600"/>
  </frame>
  <frame idx="1425" w="479" h="220" x="-45.808670" y="-22.575930">
   <element name="item_water" layername="item_water" frame="0" z_index="3" m_a="1.000000" m_b="0.000000" m_c="0.000000" m_d="1.000000" m_tx="6.137390" m_ty="-10.209200"/>
  </frame>
  <frame idx="1450" w="479" h="220" x="-45.808670" y="-22.675529">
   <element name="item_water" layername="item_water" frame="0" z_index="3" m_a="1.000000" m_b="0.000000" m_c="0.000000" m_d="1.000000" m_tx="6.137390" m_ty="-10.308800"/>
  </frame>
  <frame idx="1475" w="479" h="220" x="-45.808670" y="-22.775129">
   <element name="item_water" layername="item_water" frame="0" z_index="3" m_a="1.000000" m_b="0.000000" m_c="0.000000" m_d="1.000000" m_tx="6.137390" m_ty="-10.408400"/>
  </frame>
  <frame idx="1500" w="479" h="220" x="-45.808670" y="-22.874729">
   <element name="item_water" layername="item_water" frame="0" z_index="3" m_a="1.000000" m_b="0.000000" m_c="0.000000" m_d="1.000000" m_tx="6.137390" m_ty="-10.508000"/>
  </frame>
  <frame idx="1525" w="479" h="220" x="-45.808670" y="-22.974331">
   <element name="item_water" layername="item_water" frame="0" z_index="3" m_a="1.000000" m_b="0.000000" m_c="0.000000" m_d="1.000000" m_tx="6.137390" m_ty="-10.607600"/>
  </frame>
  <frame idx="1550" w="479" h="220" x="-45.808670" y="-23.073929">
   <element name="item_water" layername="item_water" frame="0" z_index="3" m_a="1.000000" m_b="0.000000" m_c="0.000000" m_d="1.000000" m_tx="6.137390" m_ty="-10.707200"/>
  </frame>
  <frame idx="1575" w="479" h="220" x="-45.808670" y="-23.173531">
   <element name="item_water" layername="item_water" frame="0" z_index="3" m_a="1.000000" m_b="0.000000" m_c="0.000000" m_d="1.000000" m_tx="6.137390" m_ty="-10.806800"/>
  </frame>
  <frame idx="1600" w="479" h="220" x="-45.808670" y="-23.273129">
   <element name="item_water" layername="item_water" frame="0" z_index="3" m_a="1.000000" m_b="0.000000" m_c="0.000000" m_d="1.000000" m_tx="6.137390" m_ty="-10.906400"/>
  </frame>
  <frame idx="1625" w="479" h="221" x="-45.808670" y="-23.372730">
   <element name="item_water" layername="item_water" frame="0" z_index="3" m_a="1.000000" m_b="0.000000" m_c="0.000000" m_d="1.000000" m_tx="6.137390" m_ty="-11.006000"/>
  </frame>
  <frame idx="1650" w="479" h="221" x="-45.808670" y="-23.472330">
   <element name="item_water" layername="item_water" frame="0" z_index="3" m_a="1.000000" m_b="0.000000" m_c="0.000000" m_d="1.000000" m_tx="6.137390" m_ty="-11.105600"/>
  </frame>
  <frame idx="1675" w="479" h="221" x="-45.808670" y="-23.571930">
   <element name="item_water" layername="item_water" frame="0" z_index="3" m_a="1.000000" m_b="0.000000" m_c="0.000000" m_d="1.000000" m_tx="6.137390" m_ty="-11.205200"/>
  </frame>
  <frame idx="1700" w="479" h="221" x="-45.808670" y="-23.671530">
   <element name="item_water" layername="item_water" frame="0" z_index="3" m_a="1.000000" m_b="0.000000" m_c="0.000000" m_d="1.000000" m_tx="6.137390" m_ty="-11.304800"/>
  </frame>
  <frame idx="1725" w="479" h="221" x="-45.808670" y="-23.771130">
   <element name="item_water" layername="item_water" frame="0" z_index="3" m_a="1.000000" m_b="0.000000" m_c="0.000000" m_d="1.000000" m_tx="6.137390" m_ty="-11.404400"/>
  </frame>
  <frame idx="1750" w="479" h="221" x="-45.808670" y="-23.870729">
   <element name="item_water" layername="item_water" frame="0" z_index="3" m_a="1.000000" m_b="0.000000" m_c="0.000000" m_d="1.000000" m_tx="6.137390" m_ty="-11.504000"/>
  </frame>
  <frame idx="1775" w="479" h="221" x="-45.808670" y="-23.970329">
   <element name="item_water" layername="item_water" frame="0" z_index="3" m_a="1.000000" m_b="0.000000" m_c="0.000000" m_d="1.000000" m_tx="6.137390" m_ty="-11.603600"/>
  </frame>
  <frame idx="1800" w="479" h="221" x="-45.808670" y="-24.069931">
   <element name="item_water" layername="item_water" frame="0" z_index="3" m_a="1.000000" m_b="0.000000" m_c="0.000000" m_d="1.000000" m_tx="6.137390" m_ty="-11.703200"/>
  </frame>
  <frame idx="1825" w="479" h="221" x="-45.808670" y="-24.169529">
   <element name="item_water" layername="item_water" frame="0" z_index="3" m_a="1.000000" m_b="0.000000" m_c="0.000000" m_d="1.000000" m_tx="6.137390" m_ty="-11.802800"/>
  </frame>
  <frame idx="1850" w="479" h="221" x="-45.808670" y="-24.269131">
   <element name="item_water" layername="item_water" frame="0" z_index="3" m_a="1.000000" m_b="0.000000" m_c="0.000000" m_d="1.000000" m_tx="6.137390" m_ty="-11.902400"/>
  </frame>
  <frame idx="1875" w="479" h="223" x="-45.808670" y="-24.868729">
   <element name="item_water" layername="item_water" frame="0" z_index="3" m_a="1.000000" m_b="0.000000" m_c="0.000000" m_d="1.000000" m_tx="6.137390" m_ty="-12.002000"/>
  </frame>
  <frame idx="1900" w="479" h="223" x="-45.808670" y="-24.968330">
   <element name="item_water" layername="item_water" frame="0" z_index="3" m_a="1.000000" m_b="0.000000" m_c="0.000000" m_d="1.000000" m_tx="6.137390" m_ty="-12.101600"/>
  </frame>
  <frame idx="1925" w="479" h="223" x="-45.808670" y="-25.067928">
   <element name="item_water" layername="item_water" frame="0" z_index="3" m_a="1.000000" m_b="0.000000" m_c="0.000000" m_d="1.000000" m_tx="6.137390" m_ty="-12.201200"/>
  </frame>
  <frame idx="1950" w="479" h="223" x="-45.808670" y="-25.167530">
   <element name="item_water" layername="item_water" frame="0" z_index="3" m_a="1.000000" m_b="0.000000" m_c="0.000000" m_d="1.000000" m_tx="6.137390" m_ty="-12.300800"/>
  </frame>
  <frame idx="1975" w="479" h="223" x="-45.808670" y="-25.267130">
   <element name="item_water" layername="item_water" frame="0" z_index="3" m_a="1.000000" m_b="0.000000" m_c="0.000000" m_d="1.000000" m_tx="6.137390" m_ty="-12.400400"/>
  </frame>
 </anim>
</Anims>
