<Anims>
 <anim name="idle" root="pig_lamp" numframes="125" framerate="40">
  <frame idx="0" w="191" h="182" x="-38.090210" y="-35.228039">
   <element name="tarlamp01" layername="tarlam" frame="0" z_index="6" m_a="1.173370" m_b="0.000000" m_c="0.000000" m_d="1.128650" m_tx="-77.649002" m_ty="-24.448999"/>
  </frame>
  <frame idx="25" w="191" h="182" x="-38.090210" y="-35.228039">
   <element name="tarlamp01" layername="tarlam" frame="0" z_index="6" m_a="1.173370" m_b="0.000000" m_c="0.000000" m_d="1.128650" m_tx="-77.649002" m_ty="-24.448999"/>
  </frame>
  <frame idx="50" w="191" h="182" x="-38.090210" y="-35.228039">
   <element name="tarlamp01" layername="tarlam" frame="0" z_index="6" m_a="1.173370" m_b="0.000000" m_c="0.000000" m_d="1.128650" m_tx="-77.649002" m_ty="-24.448999"/>
  </frame>
  <frame idx="75" w="191" h="182" x="-38.090210" y="-35.228039">
   <element name="tarlamp01" layername="tarlam" frame="0" z_index="6" m_a="1.173370" m_b="0.000000" m_c="0.000000" m_d="1.128650" m_tx="-77.649002" m_ty="-24.448999"/>
  </frame>
  <frame idx="100" w="191" h="182" x="-38.090210" y="-35.228039">
   <element name="tarlamp01" layername="tarlam" frame="0" z_index="6" m_a="1.173370" m_b="0.000000" m_c="0.000000" m_d="1.128650" m_tx="-77.649002" m_ty="-24.448999"/>
  </frame>
 </anim>
 <anim name="idle_water" root="pig_lamp" numframes="1200" framerate="40">
  <frame idx="0" w="209" h="176" x="-36.903938" y="-36.420200">
   <element name="tarlamp01" layername="tarlam" frame="1" z_index="6" m_a="1.203432" m_b="-0.075048" m_c="0.070506" m_d="1.130604" m_tx="-76.999001" m_ty="-20.899000"/>
  </frame>
  <frame idx="25" w="209" h="176" x="-36.927269" y="-36.205456">
   <element name="tarlamp01" layername="tarlam" frame="1" z_index="6" m_a="1.204530" m_b="-0.074335" m_c="0.069703" m_d="1.129467" m_tx="-77.072525" m_ty="-20.715178"/>
  </frame>
  <frame idx="50" w="209" h="176" x="-36.896545" y="-36.059540">
   <element name="tarlamp01" layername="tarlam" frame="1" z_index="6" m_a="1.205748" m_b="-0.074128" m_c="0.069373" m_d="1.128400" m_tx="-77.098999" m_ty="-20.576273"/>
  </frame>
  <frame idx="75" w="209" h="174" x="-36.835518" y="-35.440266">
   <element name="tarlamp01" layername="tarlam" frame="1" z_index="6" m_a="1.207031" m_b="-0.074205" m_c="0.069307" m_d="1.127365" m_tx="-77.098999" m_ty="-20.450516"/>
  </frame>
  <frame idx="100" w="209" h="174" x="-36.774738" y="-35.295288">
   <element name="tarlamp01" layername="tarlam" frame="1" z_index="6" m_a="1.208309" m_b="-0.074282" m_c="0.069242" m_d="1.126314" m_tx="-77.098999" m_ty="-20.299000"/>
  </frame>
  <frame idx="125" w="209" h="174" x="-36.752502" y="-35.154732">
   <element name="tarlamp01" layername="tarlam" frame="1" z_index="6" m_a="1.209549" m_b="-0.074363" m_c="0.069184" m_d="1.125323" m_tx="-77.135765" m_ty="-20.151941"/>
  </frame>
  <frame idx="150" w="211" h="174" x="-37.230530" y="-35.011139">
   <element name="tarlamp01" layername="tarlam" frame="1" z_index="6" m_a="1.210799" m_b="-0.074437" m_c="0.069119" m_d="1.124293" m_tx="-77.173241" m_ty="-20.002031"/>
  </frame>
  <frame idx="175" w="211" h="173" x="-37.208485" y="-34.878197">
   <element name="tarlamp01" layername="tarlam" frame="1" z_index="6" m_a="1.212059" m_b="-0.074513" m_c="0.069053" m_d="1.123250" m_tx="-77.211121" m_ty="-19.862637"/>
  </frame>
  <frame idx="200" w="211" h="173" x="-37.185940" y="-34.771545">
   <element name="tarlamp01" layername="tarlam" frame="1" z_index="6" m_a="1.213329" m_b="-0.074601" m_c="0.068999" m_d="1.122221" m_tx="-77.249001" m_ty="-19.749001"/>
  </frame>
  <frame idx="225" w="211" h="173" x="-37.125896" y="-34.630547">
   <element name="tarlamp01" layername="tarlam" frame="1" z_index="6" m_a="1.214592" m_b="-0.074671" m_c="0.068930" m_d="1.121216" m_tx="-77.249001" m_ty="-19.601942"/>
  </frame>
  <frame idx="250" w="211" h="173" x="-37.089157" y="-34.486610">
   <element name="tarlamp01" layername="tarlam" frame="1" z_index="6" m_a="1.215874" m_b="-0.074738" m_c="0.068856" m_d="1.120187" m_tx="-77.273247" m_ty="-19.452030"/>
  </frame>
  <frame idx="275" w="211" h="172" x="-37.066105" y="-34.329330">
   <element name="tarlamp01" layername="tarlam" frame="1" z_index="6" m_a="1.217155" m_b="-0.074812" m_c="0.068788" m_d="1.119148" m_tx="-77.311127" m_ty="-19.288395"/>
  </frame>
  <frame idx="300" w="212" h="172" x="-37.044281" y="-34.147202">
   <element name="tarlamp01" layername="tarlam" frame="1" z_index="6" m_a="1.218410" m_b="-0.074906" m_c="0.068740" m_d="1.118119" m_tx="-77.348999" m_ty="-19.099001"/>
  </frame>
  <frame idx="325" w="212" h="172" x="-37.022747" y="-34.079876">
   <element name="tarlamp01" layername="tarlam" frame="1" z_index="6" m_a="1.219635" m_b="-0.074980" m_c="0.068678" m_d="1.117128" m_tx="-77.385765" m_ty="-19.025471"/>
  </frame>
  <frame idx="350" w="212" h="172" x="-36.999874" y="-33.962883">
   <element name="tarlamp01" layername="tarlam" frame="1" z_index="6" m_a="1.220904" m_b="-0.075056" m_c="0.068613" m_d="1.116094" m_tx="-77.423241" m_ty="-18.902031"/>
  </frame>
  <frame idx="375" w="212" h="171" x="-36.964130" y="-33.805801">
   <element name="tarlamp01" layername="tarlam" frame="1" z_index="6" m_a="1.222197" m_b="-0.075134" m_c="0.068547" m_d="1.115040" m_tx="-77.448997" m_ty="-18.738394"/>
  </frame>
  <frame idx="400" w="212" h="171" x="-36.902626" y="-33.622910">
   <element name="tarlamp01" layername="tarlam" frame="1" z_index="6" m_a="1.223490" m_b="-0.075211" m_c="0.068480" m_d="1.113997" m_tx="-77.448997" m_ty="-18.549000"/>
  </frame>
  <frame idx="425" w="212" h="171" x="-36.917160" y="-33.482422">
   <element name="tarlamp01" layername="tarlam" frame="1" z_index="6" m_a="1.224730" m_b="-0.075292" m_c="0.068423" m_d="1.112999" m_tx="-77.522530" m_ty="-18.401941"/>
  </frame>
  <frame idx="450" w="213" h="170" x="-36.907730" y="-33.363068">
   <element name="tarlamp01" layername="tarlam" frame="1" z_index="6" m_a="1.225995" m_b="-0.075366" m_c="0.068357" m_d="1.111972" m_tx="-77.573242" m_ty="-18.276274"/>
  </frame>
  <frame idx="475" w="213" h="170" x="-36.872936" y="-33.243641">
   <element name="tarlamp01" layername="tarlam" frame="1" z_index="6" m_a="1.227268" m_b="-0.075440" m_c="0.068289" m_d="1.110933" m_tx="-77.598999" m_ty="-18.150515"/>
  </frame>
  <frame idx="500" w="213" h="170" x="-36.812874" y="-33.098816">
   <element name="tarlamp01" layername="tarlam" frame="1" z_index="6" m_a="1.228531" m_b="-0.075522" m_c="0.068230" m_d="1.109905" m_tx="-77.598999" m_ty="-17.999001"/>
  </frame>
  <frame idx="525" w="213" h="170" x="-36.754234" y="-32.995041">
   <element name="tarlamp01" layername="tarlam" frame="1" z_index="6" m_a="1.229764" m_b="-0.075602" m_c="0.068172" m_d="1.108907" m_tx="-77.598999" m_ty="-17.888706"/>
  </frame>
  <frame idx="550" w="213" h="170" x="-36.693985" y="-32.840843">
   <element name="tarlamp01" layername="tarlam" frame="1" z_index="6" m_a="1.231030" m_b="-0.075685" m_c="0.068113" m_d="1.107874" m_tx="-77.598999" m_ty="-17.727789"/>
  </frame>
  <frame idx="575" w="213" h="168" x="-36.653976" y="-32.194931">
   <element name="tarlamp01" layername="tarlam" frame="1" z_index="6" m_a="1.232367" m_b="-0.076031" m_c="0.068289" m_d="1.106876" m_tx="-77.623238" m_ty="-17.562637"/>
  </frame>
  <frame idx="600" w="214" h="168" x="-36.658890" y="-32.126930">
   <element name="tarlamp01" layername="tarlam" frame="1" z_index="6" m_a="1.233814" m_b="-0.076938" m_c="0.068967" m_d="1.105992" m_tx="-77.698997" m_ty="-17.448999"/>
  </frame>
  <frame idx="625" w="213" h="168" x="-36.656906" y="-32.265755">
   <element name="tarlamp01" layername="tarlam" frame="1" z_index="6" m_a="1.232351" m_b="-0.076048" m_c="0.068308" m_d="1.106931" m_tx="-77.625473" m_ty="-17.632822"/>
  </frame>
  <frame idx="650" w="213" h="170" x="-36.672707" y="-32.908630">
   <element name="tarlamp01" layername="tarlam" frame="1" z_index="6" m_a="1.230968" m_b="-0.075681" m_c="0.068118" m_d="1.107952" m_tx="-77.574760" m_ty="-17.795969"/>
  </frame>
  <frame idx="675" w="213" h="170" x="-36.686596" y="-33.041359">
   <element name="tarlamp01" layername="tarlam" frame="1" z_index="6" m_a="1.229624" m_b="-0.075602" m_c="0.068188" m_d="1.109035" m_tx="-77.524757" m_ty="-17.935364"/>
  </frame>
  <frame idx="700" w="213" h="170" x="-36.675213" y="-33.147766">
   <element name="tarlamp01" layername="tarlam" frame="1" z_index="6" m_a="1.228271" m_b="-0.075514" m_c="0.068253" m_d="1.110154" m_tx="-77.448997" m_ty="-18.049000"/>
  </frame>
  <frame idx="725" w="213" h="170" x="-36.738049" y="-33.287914">
   <element name="tarlamp01" layername="tarlam" frame="1" z_index="6" m_a="1.226950" m_b="-0.075430" m_c="0.068315" m_d="1.111218" m_tx="-77.448997" m_ty="-18.196058"/>
  </frame>
  <frame idx="750" w="212" h="171" x="-36.729141" y="-33.455212">
   <element name="tarlamp01" layername="tarlam" frame="1" z_index="6" m_a="1.225608" m_b="-0.075348" m_c="0.068382" m_d="1.112303" m_tx="-77.376274" m_ty="-18.370213"/>
  </frame>
  <frame idx="775" w="212" h="171" x="-36.704140" y="-33.625557">
   <element name="tarlamp01" layername="tarlam" frame="1" z_index="6" m_a="1.224255" m_b="-0.075265" m_c="0.068450" m_d="1.113402" m_tx="-77.286880" m_ty="-18.547485"/>
  </frame>
  <frame idx="800" w="212" h="171" x="-36.730637" y="-33.769939">
   <element name="tarlamp01" layername="tarlam" frame="1" z_index="6" m_a="1.222901" m_b="-0.075178" m_c="0.068514" m_d="1.114506" m_tx="-77.249001" m_ty="-18.698999"/>
  </frame>
  <frame idx="825" w="212" h="172" x="-36.719601" y="-33.910904">
   <element name="tarlamp01" layername="tarlam" frame="1" z_index="6" m_a="1.221587" m_b="-0.075110" m_c="0.068592" m_d="1.115569" m_tx="-77.175476" m_ty="-18.846058"/>
  </frame>
  <frame idx="850" w="212" h="172" x="-36.732117" y="-34.053719">
   <element name="tarlamp01" layername="tarlam" frame="1" z_index="6" m_a="1.220258" m_b="-0.075023" m_c="0.068653" m_d="1.116655" m_tx="-77.124756" m_ty="-18.995970"/>
  </frame>
  <frame idx="875" w="212" h="172" x="-36.746353" y="-34.209946">
   <element name="tarlamp01" layername="tarlam" frame="1" z_index="6" m_a="1.218908" m_b="-0.074930" m_c="0.068712" m_d="1.117752" m_tx="-77.074760" m_ty="-19.159607"/>
  </frame>
  <frame idx="900" w="211" h="173" x="-36.736053" y="-34.392479">
   <element name="tarlamp01" layername="tarlam" frame="1" z_index="6" m_a="1.217532" m_b="-0.074848" m_c="0.068782" m_d="1.118848" m_tx="-76.999001" m_ty="-19.349001"/>
  </frame>
  <frame idx="925" w="211" h="173" x="-36.725723" y="-34.496384">
   <element name="tarlamp01" layername="tarlam" frame="1" z_index="6" m_a="1.216203" m_b="-0.074775" m_c="0.068855" m_d="1.119919" m_tx="-76.925476" m_ty="-19.459295"/>
  </frame>
  <frame idx="950" w="211" h="173" x="-36.714256" y="-34.626289">
   <element name="tarlamp01" layername="tarlam" frame="1" z_index="6" m_a="1.214868" m_b="-0.074694" m_c="0.068922" m_d="1.120992" m_tx="-76.850517" m_ty="-19.595970"/>
  </frame>
  <frame idx="975" w="211" h="174" x="-36.714279" y="-34.782799">
   <element name="tarlamp01" layername="tarlam" frame="1" z_index="6" m_a="1.213530" m_b="-0.074606" m_c="0.068984" m_d="1.122075" m_tx="-76.786880" m_ty="-19.759605"/>
  </frame>
  <frame idx="1000" w="211" h="174" x="-36.740051" y="-34.964775">
   <element name="tarlamp01" layername="tarlam" frame="1" z_index="6" m_a="1.212192" m_b="-0.074513" m_c="0.069042" m_d="1.123180" m_tx="-76.749001" m_ty="-19.948999"/>
  </frame>
  <frame idx="1025" w="211" h="174" x="-36.766823" y="-35.105682">
   <element name="tarlamp01" layername="tarlam" frame="1" z_index="6" m_a="1.210855" m_b="-0.074445" m_c="0.069120" m_d="1.124251" m_tx="-76.712234" m_ty="-20.096058"/>
  </frame>
  <frame idx="1050" w="209" h="174" x="-36.293427" y="-35.224369">
   <element name="tarlamp01" layername="tarlam" frame="1" z_index="6" m_a="1.209508" m_b="-0.074361" m_c="0.069186" m_d="1.125343" m_tx="-76.674759" m_ty="-20.221727"/>
  </frame>
  <frame idx="1075" w="209" h="176" x="-36.307579" y="-35.855114">
   <element name="tarlamp01" layername="tarlam" frame="1" z_index="6" m_a="1.208160" m_b="-0.074273" m_c="0.069250" m_d="1.126442" m_tx="-76.624763" m_ty="-20.359606"/>
  </frame>
  <frame idx="1100" w="209" h="176" x="-36.295479" y="-36.038033">
   <element name="tarlamp01" layername="tarlam" frame="1" z_index="6" m_a="1.206821" m_b="-0.074199" m_c="0.069324" m_d="1.127531" m_tx="-76.549004" m_ty="-20.549000"/>
  </frame>
  <frame idx="1125" w="209" h="176" x="-36.321903" y="-36.178185">
   <element name="tarlamp01" layername="tarlam" frame="1" z_index="6" m_a="1.205493" m_b="-0.074115" m_c="0.069386" m_d="1.128588" m_tx="-76.512238" m_ty="-20.696058"/>
  </frame>
  <frame idx="1150" w="209" h="177" x="-36.318085" y="-36.321533">
   <element name="tarlamp01" layername="tarlam" frame="1" z_index="6" m_a="1.204248" m_b="-0.074552" m_c="0.069941" m_d="1.129761" m_tx="-76.450516" m_ty="-20.821728"/>
  </frame>
  <frame idx="1175" w="209" h="177" x="-36.303940" y="-36.420200">
   <element name="tarlamp01" layername="tarlam" frame="1" z_index="6" m_a="1.203432" m_b="-0.075048" m_c="0.070506" m_d="1.130604" m_tx="-76.399002" m_ty="-20.899000"/>
  </frame>
 </anim>
 <anim name="idle_on" root="pig_lamp" numframes="125" framerate="40">
  <frame idx="0" w="441" h="546" x="-59.090210" y="-131.423462">
   <element name="glow" layername="glow" frame="0" z_index="5" m_a="1.000000" m_b="0.000000" m_c="0.000000" m_d="1.000000" m_tx="1.150000" m_ty="-84.948997"/>
   <element name="tarlamp01" layername="tarlam" frame="0" z_index="6" m_a="1.173370" m_b="0.000000" m_c="0.000000" m_d="1.128650" m_tx="-77.649002" m_ty="-24.448999"/>
  </frame>
  <frame idx="25" w="441" h="546" x="-59.090210" y="-131.423462">
   <element name="glow" layername="glow" frame="0" z_index="5" m_a="1.000000" m_b="0.000000" m_c="0.000000" m_d="1.000000" m_tx="1.150000" m_ty="-84.948997"/>
   <element name="tarlamp01" layername="tarlam" frame="0" z_index="6" m_a="1.173370" m_b="0.000000" m_c="0.000000" m_d="1.128650" m_tx="-77.649002" m_ty="-24.448999"/>
  </frame>
  <frame idx="50" w="441" h="546" x="-59.090210" y="-131.423462">
   <element name="glow" layername="glow" frame="0" z_index="5" m_a="1.000000" m_b="0.000000" m_c="0.000000" m_d="1.000000" m_tx="1.150000" m_ty="-84.948997"/>
   <element name="tarlamp01" layername="tarlam" frame="0" z_index="6" m_a="1.173370" m_b="0.000000" m_c="0.000000" m_d="1.128650" m_tx="-77.649002" m_ty="-24.448999"/>
  </frame>
  <frame idx="75" w="441" h="546" x="-59.090210" y="-131.423462">
   <element name="glow" layername="glow" frame="0" z_index="5" m_a="1.000000" m_b="0.000000" m_c="0.000000" m_d="1.000000" m_tx="1.150000" m_ty="-84.948997"/>
   <element name="tarlamp01" layername="tarlam" frame="0" z_index="6" m_a="1.173370" m_b="0.000000" m_c="0.000000" m_d="1.128650" m_tx="-77.649002" m_ty="-24.448999"/>
  </frame>
  <frame idx="100" w="441" h="546" x="-59.090210" y="-131.423462">
   <element name="glow" layername="glow" frame="0" z_index="5" m_a="1.000000" m_b="0.000000" m_c="0.000000" m_d="1.000000" m_tx="1.150000" m_ty="-84.948997"/>
   <element name="tarlamp01" layername="tarlam" frame="0" z_index="6" m_a="1.173370" m_b="0.000000" m_c="0.000000" m_d="1.128650" m_tx="-77.649002" m_ty="-24.448999"/>
  </frame>
 </anim>
 <anim name="idle_on_water" root="pig_lamp" numframes="1200" framerate="40">
  <frame idx="0" w="439" h="546" x="-56.403938" y="-131.423462">
   <element name="glow" layername="glow" frame="0" z_index="5" m_a="1.000000" m_b="0.000000" m_c="0.000000" m_d="1.000000" m_tx="1.150000" m_ty="-84.948997"/>
   <element name="tarlamp01" layername="tarlam" frame="1" z_index="6" m_a="1.203432" m_b="-0.075048" m_c="0.070506" m_d="1.130604" m_tx="-76.999001" m_ty="-20.899000"/>
  </frame>
  <frame idx="25" w="439" h="546" x="-56.427269" y="-131.166107">
   <element name="glow" layername="glow" frame="0" z_index="5" m_a="1.000000" m_b="0.000000" m_c="0.000000" m_d="1.000000" m_tx="1.150000" m_ty="-84.691643"/>
   <element name="tarlamp01" layername="tarlam" frame="1" z_index="6" m_a="1.204530" m_b="-0.074335" m_c="0.069703" m_d="1.129467" m_tx="-77.072525" m_ty="-20.715178"/>
  </frame>
  <frame idx="50" w="439" h="546" x="-56.396545" y="-130.928009">
   <element name="glow" layername="glow" frame="0" z_index="5" m_a="1.000000" m_b="0.000000" m_c="0.000000" m_d="1.000000" m_tx="1.150000" m_ty="-84.453545"/>
   <element name="tarlamp01" layername="tarlam" frame="1" z_index="6" m_a="1.205748" m_b="-0.074128" m_c="0.069373" m_d="1.128400" m_tx="-77.098999" m_ty="-20.576273"/>
  </frame>
  <frame idx="75" w="437" h="545" x="-55.835518" y="-130.688614">
   <element name="glow" layername="glow" frame="0" z_index="5" m_a="1.000000" m_b="0.000000" m_c="0.000000" m_d="1.000000" m_tx="1.150000" m_ty="-84.214157"/>
   <element name="tarlamp01" layername="tarlam" frame="1" z_index="6" m_a="1.207031" m_b="-0.074205" m_c="0.069307" m_d="1.127365" m_tx="-77.098999" m_ty="-20.450516"/>
  </frame>
  <frame idx="100" w="437" h="545" x="-55.774738" y="-130.423462">
   <element name="glow" layername="glow" frame="0" z_index="5" m_a="1.000000" m_b="0.000000" m_c="0.000000" m_d="1.000000" m_tx="1.150000" m_ty="-83.948997"/>
   <element name="tarlamp01" layername="tarlam" frame="1" z_index="6" m_a="1.208309" m_b="-0.074282" m_c="0.069242" m_d="1.126314" m_tx="-77.098999" m_ty="-20.299000"/>
  </frame>
  <frame idx="125" w="437" h="545" x="-55.752502" y="-130.166107">
   <element name="glow" layername="glow" frame="0" z_index="5" m_a="1.000000" m_b="0.000000" m_c="0.000000" m_d="1.000000" m_tx="1.150000" m_ty="-83.691643"/>
   <element name="tarlamp01" layername="tarlam" frame="1" z_index="6" m_a="1.209549" m_b="-0.074363" m_c="0.069184" m_d="1.125323" m_tx="-77.135765" m_ty="-20.151941"/>
  </frame>
  <frame idx="150" w="437" h="545" x="-55.730530" y="-129.928009">
   <element name="glow" layername="glow" frame="0" z_index="5" m_a="1.000000" m_b="0.000000" m_c="0.000000" m_d="1.000000" m_tx="1.150000" m_ty="-83.453545"/>
   <element name="tarlamp01" layername="tarlam" frame="1" z_index="6" m_a="1.210799" m_b="-0.074437" m_c="0.069119" m_d="1.124293" m_tx="-77.173241" m_ty="-20.002031"/>
  </frame>
  <frame idx="175" w="437" h="544" x="-55.708485" y="-129.688614">
   <element name="glow" layername="glow" frame="0" z_index="5" m_a="1.000000" m_b="0.000000" m_c="0.000000" m_d="1.000000" m_tx="1.150000" m_ty="-83.214157"/>
   <element name="tarlamp01" layername="tarlam" frame="1" z_index="6" m_a="1.212059" m_b="-0.074513" m_c="0.069053" m_d="1.123250" m_tx="-77.211121" m_ty="-19.862637"/>
  </frame>
  <frame idx="200" w="437" h="544" x="-55.685940" y="-129.423462">
   <element name="glow" layername="glow" frame="0" z_index="5" m_a="1.000000" m_b="0.000000" m_c="0.000000" m_d="1.000000" m_tx="1.150000" m_ty="-82.948997"/>
   <element name="tarlamp01" layername="tarlam" frame="1" z_index="6" m_a="1.213329" m_b="-0.074601" m_c="0.068999" m_d="1.122221" m_tx="-77.249001" m_ty="-19.749001"/>
  </frame>
  <frame idx="225" w="437" h="544" x="-55.625896" y="-129.166107">
   <element name="glow" layername="glow" frame="0" z_index="5" m_a="1.000000" m_b="0.000000" m_c="0.000000" m_d="1.000000" m_tx="1.150000" m_ty="-82.691643"/>
   <element name="tarlamp01" layername="tarlam" frame="1" z_index="6" m_a="1.214592" m_b="-0.074671" m_c="0.068930" m_d="1.121216" m_tx="-77.249001" m_ty="-19.601942"/>
  </frame>
  <frame idx="250" w="437" h="544" x="-55.589157" y="-128.928009">
   <element name="glow" layername="glow" frame="0" z_index="5" m_a="1.000000" m_b="0.000000" m_c="0.000000" m_d="1.000000" m_tx="1.150000" m_ty="-82.453545"/>
   <element name="tarlamp01" layername="tarlam" frame="1" z_index="6" m_a="1.215874" m_b="-0.074738" m_c="0.068856" m_d="1.120187" m_tx="-77.273247" m_ty="-19.452030"/>
  </frame>
  <frame idx="275" w="437" h="543" x="-55.566105" y="-128.688614">
   <element name="glow" layername="glow" frame="0" z_index="5" m_a="1.000000" m_b="0.000000" m_c="0.000000" m_d="1.000000" m_tx="1.150000" m_ty="-82.214157"/>
   <element name="tarlamp01" layername="tarlam" frame="1" z_index="6" m_a="1.217155" m_b="-0.074812" m_c="0.068788" m_d="1.119148" m_tx="-77.311127" m_ty="-19.288395"/>
  </frame>
  <frame idx="300" w="437" h="543" x="-55.544281" y="-128.423462">
   <element name="glow" layername="glow" frame="0" z_index="5" m_a="1.000000" m_b="0.000000" m_c="0.000000" m_d="1.000000" m_tx="1.150000" m_ty="-81.948997"/>
   <element name="tarlamp01" layername="tarlam" frame="1" z_index="6" m_a="1.218410" m_b="-0.074906" m_c="0.068740" m_d="1.118119" m_tx="-77.348999" m_ty="-19.099001"/>
  </frame>
  <frame idx="325" w="437" h="543" x="-55.522747" y="-128.166107">
   <element name="glow" layername="glow" frame="0" z_index="5" m_a="1.000000" m_b="0.000000" m_c="0.000000" m_d="1.000000" m_tx="1.150000" m_ty="-81.691643"/>
   <element name="tarlamp01" layername="tarlam" frame="1" z_index="6" m_a="1.219635" m_b="-0.074980" m_c="0.068678" m_d="1.117128" m_tx="-77.385765" m_ty="-19.025471"/>
  </frame>
  <frame idx="350" w="437" h="543" x="-55.499874" y="-127.928001">
   <element name="glow" layername="glow" frame="0" z_index="5" m_a="1.000000" m_b="0.000000" m_c="0.000000" m_d="1.000000" m_tx="1.150000" m_ty="-81.453545"/>
   <element name="tarlamp01" layername="tarlam" frame="1" z_index="6" m_a="1.220904" m_b="-0.075056" m_c="0.068613" m_d="1.116094" m_tx="-77.423241" m_ty="-18.902031"/>
  </frame>
  <frame idx="375" w="437" h="542" x="-55.464130" y="-127.688614">
   <element name="glow" layername="glow" frame="0" z_index="5" m_a="1.000000" m_b="0.000000" m_c="0.000000" m_d="1.000000" m_tx="1.150000" m_ty="-81.214157"/>
   <element name="tarlamp01" layername="tarlam" frame="1" z_index="6" m_a="1.222197" m_b="-0.075134" m_c="0.068547" m_d="1.115040" m_tx="-77.448997" m_ty="-18.738394"/>
  </frame>
  <frame idx="400" w="437" h="542" x="-55.402626" y="-127.423454">
   <element name="glow" layername="glow" frame="0" z_index="5" m_a="1.000000" m_b="0.000000" m_c="0.000000" m_d="1.000000" m_tx="1.150000" m_ty="-80.948997"/>
   <element name="tarlamp01" layername="tarlam" frame="1" z_index="6" m_a="1.223490" m_b="-0.075211" m_c="0.068480" m_d="1.113997" m_tx="-77.448997" m_ty="-18.549000"/>
  </frame>
  <frame idx="425" w="437" h="542" x="-55.417160" y="-127.166100">
   <element name="glow" layername="glow" frame="0" z_index="5" m_a="1.000000" m_b="0.000000" m_c="0.000000" m_d="1.000000" m_tx="1.150000" m_ty="-80.691643"/>
   <element name="tarlamp01" layername="tarlam" frame="1" z_index="6" m_a="1.224730" m_b="-0.075292" m_c="0.068423" m_d="1.112999" m_tx="-77.522530" m_ty="-18.401941"/>
  </frame>
  <frame idx="450" w="437" h="542" x="-55.407730" y="-126.928001">
   <element name="glow" layername="glow" frame="0" z_index="5" m_a="1.000000" m_b="0.000000" m_c="0.000000" m_d="1.000000" m_tx="1.150000" m_ty="-80.453545"/>
   <element name="tarlamp01" layername="tarlam" frame="1" z_index="6" m_a="1.225995" m_b="-0.075366" m_c="0.068357" m_d="1.111972" m_tx="-77.573242" m_ty="-18.276274"/>
  </frame>
  <frame idx="475" w="437" h="540" x="-55.372936" y="-126.188614">
   <element name="glow" layername="glow" frame="0" z_index="5" m_a="1.000000" m_b="0.000000" m_c="0.000000" m_d="1.000000" m_tx="1.150000" m_ty="-80.214157"/>
   <element name="tarlamp01" layername="tarlam" frame="1" z_index="6" m_a="1.227268" m_b="-0.075440" m_c="0.068289" m_d="1.110933" m_tx="-77.598999" m_ty="-18.150515"/>
  </frame>
  <frame idx="500" w="437" h="540" x="-55.312874" y="-125.923454">
   <element name="glow" layername="glow" frame="0" z_index="5" m_a="1.000000" m_b="0.000000" m_c="0.000000" m_d="1.000000" m_tx="1.150000" m_ty="-79.948997"/>
   <element name="tarlamp01" layername="tarlam" frame="1" z_index="6" m_a="1.228531" m_b="-0.075522" m_c="0.068230" m_d="1.109905" m_tx="-77.598999" m_ty="-17.999001"/>
  </frame>
  <frame idx="525" w="437" h="540" x="-55.254234" y="-125.666100">
   <element name="glow" layername="glow" frame="0" z_index="5" m_a="1.000000" m_b="0.000000" m_c="0.000000" m_d="1.000000" m_tx="1.150000" m_ty="-79.691643"/>
   <element name="tarlamp01" layername="tarlam" frame="1" z_index="6" m_a="1.229764" m_b="-0.075602" m_c="0.068172" m_d="1.108907" m_tx="-77.598999" m_ty="-17.888706"/>
  </frame>
  <frame idx="550" w="437" h="540" x="-55.193985" y="-125.428001">
   <element name="glow" layername="glow" frame="0" z_index="5" m_a="1.000000" m_b="0.000000" m_c="0.000000" m_d="1.000000" m_tx="1.150000" m_ty="-79.453545"/>
   <element name="tarlamp01" layername="tarlam" frame="1" z_index="6" m_a="1.231030" m_b="-0.075685" m_c="0.068113" m_d="1.107874" m_tx="-77.598999" m_ty="-17.727789"/>
  </frame>
  <frame idx="575" w="437" h="539" x="-55.153976" y="-125.188614">
   <element name="glow" layername="glow" frame="0" z_index="5" m_a="1.000000" m_b="0.000000" m_c="0.000000" m_d="1.000000" m_tx="1.150000" m_ty="-79.214157"/>
   <element name="tarlamp01" layername="tarlam" frame="1" z_index="6" m_a="1.232367" m_b="-0.076031" m_c="0.068289" m_d="1.106876" m_tx="-77.623238" m_ty="-17.562637"/>
  </frame>
  <frame idx="600" w="437" h="539" x="-55.158890" y="-124.923454">
   <element name="glow" layername="glow" frame="0" z_index="5" m_a="1.000000" m_b="0.000000" m_c="0.000000" m_d="1.000000" m_tx="1.150000" m_ty="-78.948997"/>
   <element name="tarlamp01" layername="tarlam" frame="1" z_index="6" m_a="1.233814" m_b="-0.076938" m_c="0.068967" m_d="1.105992" m_tx="-77.698997" m_ty="-17.448999"/>
  </frame>
  <frame idx="625" w="437" h="539" x="-55.156906" y="-125.180809">
   <element name="glow" layername="glow" frame="0" z_index="5" m_a="1.000000" m_b="0.000000" m_c="0.000000" m_d="1.000000" m_tx="1.150000" m_ty="-79.206352"/>
   <element name="tarlamp01" layername="tarlam" frame="1" z_index="6" m_a="1.232351" m_b="-0.076048" m_c="0.068308" m_d="1.106931" m_tx="-77.625473" m_ty="-17.632822"/>
  </frame>
  <frame idx="650" w="437" h="540" x="-55.172707" y="-125.443153">
   <element name="glow" layername="glow" frame="0" z_index="5" m_a="1.000000" m_b="0.000000" m_c="0.000000" m_d="1.000000" m_tx="1.150000" m_ty="-79.468697"/>
   <element name="tarlamp01" layername="tarlam" frame="1" z_index="6" m_a="1.230968" m_b="-0.075681" m_c="0.068118" m_d="1.107952" m_tx="-77.574760" m_ty="-17.795969"/>
  </frame>
  <frame idx="675" w="437" h="540" x="-55.186596" y="-125.708305">
   <element name="glow" layername="glow" frame="0" z_index="5" m_a="1.000000" m_b="0.000000" m_c="0.000000" m_d="1.000000" m_tx="1.150000" m_ty="-79.733849"/>
   <element name="tarlamp01" layername="tarlam" frame="1" z_index="6" m_a="1.229624" m_b="-0.075602" m_c="0.068188" m_d="1.109035" m_tx="-77.524757" m_ty="-17.935364"/>
  </frame>
  <frame idx="700" w="437" h="540" x="-55.175213" y="-125.973457">
   <element name="glow" layername="glow" frame="0" z_index="5" m_a="1.000000" m_b="0.000000" m_c="0.000000" m_d="1.000000" m_tx="1.150000" m_ty="-79.999001"/>
   <element name="tarlamp01" layername="tarlam" frame="1" z_index="6" m_a="1.228271" m_b="-0.075514" m_c="0.068253" m_d="1.110154" m_tx="-77.448997" m_ty="-18.049000"/>
  </frame>
  <frame idx="725" w="437" h="540" x="-55.238049" y="-126.230812">
   <element name="glow" layername="glow" frame="0" z_index="5" m_a="1.000000" m_b="0.000000" m_c="0.000000" m_d="1.000000" m_tx="1.150000" m_ty="-80.256355"/>
   <element name="tarlamp01" layername="tarlam" frame="1" z_index="6" m_a="1.226950" m_b="-0.075430" m_c="0.068315" m_d="1.111218" m_tx="-77.448997" m_ty="-18.196058"/>
  </frame>
  <frame idx="750" w="437" h="542" x="-55.229141" y="-126.993149">
   <element name="glow" layername="glow" frame="0" z_index="5" m_a="1.000000" m_b="0.000000" m_c="0.000000" m_d="1.000000" m_tx="1.150000" m_ty="-80.518692"/>
   <element name="tarlamp01" layername="tarlam" frame="1" z_index="6" m_a="1.225608" m_b="-0.075348" m_c="0.068382" m_d="1.112303" m_tx="-77.376274" m_ty="-18.370213"/>
  </frame>
  <frame idx="775" w="437" h="542" x="-55.204140" y="-127.258301">
   <element name="glow" layername="glow" frame="0" z_index="5" m_a="1.000000" m_b="0.000000" m_c="0.000000" m_d="1.000000" m_tx="1.150000" m_ty="-80.783844"/>
   <element name="tarlamp01" layername="tarlam" frame="1" z_index="6" m_a="1.224255" m_b="-0.075265" m_c="0.068450" m_d="1.113402" m_tx="-77.286880" m_ty="-18.547485"/>
  </frame>
  <frame idx="800" w="437" h="542" x="-55.230637" y="-127.523460">
   <element name="glow" layername="glow" frame="0" z_index="5" m_a="1.000000" m_b="0.000000" m_c="0.000000" m_d="1.000000" m_tx="1.150000" m_ty="-81.049004"/>
   <element name="tarlamp01" layername="tarlam" frame="1" z_index="6" m_a="1.222901" m_b="-0.075178" m_c="0.068514" m_d="1.114506" m_tx="-77.249001" m_ty="-18.698999"/>
  </frame>
  <frame idx="825" w="437" h="542" x="-55.219601" y="-127.780815">
   <element name="glow" layername="glow" frame="0" z_index="5" m_a="1.000000" m_b="0.000000" m_c="0.000000" m_d="1.000000" m_tx="1.150000" m_ty="-81.306358"/>
   <element name="tarlamp01" layername="tarlam" frame="1" z_index="6" m_a="1.221587" m_b="-0.075110" m_c="0.068592" m_d="1.115569" m_tx="-77.175476" m_ty="-18.846058"/>
  </frame>
  <frame idx="850" w="437" h="543" x="-55.232117" y="-128.043152">
   <element name="glow" layername="glow" frame="0" z_index="5" m_a="1.000000" m_b="0.000000" m_c="0.000000" m_d="1.000000" m_tx="1.150000" m_ty="-81.568695"/>
   <element name="tarlamp01" layername="tarlam" frame="1" z_index="6" m_a="1.220258" m_b="-0.075023" m_c="0.068653" m_d="1.116655" m_tx="-77.124756" m_ty="-18.995970"/>
  </frame>
  <frame idx="875" w="437" h="543" x="-55.246353" y="-128.320435">
   <element name="glow" layername="glow" frame="0" z_index="5" m_a="1.000000" m_b="0.000000" m_c="0.000000" m_d="1.000000" m_tx="1.150000" m_ty="-81.845970"/>
   <element name="tarlamp01" layername="tarlam" frame="1" z_index="6" m_a="1.218908" m_b="-0.074930" m_c="0.068712" m_d="1.117752" m_tx="-77.074760" m_ty="-19.159607"/>
  </frame>
  <frame idx="900" w="437" h="543" x="-55.236053" y="-128.623459">
   <element name="glow" layername="glow" frame="0" z_index="5" m_a="1.000000" m_b="0.000000" m_c="0.000000" m_d="1.000000" m_tx="1.150000" m_ty="-82.149002"/>
   <element name="tarlamp01" layername="tarlam" frame="1" z_index="6" m_a="1.217532" m_b="-0.074848" m_c="0.068782" m_d="1.118848" m_tx="-76.999001" m_ty="-19.349001"/>
  </frame>
  <frame idx="925" w="437" h="544" x="-55.225723" y="-128.880814">
   <element name="glow" layername="glow" frame="0" z_index="5" m_a="1.000000" m_b="0.000000" m_c="0.000000" m_d="1.000000" m_tx="1.150000" m_ty="-82.406357"/>
   <element name="tarlamp01" layername="tarlam" frame="1" z_index="6" m_a="1.216203" m_b="-0.074775" m_c="0.068855" m_d="1.119919" m_tx="-76.925476" m_ty="-19.459295"/>
  </frame>
  <frame idx="950" w="437" h="544" x="-55.214256" y="-129.143158">
   <element name="glow" layername="glow" frame="0" z_index="5" m_a="1.000000" m_b="0.000000" m_c="0.000000" m_d="1.000000" m_tx="1.150000" m_ty="-82.668694"/>
   <element name="tarlamp01" layername="tarlam" frame="1" z_index="6" m_a="1.214868" m_b="-0.074694" m_c="0.068922" m_d="1.120992" m_tx="-76.850517" m_ty="-19.595970"/>
  </frame>
  <frame idx="975" w="437" h="544" x="-55.214279" y="-129.408295">
   <element name="glow" layername="glow" frame="0" z_index="5" m_a="1.000000" m_b="0.000000" m_c="0.000000" m_d="1.000000" m_tx="1.150000" m_ty="-82.933846"/>
   <element name="tarlamp01" layername="tarlam" frame="1" z_index="6" m_a="1.213530" m_b="-0.074606" m_c="0.068984" m_d="1.122075" m_tx="-76.786880" m_ty="-19.759605"/>
  </frame>
  <frame idx="1000" w="437" h="544" x="-55.240051" y="-129.673462">
   <element name="glow" layername="glow" frame="0" z_index="5" m_a="1.000000" m_b="0.000000" m_c="0.000000" m_d="1.000000" m_tx="1.150000" m_ty="-83.198997"/>
   <element name="tarlamp01" layername="tarlam" frame="1" z_index="6" m_a="1.212192" m_b="-0.074513" m_c="0.069042" m_d="1.123180" m_tx="-76.749001" m_ty="-19.948999"/>
  </frame>
  <frame idx="1025" w="437" h="545" x="-55.266823" y="-129.930817">
   <element name="glow" layername="glow" frame="0" z_index="5" m_a="1.000000" m_b="0.000000" m_c="0.000000" m_d="1.000000" m_tx="1.150000" m_ty="-83.456352"/>
   <element name="tarlamp01" layername="tarlam" frame="1" z_index="6" m_a="1.210855" m_b="-0.074445" m_c="0.069120" m_d="1.124251" m_tx="-76.712234" m_ty="-20.096058"/>
  </frame>
  <frame idx="1050" w="437" h="545" x="-55.293427" y="-130.193146">
   <element name="glow" layername="glow" frame="0" z_index="5" m_a="1.000000" m_b="0.000000" m_c="0.000000" m_d="1.000000" m_tx="1.150000" m_ty="-83.718697"/>
   <element name="tarlamp01" layername="tarlam" frame="1" z_index="6" m_a="1.209508" m_b="-0.074361" m_c="0.069186" m_d="1.125343" m_tx="-76.674759" m_ty="-20.221727"/>
  </frame>
  <frame idx="1075" w="437" h="545" x="-55.307579" y="-130.458313">
   <element name="glow" layername="glow" frame="0" z_index="5" m_a="1.000000" m_b="0.000000" m_c="0.000000" m_d="1.000000" m_tx="1.150000" m_ty="-83.983849"/>
   <element name="tarlamp01" layername="tarlam" frame="1" z_index="6" m_a="1.208160" m_b="-0.074273" m_c="0.069250" m_d="1.126442" m_tx="-76.624763" m_ty="-20.359606"/>
  </frame>
  <frame idx="1100" w="437" h="545" x="-55.295479" y="-130.723450">
   <element name="glow" layername="glow" frame="0" z_index="5" m_a="1.000000" m_b="0.000000" m_c="0.000000" m_d="1.000000" m_tx="1.150000" m_ty="-84.249001"/>
   <element name="tarlamp01" layername="tarlam" frame="1" z_index="6" m_a="1.206821" m_b="-0.074199" m_c="0.069324" m_d="1.127531" m_tx="-76.549004" m_ty="-20.549000"/>
  </frame>
  <frame idx="1125" w="437" h="546" x="-55.321903" y="-130.980804">
   <element name="glow" layername="glow" frame="0" z_index="5" m_a="1.000000" m_b="0.000000" m_c="0.000000" m_d="1.000000" m_tx="1.150000" m_ty="-84.506355"/>
   <element name="tarlamp01" layername="tarlam" frame="1" z_index="6" m_a="1.205493" m_b="-0.074115" m_c="0.069386" m_d="1.128588" m_tx="-76.512238" m_ty="-20.696058"/>
  </frame>
  <frame idx="1150" w="437" h="546" x="-55.318085" y="-131.243149">
   <element name="glow" layername="glow" frame="0" z_index="5" m_a="1.000000" m_b="0.000000" m_c="0.000000" m_d="1.000000" m_tx="1.150000" m_ty="-84.768692"/>
   <element name="tarlamp01" layername="tarlam" frame="1" z_index="6" m_a="1.204248" m_b="-0.074552" m_c="0.069941" m_d="1.129761" m_tx="-76.450516" m_ty="-20.821728"/>
  </frame>
  <frame idx="1175" w="437" h="546" x="-55.303940" y="-131.423462">
   <element name="glow" layername="glow" frame="0" z_index="5" m_a="1.000000" m_b="0.000000" m_c="0.000000" m_d="1.000000" m_tx="1.150000" m_ty="-84.948997"/>
   <element name="tarlamp01" layername="tarlam" frame="1" z_index="6" m_a="1.203432" m_b="-0.075048" m_c="0.070506" m_d="1.130604" m_tx="-76.399002" m_ty="-20.899000"/>
  </frame>
 </anim>
</Anims>
