<Anims>
 <anim name="idle" root="tp_spear_wind" numframes="50" framerate="40">
  <frame idx="0" w="233" h="431" x="-40.712219" y="-167.740677">
   <element name="grass" layername="grass" frame="0" z_index="2" m_a="1.000000" m_b="0.000000" m_c="0.000000" m_d="1.000000" m_tx="2.500000" m_ty="-2.149000"/>
   <element name="yellowstaff" layername="yellowstaff" frame="0" z_index="3" m_a="0.986572" m_b="-0.156770" m_c="0.156768" m_d="0.986557" m_tx="-1.699000" m_ty="-18.649000"/>
  </frame>
  <frame idx="25" w="233" h="431" x="-40.712219" y="-167.740677">
   <element name="grass" layername="grass" frame="0" z_index="2" m_a="1.000000" m_b="0.000000" m_c="0.000000" m_d="1.000000" m_tx="2.500000" m_ty="-2.149000"/>
   <element name="yellowstaff" layername="yellowstaff" frame="0" z_index="3" m_a="0.986572" m_b="-0.156770" m_c="0.156768" m_d="0.986557" m_tx="-1.699000" m_ty="-18.649000"/>
  </frame>
 </anim>
 <anim name="idle_water" root="tp_spear_wind" numframes="1200" framerate="40">
  <frame idx="0" w="348" h="94" x="-25.300287" y="-18.454277">
   <element name="yellowstaff" layername="yellowstaff" frame="1" z_index="3" m_a="0.986572" m_b="-0.156770" m_c="0.156768" m_d="0.986557" m_tx="-1.699000" m_ty="-18.649000"/>
  </frame>
  <frame idx="25" w="348" h="94" x="-25.340170" y="-18.315819">
   <element name="yellowstaff" layername="yellowstaff" frame="1" z_index="3" m_a="0.986675" m_b="-0.156559" m_c="0.156373" m_d="0.985501" m_tx="-1.735765" m_ty="-18.501942"/>
  </frame>
  <frame idx="50" w="348" h="93" x="-25.354000" y="-18.173431">
   <element name="yellowstaff" layername="yellowstaff" frame="1" z_index="3" m_a="0.986999" m_b="-0.156532" m_c="0.156159" m_d="0.984648" m_tx="-1.749000" m_ty="-18.352030"/>
  </frame>
  <frame idx="75" w="348" h="93" x="-25.353134" y="-18.028822">
   <element name="yellowstaff" layername="yellowstaff" frame="1" z_index="3" m_a="0.987457" m_b="-0.156611" m_c="0.156049" m_d="0.983912" m_tx="-1.749000" m_ty="-18.200516"/>
  </frame>
  <frame idx="100" w="348" h="93" x="-25.352173" y="-17.884174">
   <element name="yellowstaff" layername="yellowstaff" frame="1" z_index="3" m_a="0.987931" m_b="-0.156695" m_c="0.155942" m_d="0.983183" m_tx="-1.749000" m_ty="-18.049000"/>
  </frame>
  <frame idx="125" w="348" h="93" x="-25.351515" y="-17.743671">
   <element name="yellowstaff" layername="yellowstaff" frame="1" z_index="3" m_a="0.988368" m_b="-0.156752" m_c="0.155818" m_d="0.982476" m_tx="-1.749000" m_ty="-17.901941"/>
  </frame>
  <frame idx="150" w="348" h="93" x="-25.326508" y="-17.624779">
   <element name="yellowstaff" layername="yellowstaff" frame="1" z_index="3" m_a="0.988823" m_b="-0.156819" m_c="0.155697" m_d="0.981750" m_tx="-1.724758" m_ty="-17.776274"/>
  </frame>
  <frame idx="175" w="348" h="92" x="-25.299915" y="-17.518055">
   <element name="yellowstaff" layername="yellowstaff" frame="1" z_index="3" m_a="0.989281" m_b="-0.156895" m_c="0.155583" m_d="0.981011" m_tx="-1.699000" m_ty="-17.662636"/>
  </frame>
  <frame idx="200" w="348" h="92" x="-25.299053" y="-17.411369">
   <element name="yellowstaff" layername="yellowstaff" frame="1" z_index="3" m_a="0.989729" m_b="-0.156977" m_c="0.155477" m_d="0.980272" m_tx="-1.699000" m_ty="-17.549000"/>
  </frame>
  <frame idx="225" w="350" h="92" x="-25.798159" y="-17.234287">
   <element name="yellowstaff" layername="yellowstaff" frame="1" z_index="3" m_a="0.990193" m_b="-0.157054" m_c="0.155367" m_d="0.979554" m_tx="-1.699000" m_ty="-17.365177"/>
  </frame>
  <frame idx="250" w="350" h="92" x="-25.797386" y="-17.077858">
   <element name="yellowstaff" layername="yellowstaff" frame="1" z_index="3" m_a="0.990633" m_b="-0.157125" m_c="0.155254" m_d="0.978835" m_tx="-1.699000" m_ty="-17.202030"/>
  </frame>
  <frame idx="275" w="350" h="90" x="-25.796614" y="-16.445240">
   <element name="yellowstaff" layername="yellowstaff" frame="1" z_index="3" m_a="0.991081" m_b="-0.157195" m_c="0.155138" m_d="0.978110" m_tx="-1.699000" m_ty="-17.062637"/>
  </frame>
  <frame idx="300" w="350" h="90" x="-25.795694" y="-16.338514">
   <element name="yellowstaff" layername="yellowstaff" frame="1" z_index="3" m_a="0.991576" m_b="-0.157269" m_c="0.155017" m_d="0.977371" m_tx="-1.699000" m_ty="-16.948999"/>
  </frame>
  <frame idx="325" w="350" h="90" x="-25.795015" y="-16.161293">
   <element name="yellowstaff" layername="yellowstaff" frame="1" z_index="3" m_a="0.991989" m_b="-0.157336" m_c="0.154905" m_d="0.976664" m_tx="-1.699000" m_ty="-16.765177"/>
  </frame>
  <frame idx="350" w="350" h="90" x="-25.794197" y="-16.004948">
   <element name="yellowstaff" layername="yellowstaff" frame="1" z_index="3" m_a="0.992450" m_b="-0.157407" m_c="0.154788" m_d="0.975936" m_tx="-1.699000" m_ty="-16.602030"/>
  </frame>
  <frame idx="375" w="350" h="89" x="-25.793365" y="-15.872459">
   <element name="yellowstaff" layername="yellowstaff" frame="1" z_index="3" m_a="0.992922" m_b="-0.157479" m_c="0.154667" m_d="0.975197" m_tx="-1.699000" m_ty="-16.462637"/>
  </frame>
  <frame idx="400" w="350" h="89" x="-25.792671" y="-15.765716">
   <element name="yellowstaff" layername="yellowstaff" frame="1" z_index="3" m_a="0.993365" m_b="-0.157544" m_c="0.154545" m_d="0.974456" m_tx="-1.699000" m_ty="-16.349001"/>
  </frame>
  <frame idx="425" w="350" h="89" x="-25.791851" y="-15.588598">
   <element name="yellowstaff" layername="yellowstaff" frame="1" z_index="3" m_a="0.993823" m_b="-0.157614" m_c="0.154429" m_d="0.973739" m_tx="-1.699000" m_ty="-16.165178"/>
  </frame>
  <frame idx="450" w="351" h="89" x="-25.791101" y="-15.480625">
   <element name="yellowstaff" layername="yellowstaff" frame="1" z_index="3" m_a="0.994271" m_b="-0.157680" m_c="0.154310" m_d="0.973021" m_tx="-1.699000" m_ty="-16.050516"/>
  </frame>
  <frame idx="475" w="351" h="89" x="-25.790325" y="-15.387394">
   <element name="yellowstaff" layername="yellowstaff" frame="1" z_index="3" m_a="0.994719" m_b="-0.157750" m_c="0.154194" m_d="0.972296" m_tx="-1.699000" m_ty="-15.950515"/>
  </frame>
  <frame idx="500" w="351" h="88" x="-25.789410" y="-15.242837">
   <element name="yellowstaff" layername="yellowstaff" frame="1" z_index="3" m_a="0.995182" m_b="-0.157834" m_c="0.154087" m_d="0.971557" m_tx="-1.699000" m_ty="-15.799000"/>
  </frame>
  <frame idx="525" w="351" h="88" x="-25.751804" y="-15.065748">
   <element name="yellowstaff" layername="yellowstaff" frame="1" z_index="3" m_a="0.995631" m_b="-0.157909" m_c="0.153977" m_d="0.970839" m_tx="-1.662235" m_ty="-15.615176"/>
  </frame>
  <frame idx="550" w="351" h="88" x="-25.761955" y="-14.933714">
   <element name="yellowstaff" layername="yellowstaff" frame="1" z_index="3" m_a="0.996090" m_b="-0.157987" m_c="0.153866" m_d="0.970106" m_tx="-1.673242" m_ty="-15.476273"/>
  </frame>
  <frame idx="575" w="351" h="88" x="-25.785637" y="-14.802137">
   <element name="yellowstaff" layername="yellowstaff" frame="1" z_index="3" m_a="0.996662" m_b="-0.158153" m_c="0.153839" m_d="0.969477" m_tx="-1.699000" m_ty="-15.338394"/>
  </frame>
  <frame idx="600" w="351" h="87" x="-25.780987" y="-14.617680">
   <element name="yellowstaff" layername="yellowstaff" frame="1" z_index="3" m_a="0.997465" m_b="-0.158505" m_c="0.153995" m_d="0.969085" m_tx="-1.699000" m_ty="-15.149000"/>
  </frame>
  <frame idx="625" w="351" h="88" x="-25.785624" y="-14.759378">
   <element name="yellowstaff" layername="yellowstaff" frame="1" z_index="3" m_a="0.996650" m_b="-0.158150" m_c="0.153845" m_d="0.969523" m_tx="-1.699000" m_ty="-15.296059"/>
  </frame>
  <frame idx="650" w="351" h="88" x="-25.787849" y="-14.902729">
   <element name="yellowstaff" layername="yellowstaff" frame="1" z_index="3" m_a="0.996045" m_b="-0.157973" m_c="0.153870" m_d="0.970176" m_tx="-1.699000" m_ty="-15.445970"/>
  </frame>
  <frame idx="675" w="351" h="88" x="-25.788702" y="-15.059101">
   <element name="yellowstaff" layername="yellowstaff" frame="1" z_index="3" m_a="0.995559" m_b="-0.157898" m_c="0.153995" m_d="0.970954" m_tx="-1.699000" m_ty="-15.609606"/>
  </frame>
  <frame idx="700" w="351" h="88" x="-25.789516" y="-15.241172">
   <element name="yellowstaff" layername="yellowstaff" frame="1" z_index="3" m_a="0.995072" m_b="-0.157826" m_c="0.154125" m_d="0.971739" m_tx="-1.699000" m_ty="-15.799000"/>
  </frame>
  <frame idx="725" w="351" h="89" x="-25.790298" y="-15.381098">
   <element name="yellowstaff" layername="yellowstaff" frame="1" z_index="3" m_a="0.994614" m_b="-0.157751" m_c="0.154244" m_d="0.972503" m_tx="-1.699000" m_ty="-15.946058"/>
  </frame>
  <frame idx="750" w="351" h="89" x="-25.791140" y="-15.523870">
   <element name="yellowstaff" layername="yellowstaff" frame="1" z_index="3" m_a="0.994138" m_b="-0.157676" m_c="0.154366" m_d="0.973266" m_tx="-1.699000" m_ty="-16.095970"/>
  </frame>
  <frame idx="775" w="350" h="89" x="-25.792004" y="-15.680294">
   <element name="yellowstaff" layername="yellowstaff" frame="1" z_index="3" m_a="0.993654" m_b="-0.157600" m_c="0.154488" m_d="0.974038" m_tx="-1.699000" m_ty="-16.259605"/>
  </frame>
  <frame idx="800" w="350" h="89" x="-25.792839" y="-15.862333">
   <element name="yellowstaff" layername="yellowstaff" frame="1" z_index="3" m_a="0.993176" m_b="-0.157522" m_c="0.154611" m_d="0.974824" m_tx="-1.699000" m_ty="-16.448999"/>
  </frame>
  <frame idx="825" w="350" h="90" x="-25.793753" y="-16.002346">
   <element name="yellowstaff" layername="yellowstaff" frame="1" z_index="3" m_a="0.992697" m_b="-0.157442" m_c="0.154726" m_d="0.975575" m_tx="-1.699000" m_ty="-16.596058"/>
  </frame>
  <frame idx="850" w="350" h="90" x="-25.818895" y="-16.120827">
   <element name="yellowstaff" layername="yellowstaff" frame="1" z_index="3" m_a="0.992219" m_b="-0.157360" m_c="0.154842" m_d="0.976341" m_tx="-1.723242" m_ty="-16.721727"/>
  </frame>
  <frame idx="875" w="350" h="90" x="-25.845545" y="-16.251446">
   <element name="yellowstaff" layername="yellowstaff" frame="1" z_index="3" m_a="0.991736" m_b="-0.157279" m_c="0.154961" m_d="0.977116" m_tx="-1.749000" m_ty="-16.859606"/>
  </frame>
  <frame idx="900" w="350" h="90" x="-25.846436" y="-16.433590">
   <element name="yellowstaff" layername="yellowstaff" frame="1" z_index="3" m_a="0.991242" m_b="-0.157202" m_c="0.155085" m_d="0.977891" m_tx="-1.749000" m_ty="-17.049000"/>
  </frame>
  <frame idx="925" w="350" h="92" x="-25.847223" y="-17.073547">
   <element name="yellowstaff" layername="yellowstaff" frame="1" z_index="3" m_a="0.990785" m_b="-0.157128" m_c="0.155203" m_d="0.978651" m_tx="-1.749000" m_ty="-17.196058"/>
  </frame>
  <frame idx="950" w="350" h="92" x="-25.848064" y="-17.192024">
   <element name="yellowstaff" layername="yellowstaff" frame="1" z_index="3" m_a="0.990299" m_b="-0.157055" m_c="0.155329" m_d="0.979421" m_tx="-1.749000" m_ty="-17.321728"/>
  </frame>
  <frame idx="975" w="348" h="92" x="-25.348904" y="-17.322678">
   <element name="yellowstaff" layername="yellowstaff" frame="1" z_index="3" m_a="0.989806" m_b="-0.156983" m_c="0.155459" m_d="0.980196" m_tx="-1.749000" m_ty="-17.459606"/>
  </frame>
  <frame idx="1000" w="348" h="92" x="-25.349674" y="-17.504879">
   <element name="yellowstaff" layername="yellowstaff" frame="1" z_index="3" m_a="0.989334" m_b="-0.156913" m_c="0.155586" m_d="0.980968" m_tx="-1.749000" m_ty="-17.649000"/>
  </frame>
  <frame idx="1025" w="348" h="93" x="-25.350529" y="-17.681541">
   <element name="yellowstaff" layername="yellowstaff" frame="1" z_index="3" m_a="0.988854" m_b="-0.156837" m_c="0.155708" m_d="0.981734" m_tx="-1.749000" m_ty="-17.832823"/>
  </frame>
  <frame idx="1050" w="348" h="93" x="-25.351383" y="-17.813313">
   <element name="yellowstaff" layername="yellowstaff" frame="1" z_index="3" m_a="0.988375" m_b="-0.156761" m_c="0.155829" m_d="0.982497" m_tx="-1.749000" m_ty="-17.971727"/>
  </frame>
  <frame idx="1075" w="348" h="93" x="-25.352234" y="-17.931835">
   <element name="yellowstaff" layername="yellowstaff" frame="1" z_index="3" m_a="0.987895" m_b="-0.156685" m_c="0.155951" m_d="0.983270" m_tx="-1.749000" m_ty="-18.097485"/>
  </frame>
  <frame idx="1100" w="348" h="93" x="-25.353067" y="-18.075890">
   <element name="yellowstaff" layername="yellowstaff" frame="1" z_index="3" m_a="0.987413" m_b="-0.156607" m_c="0.156076" m_d="0.984069" m_tx="-1.749000" m_ty="-18.249001"/>
  </frame>
  <frame idx="1125" w="348" h="94" x="-25.353909" y="-18.252674">
   <element name="yellowstaff" layername="yellowstaff" frame="1" z_index="3" m_a="0.986941" m_b="-0.156532" m_c="0.156196" m_d="0.984821" m_tx="-1.749000" m_ty="-18.432823"/>
  </frame>
  <frame idx="1150" w="348" h="94" x="-25.328068" y="-18.383209">
   <element name="yellowstaff" layername="yellowstaff" frame="1" z_index="3" m_a="0.986674" m_b="-0.156634" m_c="0.156495" m_d="0.985802" m_tx="-1.724758" m_ty="-18.571728"/>
  </frame>
  <frame idx="1175" w="348" h="94" x="-25.300287" y="-18.454277">
   <element name="yellowstaff" layername="yellowstaff" frame="1" z_index="3" m_a="0.986572" m_b="-0.156770" m_c="0.156768" m_d="0.986557" m_tx="-1.699000" m_ty="-18.649000"/>
  </frame>
 </anim>
</Anims>
