<Anims>
 <anim name="BUILD" root="tp_strawhat" numframes="1000" framerate="40">
  <frame idx="0" w="230" h="335" x="-48.288643" y="-381.877472">
   <element name="swap_object" layername="swap_object" frame="0" z_index="3" m_a="-0.005698" m_b="-0.999984" m_c="0.999984" m_d="-0.005698" m_tx="9.375000" m_ty="-17.708300"/>
  </frame>
  <frame idx="25" w="389" h="344" x="138.875000" y="49.291702">
   <element name="swap_object" layername="swap_object" frame="0" z_index="3" m_a="1.000000" m_b="0.000000" m_c="0.000000" m_d="1.000000" m_tx="113.650833" m_ty="116.127029"/>
  </frame>
  <frame idx="50" w="389" h="344" x="138.875000" y="49.291702">
   <element name="swap_object" layername="swap_object" frame="0" z_index="3" m_a="1.000000" m_b="0.000000" m_c="0.000000" m_d="1.000000" m_tx="113.650833" m_ty="116.127029"/>
  </frame>
  <frame idx="75" w="389" h="344" x="138.875000" y="49.291702">
   <element name="swap_object" layername="swap_object" frame="0" z_index="3" m_a="1.000000" m_b="0.000000" m_c="0.000000" m_d="1.000000" m_tx="113.650833" m_ty="116.127029"/>
  </frame>
  <frame idx="100" w="389" h="344" x="138.875000" y="49.291702">
   <element name="swap_object" layername="swap_object" frame="0" z_index="3" m_a="1.000000" m_b="0.000000" m_c="0.000000" m_d="1.000000" m_tx="113.650833" m_ty="116.127029"/>
  </frame>
  <frame idx="125" w="389" h="344" x="138.875000" y="49.291702">
   <element name="swap_object" layername="swap_object" frame="0" z_index="3" m_a="1.000000" m_b="0.000000" m_c="0.000000" m_d="1.000000" m_tx="113.650833" m_ty="116.127029"/>
  </frame>
  <frame idx="150" w="389" h="344" x="138.875000" y="49.291702">
   <element name="swap_object" layername="swap_object" frame="0" z_index="3" m_a="1.000000" m_b="0.000000" m_c="0.000000" m_d="1.000000" m_tx="113.650833" m_ty="116.127029"/>
  </frame>
  <frame idx="175" w="389" h="344" x="138.875000" y="49.291702">
   <element name="swap_object" layername="swap_object" frame="0" z_index="3" m_a="1.000000" m_b="0.000000" m_c="0.000000" m_d="1.000000" m_tx="113.650833" m_ty="116.127029"/>
  </frame>
  <frame idx="200" w="389" h="344" x="138.875000" y="49.291702">
   <element name="swap_object" layername="swap_object" frame="0" z_index="3" m_a="1.000000" m_b="0.000000" m_c="0.000000" m_d="1.000000" m_tx="113.650833" m_ty="116.127029"/>
  </frame>
  <frame idx="225" w="389" h="344" x="138.875000" y="49.291702">
   <element name="swap_object" layername="swap_object" frame="0" z_index="3" m_a="1.000000" m_b="0.000000" m_c="0.000000" m_d="1.000000" m_tx="113.650833" m_ty="116.127029"/>
  </frame>
  <frame idx="250" w="389" h="344" x="138.875000" y="49.291702">
   <element name="swap_object" layername="swap_object" frame="0" z_index="3" m_a="1.000000" m_b="0.000000" m_c="0.000000" m_d="1.000000" m_tx="113.650833" m_ty="116.127029"/>
  </frame>
  <frame idx="275" w="389" h="344" x="138.875000" y="49.291702">
   <element name="swap_object" layername="swap_object" frame="0" z_index="3" m_a="1.000000" m_b="0.000000" m_c="0.000000" m_d="1.000000" m_tx="113.650833" m_ty="116.127029"/>
  </frame>
  <frame idx="300" w="389" h="344" x="138.875000" y="49.291702">
   <element name="swap_object" layername="swap_object" frame="0" z_index="3" m_a="1.000000" m_b="0.000000" m_c="0.000000" m_d="1.000000" m_tx="113.650833" m_ty="116.127029"/>
  </frame>
  <frame idx="325" w="389" h="344" x="138.875000" y="49.291702">
   <element name="swap_object" layername="swap_object" frame="0" z_index="3" m_a="1.000000" m_b="0.000000" m_c="0.000000" m_d="1.000000" m_tx="113.650833" m_ty="116.127029"/>
  </frame>
  <frame idx="350" w="389" h="344" x="138.875000" y="49.291702">
   <element name="swap_object" layername="swap_object" frame="0" z_index="3" m_a="1.000000" m_b="0.000000" m_c="0.000000" m_d="1.000000" m_tx="113.650833" m_ty="116.127029"/>
  </frame>
  <frame idx="375" w="389" h="344" x="138.875000" y="49.291702">
   <element name="swap_object" layername="swap_object" frame="0" z_index="3" m_a="1.000000" m_b="0.000000" m_c="0.000000" m_d="1.000000" m_tx="113.650833" m_ty="116.127029"/>
  </frame>
  <frame idx="400" w="389" h="344" x="138.875000" y="49.291702">
   <element name="swap_object" layername="swap_object" frame="0" z_index="3" m_a="1.000000" m_b="0.000000" m_c="0.000000" m_d="1.000000" m_tx="113.650833" m_ty="116.127029"/>
  </frame>
  <frame idx="425" w="389" h="344" x="138.875000" y="49.291702">
   <element name="swap_object" layername="swap_object" frame="0" z_index="3" m_a="1.000000" m_b="0.000000" m_c="0.000000" m_d="1.000000" m_tx="113.650833" m_ty="116.127029"/>
  </frame>
  <frame idx="450" w="389" h="344" x="138.875000" y="49.291702">
   <element name="swap_object" layername="swap_object" frame="0" z_index="3" m_a="1.000000" m_b="0.000000" m_c="0.000000" m_d="1.000000" m_tx="113.650833" m_ty="116.127029"/>
  </frame>
  <frame idx="475" w="389" h="344" x="138.875000" y="49.291702">
   <element name="swap_object" layername="swap_object" frame="0" z_index="3" m_a="1.000000" m_b="0.000000" m_c="0.000000" m_d="1.000000" m_tx="113.650833" m_ty="116.127029"/>
  </frame>
  <frame idx="500" w="389" h="344" x="138.875000" y="49.291702">
   <element name="swap_object" layername="swap_object" frame="0" z_index="3" m_a="1.000000" m_b="0.000000" m_c="0.000000" m_d="1.000000" m_tx="113.650833" m_ty="116.127029"/>
  </frame>
  <frame idx="525" w="389" h="344" x="138.875000" y="49.291702">
   <element name="swap_object" layername="swap_object" frame="0" z_index="3" m_a="1.000000" m_b="0.000000" m_c="0.000000" m_d="1.000000" m_tx="113.650833" m_ty="116.127029"/>
  </frame>
  <frame idx="550" w="389" h="344" x="138.875000" y="49.291702">
   <element name="swap_object" layername="swap_object" frame="0" z_index="3" m_a="1.000000" m_b="0.000000" m_c="0.000000" m_d="1.000000" m_tx="113.650833" m_ty="116.127029"/>
  </frame>
  <frame idx="575" w="389" h="344" x="138.875000" y="49.291702">
   <element name="swap_object" layername="swap_object" frame="0" z_index="3" m_a="1.000000" m_b="0.000000" m_c="0.000000" m_d="1.000000" m_tx="113.650833" m_ty="116.127029"/>
  </frame>
  <frame idx="600" w="389" h="344" x="138.875000" y="49.291702">
   <element name="swap_object" layername="swap_object" frame="0" z_index="3" m_a="1.000000" m_b="0.000000" m_c="0.000000" m_d="1.000000" m_tx="113.650833" m_ty="116.127029"/>
  </frame>
  <frame idx="625" w="389" h="344" x="138.875000" y="49.291702">
   <element name="swap_object" layername="swap_object" frame="0" z_index="3" m_a="1.000000" m_b="0.000000" m_c="0.000000" m_d="1.000000" m_tx="113.650833" m_ty="116.127029"/>
  </frame>
  <frame idx="650" w="389" h="344" x="138.875000" y="49.291702">
   <element name="swap_object" layername="swap_object" frame="0" z_index="3" m_a="1.000000" m_b="0.000000" m_c="0.000000" m_d="1.000000" m_tx="113.650833" m_ty="116.127029"/>
  </frame>
  <frame idx="675" w="389" h="344" x="138.875000" y="49.291702">
   <element name="swap_object" layername="swap_object" frame="0" z_index="3" m_a="1.000000" m_b="0.000000" m_c="0.000000" m_d="1.000000" m_tx="113.650833" m_ty="116.127029"/>
  </frame>
  <frame idx="700" w="389" h="344" x="138.875000" y="49.291702">
   <element name="swap_object" layername="swap_object" frame="0" z_index="3" m_a="1.000000" m_b="0.000000" m_c="0.000000" m_d="1.000000" m_tx="113.650833" m_ty="116.127029"/>
  </frame>
  <frame idx="725" w="389" h="344" x="138.875000" y="49.291702">
   <element name="swap_object" layername="swap_object" frame="0" z_index="3" m_a="1.000000" m_b="0.000000" m_c="0.000000" m_d="1.000000" m_tx="113.650833" m_ty="116.127029"/>
  </frame>
  <frame idx="750" w="389" h="344" x="138.875000" y="49.291702">
   <element name="swap_object" layername="swap_object" frame="0" z_index="3" m_a="1.000000" m_b="0.000000" m_c="0.000000" m_d="1.000000" m_tx="113.650833" m_ty="116.127029"/>
  </frame>
  <frame idx="775" w="389" h="344" x="138.875000" y="49.291702">
   <element name="swap_object" layername="swap_object" frame="0" z_index="3" m_a="1.000000" m_b="0.000000" m_c="0.000000" m_d="1.000000" m_tx="113.650833" m_ty="116.127029"/>
  </frame>
  <frame idx="800" w="389" h="344" x="138.875000" y="49.291702">
   <element name="swap_object" layername="swap_object" frame="0" z_index="3" m_a="1.000000" m_b="0.000000" m_c="0.000000" m_d="1.000000" m_tx="113.650833" m_ty="116.127029"/>
  </frame>
  <frame idx="825" w="389" h="344" x="138.875000" y="49.291702">
   <element name="swap_object" layername="swap_object" frame="0" z_index="3" m_a="1.000000" m_b="0.000000" m_c="0.000000" m_d="1.000000" m_tx="113.650833" m_ty="116.127029"/>
  </frame>
  <frame idx="850" w="389" h="344" x="138.875000" y="49.291702">
   <element name="swap_object" layername="swap_object" frame="0" z_index="3" m_a="1.000000" m_b="0.000000" m_c="0.000000" m_d="1.000000" m_tx="113.650833" m_ty="116.127029"/>
  </frame>
  <frame idx="875" w="389" h="344" x="138.875000" y="49.291702">
   <element name="swap_object" layername="swap_object" frame="0" z_index="3" m_a="1.000000" m_b="0.000000" m_c="0.000000" m_d="1.000000" m_tx="113.650833" m_ty="116.127029"/>
  </frame>
  <frame idx="900" w="389" h="344" x="138.875000" y="49.291702">
   <element name="swap_object" layername="swap_object" frame="0" z_index="3" m_a="1.000000" m_b="0.000000" m_c="0.000000" m_d="1.000000" m_tx="113.650833" m_ty="116.127029"/>
  </frame>
  <frame idx="925" w="389" h="344" x="138.875000" y="49.291702">
   <element name="swap_object" layername="swap_object" frame="0" z_index="3" m_a="1.000000" m_b="0.000000" m_c="0.000000" m_d="1.000000" m_tx="113.650833" m_ty="116.127029"/>
  </frame>
  <frame idx="950" w="389" h="344" x="138.875000" y="49.291702">
   <element name="swap_object" layername="swap_object" frame="0" z_index="3" m_a="1.000000" m_b="0.000000" m_c="0.000000" m_d="1.000000" m_tx="113.650833" m_ty="116.127029"/>
  </frame>
  <frame idx="975" w="389" h="344" x="138.875000" y="49.291702">
   <element name="swap_object" layername="swap_object" frame="0" z_index="3" m_a="1.000000" m_b="0.000000" m_c="0.000000" m_d="1.000000" m_tx="113.650833" m_ty="116.127029"/>
  </frame>
 </anim>
 <anim name="idle" root="tp_strawhat" numframes="1000" framerate="40">
  <frame idx="0" w="442" h="365" x="-50.122368" y="-115.273605">
   <element name="item" layername="item" frame="0" z_index="3" m_a="1.000000" m_b="0.000000" m_c="0.000000" m_d="1.000000" m_tx="-0.035562" m_ty="-5.342376"/>
  </frame>
  <frame idx="25" w="442" h="362" x="147.435486" y="85.518997">
   <element name="item" layername="item" frame="0" z_index="3" m_a="1.000000" m_b="0.000000" m_c="0.000000" m_d="1.000000" m_tx="197.522293" m_ty="195.450226"/>
  </frame>
  <frame idx="50" w="442" h="362" x="147.435486" y="85.518997">
   <element name="item" layername="item" frame="0" z_index="3" m_a="1.000000" m_b="0.000000" m_c="0.000000" m_d="1.000000" m_tx="197.522293" m_ty="195.450226"/>
  </frame>
  <frame idx="75" w="442" h="362" x="147.435486" y="85.518997">
   <element name="item" layername="item" frame="0" z_index="3" m_a="1.000000" m_b="0.000000" m_c="0.000000" m_d="1.000000" m_tx="197.522293" m_ty="195.450226"/>
  </frame>
  <frame idx="100" w="442" h="362" x="147.435486" y="85.518997">
   <element name="item" layername="item" frame="0" z_index="3" m_a="1.000000" m_b="0.000000" m_c="0.000000" m_d="1.000000" m_tx="197.522293" m_ty="195.450226"/>
  </frame>
  <frame idx="125" w="442" h="362" x="147.435486" y="85.518997">
   <element name="item" layername="item" frame="0" z_index="3" m_a="1.000000" m_b="0.000000" m_c="0.000000" m_d="1.000000" m_tx="197.522293" m_ty="195.450226"/>
  </frame>
  <frame idx="150" w="442" h="362" x="147.435486" y="85.518997">
   <element name="item" layername="item" frame="0" z_index="3" m_a="1.000000" m_b="0.000000" m_c="0.000000" m_d="1.000000" m_tx="197.522293" m_ty="195.450226"/>
  </frame>
  <frame idx="175" w="442" h="362" x="147.435486" y="85.518997">
   <element name="item" layername="item" frame="0" z_index="3" m_a="1.000000" m_b="0.000000" m_c="0.000000" m_d="1.000000" m_tx="197.522293" m_ty="195.450226"/>
  </frame>
  <frame idx="200" w="442" h="362" x="147.435486" y="85.518997">
   <element name="item" layername="item" frame="0" z_index="3" m_a="1.000000" m_b="0.000000" m_c="0.000000" m_d="1.000000" m_tx="197.522293" m_ty="195.450226"/>
  </frame>
  <frame idx="225" w="442" h="362" x="147.435486" y="85.518997">
   <element name="item" layername="item" frame="0" z_index="3" m_a="1.000000" m_b="0.000000" m_c="0.000000" m_d="1.000000" m_tx="197.522293" m_ty="195.450226"/>
  </frame>
  <frame idx="250" w="442" h="362" x="147.435486" y="85.518997">
   <element name="item" layername="item" frame="0" z_index="3" m_a="1.000000" m_b="0.000000" m_c="0.000000" m_d="1.000000" m_tx="197.522293" m_ty="195.450226"/>
  </frame>
  <frame idx="275" w="442" h="362" x="147.435486" y="85.518997">
   <element name="item" layername="item" frame="0" z_index="3" m_a="1.000000" m_b="0.000000" m_c="0.000000" m_d="1.000000" m_tx="197.522293" m_ty="195.450226"/>
  </frame>
  <frame idx="300" w="442" h="362" x="147.435486" y="85.518997">
   <element name="item" layername="item" frame="0" z_index="3" m_a="1.000000" m_b="0.000000" m_c="0.000000" m_d="1.000000" m_tx="197.522293" m_ty="195.450226"/>
  </frame>
  <frame idx="325" w="442" h="362" x="147.435486" y="85.518997">
   <element name="item" layername="item" frame="0" z_index="3" m_a="1.000000" m_b="0.000000" m_c="0.000000" m_d="1.000000" m_tx="197.522293" m_ty="195.450226"/>
  </frame>
  <frame idx="350" w="442" h="362" x="147.435486" y="85.518997">
   <element name="item" layername="item" frame="0" z_index="3" m_a="1.000000" m_b="0.000000" m_c="0.000000" m_d="1.000000" m_tx="197.522293" m_ty="195.450226"/>
  </frame>
  <frame idx="375" w="442" h="362" x="147.435486" y="85.518997">
   <element name="item" layername="item" frame="0" z_index="3" m_a="1.000000" m_b="0.000000" m_c="0.000000" m_d="1.000000" m_tx="197.522293" m_ty="195.450226"/>
  </frame>
  <frame idx="400" w="442" h="362" x="147.435486" y="85.518997">
   <element name="item" layername="item" frame="0" z_index="3" m_a="1.000000" m_b="0.000000" m_c="0.000000" m_d="1.000000" m_tx="197.522293" m_ty="195.450226"/>
  </frame>
  <frame idx="425" w="442" h="362" x="147.435486" y="85.518997">
   <element name="item" layername="item" frame="0" z_index="3" m_a="1.000000" m_b="0.000000" m_c="0.000000" m_d="1.000000" m_tx="197.522293" m_ty="195.450226"/>
  </frame>
  <frame idx="450" w="442" h="362" x="147.435486" y="85.518997">
   <element name="item" layername="item" frame="0" z_index="3" m_a="1.000000" m_b="0.000000" m_c="0.000000" m_d="1.000000" m_tx="197.522293" m_ty="195.450226"/>
  </frame>
  <frame idx="475" w="442" h="362" x="147.435486" y="85.518997">
   <element name="item" layername="item" frame="0" z_index="3" m_a="1.000000" m_b="0.000000" m_c="0.000000" m_d="1.000000" m_tx="197.522293" m_ty="195.450226"/>
  </frame>
  <frame idx="500" w="442" h="362" x="147.435486" y="85.518997">
   <element name="item" layername="item" frame="0" z_index="3" m_a="1.000000" m_b="0.000000" m_c="0.000000" m_d="1.000000" m_tx="197.522293" m_ty="195.450226"/>
  </frame>
  <frame idx="525" w="442" h="362" x="147.435486" y="85.518997">
   <element name="item" layername="item" frame="0" z_index="3" m_a="1.000000" m_b="0.000000" m_c="0.000000" m_d="1.000000" m_tx="197.522293" m_ty="195.450226"/>
  </frame>
  <frame idx="550" w="442" h="362" x="147.435486" y="85.518997">
   <element name="item" layername="item" frame="0" z_index="3" m_a="1.000000" m_b="0.000000" m_c="0.000000" m_d="1.000000" m_tx="197.522293" m_ty="195.450226"/>
  </frame>
  <frame idx="575" w="442" h="362" x="147.435486" y="85.518997">
   <element name="item" layername="item" frame="0" z_index="3" m_a="1.000000" m_b="0.000000" m_c="0.000000" m_d="1.000000" m_tx="197.522293" m_ty="195.450226"/>
  </frame>
  <frame idx="600" w="442" h="362" x="147.435486" y="85.518997">
   <element name="item" layername="item" frame="0" z_index="3" m_a="1.000000" m_b="0.000000" m_c="0.000000" m_d="1.000000" m_tx="197.522293" m_ty="195.450226"/>
  </frame>
  <frame idx="625" w="442" h="362" x="147.435486" y="85.518997">
   <element name="item" layername="item" frame="0" z_index="3" m_a="1.000000" m_b="0.000000" m_c="0.000000" m_d="1.000000" m_tx="197.522293" m_ty="195.450226"/>
  </frame>
  <frame idx="650" w="442" h="362" x="147.435486" y="85.518997">
   <element name="item" layername="item" frame="0" z_index="3" m_a="1.000000" m_b="0.000000" m_c="0.000000" m_d="1.000000" m_tx="197.522293" m_ty="195.450226"/>
  </frame>
  <frame idx="675" w="442" h="362" x="147.435486" y="85.518997">
   <element name="item" layername="item" frame="0" z_index="3" m_a="1.000000" m_b="0.000000" m_c="0.000000" m_d="1.000000" m_tx="197.522293" m_ty="195.450226"/>
  </frame>
  <frame idx="700" w="442" h="362" x="147.435486" y="85.518997">
   <element name="item" layername="item" frame="0" z_index="3" m_a="1.000000" m_b="0.000000" m_c="0.000000" m_d="1.000000" m_tx="197.522293" m_ty="195.450226"/>
  </frame>
  <frame idx="725" w="442" h="362" x="147.435486" y="85.518997">
   <element name="item" layername="item" frame="0" z_index="3" m_a="1.000000" m_b="0.000000" m_c="0.000000" m_d="1.000000" m_tx="197.522293" m_ty="195.450226"/>
  </frame>
  <frame idx="750" w="442" h="362" x="147.435486" y="85.518997">
   <element name="item" layername="item" frame="0" z_index="3" m_a="1.000000" m_b="0.000000" m_c="0.000000" m_d="1.000000" m_tx="197.522293" m_ty="195.450226"/>
  </frame>
  <frame idx="775" w="442" h="362" x="147.435486" y="85.518997">
   <element name="item" layername="item" frame="0" z_index="3" m_a="1.000000" m_b="0.000000" m_c="0.000000" m_d="1.000000" m_tx="197.522293" m_ty="195.450226"/>
  </frame>
  <frame idx="800" w="442" h="362" x="147.435486" y="85.518997">
   <element name="item" layername="item" frame="0" z_index="3" m_a="1.000000" m_b="0.000000" m_c="0.000000" m_d="1.000000" m_tx="197.522293" m_ty="195.450226"/>
  </frame>
  <frame idx="825" w="442" h="362" x="147.435486" y="85.518997">
   <element name="item" layername="item" frame="0" z_index="3" m_a="1.000000" m_b="0.000000" m_c="0.000000" m_d="1.000000" m_tx="197.522293" m_ty="195.450226"/>
  </frame>
  <frame idx="850" w="442" h="362" x="147.435486" y="85.518997">
   <element name="item" layername="item" frame="0" z_index="3" m_a="1.000000" m_b="0.000000" m_c="0.000000" m_d="1.000000" m_tx="197.522293" m_ty="195.450226"/>
  </frame>
  <frame idx="875" w="442" h="362" x="147.435486" y="85.518997">
   <element name="item" layername="item" frame="0" z_index="3" m_a="1.000000" m_b="0.000000" m_c="0.000000" m_d="1.000000" m_tx="197.522293" m_ty="195.450226"/>
  </frame>
  <frame idx="900" w="442" h="362" x="147.435486" y="85.518997">
   <element name="item" layername="item" frame="0" z_index="3" m_a="1.000000" m_b="0.000000" m_c="0.000000" m_d="1.000000" m_tx="197.522293" m_ty="195.450226"/>
  </frame>
  <frame idx="925" w="442" h="362" x="147.435486" y="85.518997">
   <element name="item" layername="item" frame="0" z_index="3" m_a="1.000000" m_b="0.000000" m_c="0.000000" m_d="1.000000" m_tx="197.522293" m_ty="195.450226"/>
  </frame>
  <frame idx="950" w="442" h="362" x="147.435486" y="85.518997">
   <element name="item" layername="item" frame="0" z_index="3" m_a="1.000000" m_b="0.000000" m_c="0.000000" m_d="1.000000" m_tx="197.522293" m_ty="195.450226"/>
  </frame>
  <frame idx="975" w="442" h="362" x="147.435486" y="85.518997">
   <element name="item" layername="item" frame="0" z_index="3" m_a="1.000000" m_b="0.000000" m_c="0.000000" m_d="1.000000" m_tx="197.522293" m_ty="195.450226"/>
  </frame>
 </anim>
 <anim name="idle_water" root="tp_strawhat" numframes="2000" framerate="40">
  <frame idx="0" w="389" h="334" x="-36.063030" y="-97.433487">
   <element name="item_water" layername="item_water" frame="0" z_index="3" m_a="1.000000" m_b="0.000000" m_c="0.000000" m_d="1.000000" m_tx="1.982883" m_ty="-1.321284"/>
  </frame>
  <frame idx="25" w="389" h="345" x="135.637527" y="64.600319">
   <element name="item_water" layername="item_water" frame="0" z_index="3" m_a="1.000000" m_b="0.000000" m_c="0.000000" m_d="1.000000" m_tx="173.683441" m_ty="161.712524"/>
  </frame>
  <frame idx="50" w="389" h="345" x="135.637527" y="64.700722">
   <element name="item_water" layername="item_water" frame="0" z_index="3" m_a="1.000000" m_b="0.000000" m_c="0.000000" m_d="1.000000" m_tx="173.683441" m_ty="161.812927"/>
  </frame>
  <frame idx="75" w="389" h="345" x="135.637527" y="64.797249">
   <element name="item_water" layername="item_water" frame="0" z_index="3" m_a="1.000000" m_b="0.000000" m_c="0.000000" m_d="1.000000" m_tx="173.683441" m_ty="161.909454"/>
  </frame>
  <frame idx="100" w="389" h="345" x="135.637527" y="64.901512">
   <element name="item_water" layername="item_water" frame="0" z_index="3" m_a="1.000000" m_b="0.000000" m_c="0.000000" m_d="1.000000" m_tx="173.683441" m_ty="162.013718"/>
  </frame>
  <frame idx="125" w="389" h="345" x="135.637527" y="65.001915">
   <element name="item_water" layername="item_water" frame="0" z_index="3" m_a="1.000000" m_b="0.000000" m_c="0.000000" m_d="1.000000" m_tx="173.683441" m_ty="162.114120"/>
  </frame>
  <frame idx="150" w="389" h="345" x="135.637527" y="65.102318">
   <element name="item_water" layername="item_water" frame="0" z_index="3" m_a="1.000000" m_b="0.000000" m_c="0.000000" m_d="1.000000" m_tx="173.683441" m_ty="162.214523"/>
  </frame>
  <frame idx="175" w="389" h="344" x="135.637527" y="65.202721">
   <element name="item_water" layername="item_water" frame="0" z_index="3" m_a="1.000000" m_b="0.000000" m_c="0.000000" m_d="1.000000" m_tx="173.683441" m_ty="162.314926"/>
  </frame>
  <frame idx="200" w="389" h="344" x="135.637527" y="65.303108">
   <element name="item_water" layername="item_water" frame="0" z_index="3" m_a="1.000000" m_b="0.000000" m_c="0.000000" m_d="1.000000" m_tx="173.683441" m_ty="162.415314"/>
  </frame>
  <frame idx="225" w="389" h="344" x="135.637527" y="65.403511">
   <element name="item_water" layername="item_water" frame="0" z_index="3" m_a="1.000000" m_b="0.000000" m_c="0.000000" m_d="1.000000" m_tx="173.683441" m_ty="162.515717"/>
  </frame>
  <frame idx="250" w="389" h="344" x="135.637527" y="65.503914">
   <element name="item_water" layername="item_water" frame="0" z_index="3" m_a="1.000000" m_b="0.000000" m_c="0.000000" m_d="1.000000" m_tx="173.683441" m_ty="162.616119"/>
  </frame>
  <frame idx="275" w="389" h="344" x="135.637527" y="65.604317">
   <element name="item_water" layername="item_water" frame="0" z_index="3" m_a="1.000000" m_b="0.000000" m_c="0.000000" m_d="1.000000" m_tx="173.683441" m_ty="162.716522"/>
  </frame>
  <frame idx="300" w="389" h="344" x="135.637527" y="65.704720">
   <element name="item_water" layername="item_water" frame="0" z_index="3" m_a="1.000000" m_b="0.000000" m_c="0.000000" m_d="1.000000" m_tx="173.683441" m_ty="162.816925"/>
  </frame>
  <frame idx="325" w="389" h="344" x="135.637527" y="65.805107">
   <element name="item_water" layername="item_water" frame="0" z_index="3" m_a="1.000000" m_b="0.000000" m_c="0.000000" m_d="1.000000" m_tx="173.683441" m_ty="162.917313"/>
  </frame>
  <frame idx="350" w="389" h="344" x="135.637527" y="65.901649">
   <element name="item_water" layername="item_water" frame="0" z_index="3" m_a="1.000000" m_b="0.000000" m_c="0.000000" m_d="1.000000" m_tx="173.683441" m_ty="163.013855"/>
  </frame>
  <frame idx="375" w="389" h="344" x="135.637527" y="66.001900">
   <element name="item_water" layername="item_water" frame="0" z_index="3" m_a="1.000000" m_b="0.000000" m_c="0.000000" m_d="1.000000" m_tx="173.683441" m_ty="163.114105"/>
  </frame>
  <frame idx="400" w="389" h="344" x="135.637527" y="66.102303">
   <element name="item_water" layername="item_water" frame="0" z_index="3" m_a="1.000000" m_b="0.000000" m_c="0.000000" m_d="1.000000" m_tx="173.683441" m_ty="163.214508"/>
  </frame>
  <frame idx="425" w="389" h="342" x="135.637527" y="66.702705">
   <element name="item_water" layername="item_water" frame="0" z_index="3" m_a="1.000000" m_b="0.000000" m_c="0.000000" m_d="1.000000" m_tx="173.683441" m_ty="163.314911"/>
  </frame>
  <frame idx="450" w="389" h="342" x="135.637527" y="66.803108">
   <element name="item_water" layername="item_water" frame="0" z_index="3" m_a="1.000000" m_b="0.000000" m_c="0.000000" m_d="1.000000" m_tx="173.683441" m_ty="163.415314"/>
  </frame>
  <frame idx="475" w="389" h="342" x="135.637527" y="66.903496">
   <element name="item_water" layername="item_water" frame="0" z_index="3" m_a="1.000000" m_b="0.000000" m_c="0.000000" m_d="1.000000" m_tx="173.683441" m_ty="163.515701"/>
  </frame>
  <frame idx="500" w="389" h="342" x="135.637527" y="67.003899">
   <element name="item_water" layername="item_water" frame="0" z_index="3" m_a="1.000000" m_b="0.000000" m_c="0.000000" m_d="1.000000" m_tx="173.683441" m_ty="163.616104"/>
  </frame>
  <frame idx="525" w="389" h="342" x="135.637527" y="67.104301">
   <element name="item_water" layername="item_water" frame="0" z_index="3" m_a="1.000000" m_b="0.000000" m_c="0.000000" m_d="1.000000" m_tx="173.683441" m_ty="163.716507"/>
  </frame>
  <frame idx="550" w="389" h="342" x="135.637527" y="67.204704">
   <element name="item_water" layername="item_water" frame="0" z_index="3" m_a="1.000000" m_b="0.000000" m_c="0.000000" m_d="1.000000" m_tx="173.683441" m_ty="163.816910"/>
  </frame>
  <frame idx="575" w="389" h="342" x="135.637527" y="67.305107">
   <element name="item_water" layername="item_water" frame="0" z_index="3" m_a="1.000000" m_b="0.000000" m_c="0.000000" m_d="1.000000" m_tx="173.683441" m_ty="163.917313"/>
  </frame>
  <frame idx="600" w="389" h="342" x="135.637527" y="67.405495">
   <element name="item_water" layername="item_water" frame="0" z_index="3" m_a="1.000000" m_b="0.000000" m_c="0.000000" m_d="1.000000" m_tx="173.683441" m_ty="164.017700"/>
  </frame>
  <frame idx="625" w="389" h="342" x="135.637527" y="67.505943">
   <element name="item_water" layername="item_water" frame="0" z_index="3" m_a="1.000000" m_b="0.000000" m_c="0.000000" m_d="1.000000" m_tx="173.683441" m_ty="164.118149"/>
  </frame>
  <frame idx="650" w="389" h="342" x="135.637527" y="67.606346">
   <element name="item_water" layername="item_water" frame="0" z_index="3" m_a="1.000000" m_b="0.000000" m_c="0.000000" m_d="1.000000" m_tx="173.683441" m_ty="164.218552"/>
  </frame>
  <frame idx="675" w="389" h="341" x="135.637527" y="67.706749">
   <element name="item_water" layername="item_water" frame="0" z_index="3" m_a="1.000000" m_b="0.000000" m_c="0.000000" m_d="1.000000" m_tx="173.683441" m_ty="164.318954"/>
  </frame>
  <frame idx="700" w="389" h="341" x="135.637527" y="67.807137">
   <element name="item_water" layername="item_water" frame="0" z_index="3" m_a="1.000000" m_b="0.000000" m_c="0.000000" m_d="1.000000" m_tx="173.683441" m_ty="164.419342"/>
  </frame>
  <frame idx="725" w="389" h="341" x="135.637527" y="67.907555">
   <element name="item_water" layername="item_water" frame="0" z_index="3" m_a="1.000000" m_b="0.000000" m_c="0.000000" m_d="1.000000" m_tx="173.683441" m_ty="164.519760"/>
  </frame>
  <frame idx="750" w="389" h="341" x="135.637527" y="68.007957">
   <element name="item_water" layername="item_water" frame="0" z_index="3" m_a="1.000000" m_b="0.000000" m_c="0.000000" m_d="1.000000" m_tx="173.683441" m_ty="164.620163"/>
  </frame>
  <frame idx="775" w="389" h="341" x="135.637527" y="68.108345">
   <element name="item_water" layername="item_water" frame="0" z_index="3" m_a="1.000000" m_b="0.000000" m_c="0.000000" m_d="1.000000" m_tx="173.683441" m_ty="164.720551"/>
  </frame>
  <frame idx="800" w="389" h="341" x="135.637527" y="68.208748">
   <element name="item_water" layername="item_water" frame="0" z_index="3" m_a="1.000000" m_b="0.000000" m_c="0.000000" m_d="1.000000" m_tx="173.683441" m_ty="164.820953"/>
  </frame>
  <frame idx="825" w="389" h="341" x="135.637527" y="68.309151">
   <element name="item_water" layername="item_water" frame="0" z_index="3" m_a="1.000000" m_b="0.000000" m_c="0.000000" m_d="1.000000" m_tx="173.683441" m_ty="164.921356"/>
  </frame>
  <frame idx="850" w="389" h="341" x="135.637527" y="68.409554">
   <element name="item_water" layername="item_water" frame="0" z_index="3" m_a="1.000000" m_b="0.000000" m_c="0.000000" m_d="1.000000" m_tx="173.683441" m_ty="165.021759"/>
  </frame>
  <frame idx="875" w="389" h="341" x="135.637527" y="68.509956">
   <element name="item_water" layername="item_water" frame="0" z_index="3" m_a="1.000000" m_b="0.000000" m_c="0.000000" m_d="1.000000" m_tx="173.683441" m_ty="165.122162"/>
  </frame>
  <frame idx="900" w="389" h="341" x="135.637527" y="68.610359">
   <element name="item_water" layername="item_water" frame="0" z_index="3" m_a="1.000000" m_b="0.000000" m_c="0.000000" m_d="1.000000" m_tx="173.683441" m_ty="165.222565"/>
  </frame>
  <frame idx="925" w="389" h="340" x="135.637527" y="68.710762">
   <element name="item_water" layername="item_water" frame="0" z_index="3" m_a="1.000000" m_b="0.000000" m_c="0.000000" m_d="1.000000" m_tx="173.683441" m_ty="165.322968"/>
  </frame>
  <frame idx="950" w="389" h="340" x="135.637527" y="68.811165">
   <element name="item_water" layername="item_water" frame="0" z_index="3" m_a="1.000000" m_b="0.000000" m_c="0.000000" m_d="1.000000" m_tx="173.683441" m_ty="165.423370"/>
  </frame>
  <frame idx="975" w="389" h="340" x="135.637527" y="68.911568">
   <element name="item_water" layername="item_water" frame="0" z_index="3" m_a="1.000000" m_b="0.000000" m_c="0.000000" m_d="1.000000" m_tx="173.683441" m_ty="165.523773"/>
  </frame>
  <frame idx="1000" w="389" h="340" x="135.637527" y="68.981239">
   <element name="item_water" layername="item_water" frame="0" z_index="3" m_a="1.000000" m_b="0.000000" m_c="0.000000" m_d="1.000000" m_tx="173.683441" m_ty="165.593445"/>
  </frame>
  <frame idx="1025" w="389" h="340" x="135.637527" y="68.888359">
   <element name="item_water" layername="item_water" frame="0" z_index="3" m_a="1.000000" m_b="0.000000" m_c="0.000000" m_d="1.000000" m_tx="173.683441" m_ty="165.500565"/>
  </frame>
  <frame idx="1050" w="389" h="340" x="135.637527" y="68.788750">
   <element name="item_water" layername="item_water" frame="0" z_index="3" m_a="1.000000" m_b="0.000000" m_c="0.000000" m_d="1.000000" m_tx="173.683441" m_ty="165.400955"/>
  </frame>
  <frame idx="1075" w="389" h="340" x="135.637527" y="68.689156">
   <element name="item_water" layername="item_water" frame="0" z_index="3" m_a="1.000000" m_b="0.000000" m_c="0.000000" m_d="1.000000" m_tx="173.683441" m_ty="165.301361"/>
  </frame>
  <frame idx="1100" w="389" h="341" x="135.637527" y="68.585579">
   <element name="item_water" layername="item_water" frame="0" z_index="3" m_a="1.000000" m_b="0.000000" m_c="0.000000" m_d="1.000000" m_tx="173.683441" m_ty="165.197784"/>
  </frame>
  <frame idx="1125" w="389" h="341" x="135.637527" y="68.485970">
   <element name="item_water" layername="item_water" frame="0" z_index="3" m_a="1.000000" m_b="0.000000" m_c="0.000000" m_d="1.000000" m_tx="173.683441" m_ty="165.098175"/>
  </frame>
  <frame idx="1150" w="389" h="341" x="135.637527" y="68.386360">
   <element name="item_water" layername="item_water" frame="0" z_index="3" m_a="1.000000" m_b="0.000000" m_c="0.000000" m_d="1.000000" m_tx="173.683441" m_ty="164.998566"/>
  </frame>
  <frame idx="1175" w="389" h="341" x="135.637527" y="68.286766">
   <element name="item_water" layername="item_water" frame="0" z_index="3" m_a="1.000000" m_b="0.000000" m_c="0.000000" m_d="1.000000" m_tx="173.683441" m_ty="164.898972"/>
  </frame>
  <frame idx="1200" w="389" h="341" x="135.637527" y="68.187172">
   <element name="item_water" layername="item_water" frame="0" z_index="3" m_a="1.000000" m_b="0.000000" m_c="0.000000" m_d="1.000000" m_tx="173.683441" m_ty="164.799377"/>
  </frame>
  <frame idx="1225" w="389" h="341" x="135.637527" y="68.087563">
   <element name="item_water" layername="item_water" frame="0" z_index="3" m_a="1.000000" m_b="0.000000" m_c="0.000000" m_d="1.000000" m_tx="173.683441" m_ty="164.699768"/>
  </frame>
  <frame idx="1250" w="389" h="341" x="135.637527" y="67.987968">
   <element name="item_water" layername="item_water" frame="0" z_index="3" m_a="1.000000" m_b="0.000000" m_c="0.000000" m_d="1.000000" m_tx="173.683441" m_ty="164.600174"/>
  </frame>
  <frame idx="1275" w="389" h="341" x="135.637527" y="67.888359">
   <element name="item_water" layername="item_water" frame="0" z_index="3" m_a="1.000000" m_b="0.000000" m_c="0.000000" m_d="1.000000" m_tx="173.683441" m_ty="164.500565"/>
  </frame>
  <frame idx="1300" w="389" h="341" x="135.637527" y="67.788765">
   <element name="item_water" layername="item_water" frame="0" z_index="3" m_a="1.000000" m_b="0.000000" m_c="0.000000" m_d="1.000000" m_tx="173.683441" m_ty="164.400970"/>
  </frame>
  <frame idx="1325" w="389" h="341" x="135.637527" y="67.689156">
   <element name="item_water" layername="item_water" frame="0" z_index="3" m_a="1.000000" m_b="0.000000" m_c="0.000000" m_d="1.000000" m_tx="173.683441" m_ty="164.301361"/>
  </frame>
  <frame idx="1350" w="389" h="342" x="135.637527" y="67.589561">
   <element name="item_water" layername="item_water" frame="0" z_index="3" m_a="1.000000" m_b="0.000000" m_c="0.000000" m_d="1.000000" m_tx="173.683441" m_ty="164.201767"/>
  </frame>
  <frame idx="1375" w="389" h="342" x="135.637527" y="67.489922">
   <element name="item_water" layername="item_water" frame="0" z_index="3" m_a="1.000000" m_b="0.000000" m_c="0.000000" m_d="1.000000" m_tx="173.683441" m_ty="164.102127"/>
  </frame>
  <frame idx="1400" w="389" h="342" x="135.637527" y="67.390312">
   <element name="item_water" layername="item_water" frame="0" z_index="3" m_a="1.000000" m_b="0.000000" m_c="0.000000" m_d="1.000000" m_tx="173.683441" m_ty="164.002518"/>
  </frame>
  <frame idx="1425" w="389" h="342" x="135.637527" y="67.290718">
   <element name="item_water" layername="item_water" frame="0" z_index="3" m_a="1.000000" m_b="0.000000" m_c="0.000000" m_d="1.000000" m_tx="173.683441" m_ty="163.902924"/>
  </frame>
  <frame idx="1450" w="389" h="342" x="135.637527" y="67.191109">
   <element name="item_water" layername="item_water" frame="0" z_index="3" m_a="1.000000" m_b="0.000000" m_c="0.000000" m_d="1.000000" m_tx="173.683441" m_ty="163.803314"/>
  </frame>
  <frame idx="1475" w="389" h="342" x="135.637527" y="67.091515">
   <element name="item_water" layername="item_water" frame="0" z_index="3" m_a="1.000000" m_b="0.000000" m_c="0.000000" m_d="1.000000" m_tx="173.683441" m_ty="163.703720"/>
  </frame>
  <frame idx="1500" w="389" h="342" x="135.637527" y="66.991920">
   <element name="item_water" layername="item_water" frame="0" z_index="3" m_a="1.000000" m_b="0.000000" m_c="0.000000" m_d="1.000000" m_tx="173.683441" m_ty="163.604126"/>
  </frame>
  <frame idx="1525" w="389" h="342" x="135.637527" y="66.892311">
   <element name="item_water" layername="item_water" frame="0" z_index="3" m_a="1.000000" m_b="0.000000" m_c="0.000000" m_d="1.000000" m_tx="173.683441" m_ty="163.504517"/>
  </frame>
  <frame idx="1550" w="389" h="342" x="135.637527" y="66.792717">
   <element name="item_water" layername="item_water" frame="0" z_index="3" m_a="1.000000" m_b="0.000000" m_c="0.000000" m_d="1.000000" m_tx="173.683441" m_ty="163.404922"/>
  </frame>
  <frame idx="1575" w="389" h="342" x="135.637527" y="66.693108">
   <element name="item_water" layername="item_water" frame="0" z_index="3" m_a="1.000000" m_b="0.000000" m_c="0.000000" m_d="1.000000" m_tx="173.683441" m_ty="163.305313"/>
  </frame>
  <frame idx="1600" w="389" h="344" x="135.637527" y="66.093513">
   <element name="item_water" layername="item_water" frame="0" z_index="3" m_a="1.000000" m_b="0.000000" m_c="0.000000" m_d="1.000000" m_tx="173.683441" m_ty="163.205719"/>
  </frame>
  <frame idx="1625" w="389" h="344" x="135.637527" y="65.993919">
   <element name="item_water" layername="item_water" frame="0" z_index="3" m_a="1.000000" m_b="0.000000" m_c="0.000000" m_d="1.000000" m_tx="173.683441" m_ty="163.106125"/>
  </frame>
  <frame idx="1650" w="389" h="344" x="135.637527" y="65.894310">
   <element name="item_water" layername="item_water" frame="0" z_index="3" m_a="1.000000" m_b="0.000000" m_c="0.000000" m_d="1.000000" m_tx="173.683441" m_ty="163.006516"/>
  </frame>
  <frame idx="1675" w="389" h="344" x="135.637527" y="65.794716">
   <element name="item_water" layername="item_water" frame="0" z_index="3" m_a="1.000000" m_b="0.000000" m_c="0.000000" m_d="1.000000" m_tx="173.683441" m_ty="162.906921"/>
  </frame>
  <frame idx="1700" w="389" h="344" x="135.637527" y="65.695122">
   <element name="item_water" layername="item_water" frame="0" z_index="3" m_a="1.000000" m_b="0.000000" m_c="0.000000" m_d="1.000000" m_tx="173.683441" m_ty="162.807327"/>
  </frame>
  <frame idx="1725" w="389" h="344" x="135.637527" y="65.595512">
   <element name="item_water" layername="item_water" frame="0" z_index="3" m_a="1.000000" m_b="0.000000" m_c="0.000000" m_d="1.000000" m_tx="173.683441" m_ty="162.707718"/>
  </frame>
  <frame idx="1750" w="389" h="344" x="135.637527" y="65.495918">
   <element name="item_water" layername="item_water" frame="0" z_index="3" m_a="1.000000" m_b="0.000000" m_c="0.000000" m_d="1.000000" m_tx="173.683441" m_ty="162.608124"/>
  </frame>
  <frame idx="1775" w="389" h="344" x="135.637527" y="65.396309">
   <element name="item_water" layername="item_water" frame="0" z_index="3" m_a="1.000000" m_b="0.000000" m_c="0.000000" m_d="1.000000" m_tx="173.683441" m_ty="162.508514"/>
  </frame>
  <frame idx="1800" w="389" h="344" x="135.637527" y="65.296715">
   <element name="item_water" layername="item_water" frame="0" z_index="3" m_a="1.000000" m_b="0.000000" m_c="0.000000" m_d="1.000000" m_tx="173.683441" m_ty="162.408920"/>
  </frame>
  <frame idx="1825" w="389" h="344" x="135.637527" y="65.197121">
   <element name="item_water" layername="item_water" frame="0" z_index="3" m_a="1.000000" m_b="0.000000" m_c="0.000000" m_d="1.000000" m_tx="173.683441" m_ty="162.309326"/>
  </frame>
  <frame idx="1850" w="389" h="345" x="135.637527" y="65.097511">
   <element name="item_water" layername="item_water" frame="0" z_index="3" m_a="1.000000" m_b="0.000000" m_c="0.000000" m_d="1.000000" m_tx="173.683441" m_ty="162.209717"/>
  </frame>
  <frame idx="1875" w="389" h="345" x="135.637527" y="64.997917">
   <element name="item_water" layername="item_water" frame="0" z_index="3" m_a="1.000000" m_b="0.000000" m_c="0.000000" m_d="1.000000" m_tx="173.683441" m_ty="162.110123"/>
  </frame>
  <frame idx="1900" w="389" h="345" x="135.637527" y="64.898308">
   <element name="item_water" layername="item_water" frame="0" z_index="3" m_a="1.000000" m_b="0.000000" m_c="0.000000" m_d="1.000000" m_tx="173.683441" m_ty="162.010513"/>
  </frame>
  <frame idx="1925" w="389" h="345" x="135.637527" y="64.798714">
   <element name="item_water" layername="item_water" frame="0" z_index="3" m_a="1.000000" m_b="0.000000" m_c="0.000000" m_d="1.000000" m_tx="173.683441" m_ty="161.910919"/>
  </frame>
  <frame idx="1950" w="389" h="345" x="135.637527" y="64.699120">
   <element name="item_water" layername="item_water" frame="0" z_index="3" m_a="1.000000" m_b="0.000000" m_c="0.000000" m_d="1.000000" m_tx="173.683441" m_ty="161.811325"/>
  </frame>
  <frame idx="1975" w="389" h="345" x="135.637527" y="64.599510">
   <element name="item_water" layername="item_water" frame="0" z_index="3" m_a="1.000000" m_b="0.000000" m_c="0.000000" m_d="1.000000" m_tx="173.683441" m_ty="161.711716"/>
  </frame>
 </anim>
</Anims>
