<Anims>
 <anim name="cooked" root="tp_gingko" numframes="125" framerate="40">
  <frame idx="0" w="189" h="177" x="-15.548472" y="-47.111977">
   <element name="acorn01" layername="acor" frame="1" z_index="11" m_a="0.976196" m_b="0.000000" m_c="0.000000" m_d="0.920258" m_tx="-9.799000" m_ty="-37.749001"/>
  </frame>
  <frame idx="25" w="189" h="177" x="-15.548472" y="-47.111977">
   <element name="acorn01" layername="acor" frame="1" z_index="11" m_a="0.976196" m_b="0.000000" m_c="0.000000" m_d="0.920258" m_tx="-9.799000" m_ty="-37.749001"/>
  </frame>
  <frame idx="50" w="189" h="177" x="-15.548472" y="-47.111977">
   <element name="acorn01" layername="acor" frame="1" z_index="11" m_a="0.976196" m_b="0.000000" m_c="0.000000" m_d="0.920258" m_tx="-9.799000" m_ty="-37.749001"/>
  </frame>
  <frame idx="75" w="189" h="177" x="-15.548472" y="-47.111977">
   <element name="acorn01" layername="acor" frame="1" z_index="11" m_a="0.976196" m_b="0.000000" m_c="0.000000" m_d="0.920258" m_tx="-9.799000" m_ty="-37.749001"/>
  </frame>
  <frame idx="100" w="189" h="177" x="-15.548472" y="-47.111977">
   <element name="acorn01" layername="acor" frame="1" z_index="11" m_a="0.976196" m_b="0.000000" m_c="0.000000" m_d="0.920258" m_tx="-9.799000" m_ty="-37.749001"/>
  </frame>
 </anim>
 <anim name="cooked_water" root="tp_gingko" numframes="1200" framerate="40">
  <frame idx="0" w="184" h="167" x="-14.072284" y="-36.955406">
   <element name="acorn01" layername="acor" frame="4" z_index="11" m_a="0.976196" m_b="0.000000" m_c="0.000000" m_d="0.920258" m_tx="-9.799000" m_ty="-37.749001"/>
  </frame>
  <frame idx="25" w="184" h="167" x="-14.071768" y="-36.994522">
   <element name="acorn01" layername="acor" frame="4" z_index="11" m_a="0.976241" m_b="0.000000" m_c="0.000000" m_d="0.920112" m_tx="-9.799000" m_ty="-37.785763"/>
  </frame>
  <frame idx="50" w="184" h="167" x="-14.070562" y="-36.940273">
   <element name="acorn01" layername="acor" frame="4" z_index="11" m_a="0.976346" m_b="0.000000" m_c="0.000000" m_d="0.919786" m_tx="-9.799000" m_ty="-37.726273"/>
  </frame>
  <frame idx="75" w="184" h="167" x="-14.068624" y="-36.859299">
   <element name="acorn01" layername="acor" frame="4" z_index="11" m_a="0.976514" m_b="0.000000" m_c="0.000000" m_d="0.919262" m_tx="-9.799000" m_ty="-37.636879"/>
  </frame>
  <frame idx="100" w="184" h="167" x="-14.065958" y="-36.833138">
   <element name="acorn01" layername="acor" frame="4" z_index="11" m_a="0.976746" m_b="0.000000" m_c="0.000000" m_d="0.918533" m_tx="-9.799000" m_ty="-37.598999"/>
  </frame>
  <frame idx="125" w="184" h="166" x="-14.062348" y="-36.738533">
   <element name="acorn01" layername="acor" frame="4" z_index="11" m_a="0.977060" m_b="0.000000" m_c="0.000000" m_d="0.917557" m_tx="-9.799000" m_ty="-37.488708"/>
  </frame>
  <frame idx="150" w="184" h="166" x="-14.033745" y="-36.596695">
   <element name="acorn01" layername="acor" frame="4" z_index="11" m_a="0.977439" m_b="0.000000" m_c="0.000000" m_d="0.916370" m_tx="-9.774757" m_ty="-37.327789"/>
  </frame>
  <frame idx="175" w="184" h="166" x="-14.002861" y="-36.429787">
   <element name="acorn01" layername="acor" frame="4" z_index="11" m_a="0.977885" m_b="0.000000" m_c="0.000000" m_d="0.914971" m_tx="-9.749000" m_ty="-37.138393"/>
  </frame>
  <frame idx="200" w="184" h="166" x="-13.997006" y="-36.266037">
   <element name="acorn01" layername="acor" frame="4" z_index="11" m_a="0.978394" m_b="0.000000" m_c="0.000000" m_d="0.913376" m_tx="-9.749000" m_ty="-36.949001"/>
  </frame>
  <frame idx="225" w="184" h="165" x="-14.027065" y="-36.074669">
   <element name="acorn01" layername="acor" frame="4" z_index="11" m_a="0.978977" m_b="0.000000" m_c="0.000000" m_d="0.911558" m_tx="-9.785765" m_ty="-36.728413"/>
  </frame>
  <frame idx="250" w="184" h="165" x="-14.032779" y="-35.882683">
   <element name="acorn01" layername="acor" frame="4" z_index="11" m_a="0.979631" m_b="0.000000" m_c="0.000000" m_d="0.909513" m_tx="-9.799000" m_ty="-36.503544"/>
  </frame>
  <frame idx="275" w="184" h="164" x="-14.024460" y="-35.667591">
   <element name="acorn01" layername="acor" frame="4" z_index="11" m_a="0.980354" m_b="0.000000" m_c="0.000000" m_d="0.907247" m_tx="-9.799000" m_ty="-36.252029"/>
  </frame>
  <frame idx="300" w="185" h="164" x="-14.015426" y="-35.404144">
   <element name="acorn01" layername="acor" frame="4" z_index="11" m_a="0.981140" m_b="0.000000" m_c="0.000000" m_d="0.904785" m_tx="-9.799000" m_ty="-35.949001"/>
  </frame>
  <frame idx="325" w="185" h="162" x="-14.006521" y="-34.611679">
   <element name="acorn01" layername="acor" frame="4" z_index="11" m_a="0.981914" m_b="0.000000" m_c="0.000000" m_d="0.902395" m_tx="-9.799000" m_ty="-35.618118"/>
  </frame>
  <frame idx="350" w="185" h="162" x="-13.973966" y="-34.407539">
   <element name="acorn01" layername="acor" frame="4" z_index="11" m_a="0.982637" m_b="0.000000" m_c="0.000000" m_d="0.900144" m_tx="-9.774757" m_ty="-35.377789"/>
  </frame>
  <frame idx="375" w="185" h="161" x="-13.952733" y="-34.239414">
   <element name="acorn01" layername="acor" frame="4" z_index="11" m_a="0.983298" m_b="0.000000" m_c="0.000000" m_d="0.898067" m_tx="-9.761121" m_ty="-35.176273"/>
  </frame>
  <frame idx="400" w="185" h="161" x="-13.983833" y="-34.042248">
   <element name="acorn01" layername="acor" frame="4" z_index="11" m_a="0.983887" m_b="0.000000" m_c="0.000000" m_d="0.896194" m_tx="-9.799000" m_ty="-34.949001"/>
  </frame>
  <frame idx="425" w="185" h="160" x="-13.978160" y="-33.883129">
   <element name="acorn01" layername="acor" frame="4" z_index="11" m_a="0.984380" m_b="0.000000" m_c="0.000000" m_d="0.894657" m_tx="-9.799000" m_ty="-34.765179"/>
  </frame>
  <frame idx="450" w="185" h="160" x="-13.973140" y="-33.742313">
   <element name="acorn01" layername="acor" frame="4" z_index="11" m_a="0.984817" m_b="0.000000" m_c="0.000000" m_d="0.893268" m_tx="-9.799000" m_ty="-34.602032"/>
  </frame>
  <frame idx="475" w="185" h="160" x="-13.968785" y="-33.622429">
   <element name="acorn01" layername="acor" frame="4" z_index="11" m_a="0.985196" m_b="0.000000" m_c="0.000000" m_d="0.892054" m_tx="-9.799000" m_ty="-34.462635"/>
  </frame>
  <frame idx="500" w="185" h="160" x="-13.965065" y="-33.525146">
   <element name="acorn01" layername="acor" frame="4" z_index="11" m_a="0.985519" m_b="0.000000" m_c="0.000000" m_d="0.891037" m_tx="-9.799000" m_ty="-34.348999"/>
  </frame>
  <frame idx="525" w="185" h="159" x="-13.962478" y="-33.426216">
   <element name="acorn01" layername="acor" frame="4" z_index="11" m_a="0.985744" m_b="0.000000" m_c="0.000000" m_d="0.890330" m_tx="-9.799000" m_ty="-34.238708"/>
  </frame>
  <frame idx="550" w="185" h="159" x="-13.960526" y="-33.370758">
   <element name="acorn01" layername="acor" frame="4" z_index="11" m_a="0.985914" m_b="0.000000" m_c="0.000000" m_d="0.889802" m_tx="-9.799000" m_ty="-34.174759"/>
  </frame>
  <frame idx="575" w="185" h="159" x="-13.959271" y="-33.350449">
   <element name="acorn01" layername="acor" frame="4" z_index="11" m_a="0.986023" m_b="0.000000" m_c="0.000000" m_d="0.889463" m_tx="-9.799000" m_ty="-34.148998"/>
  </frame>
  <frame idx="600" w="185" h="159" x="-13.958739" y="-33.352859">
   <element name="acorn01" layername="acor" frame="4" z_index="11" m_a="0.986069" m_b="0.000000" m_c="0.000000" m_d="0.889313" m_tx="-9.799000" m_ty="-34.148998"/>
  </frame>
  <frame idx="625" w="185" h="159" x="-13.959255" y="-33.350517">
   <element name="acorn01" layername="acor" frame="4" z_index="11" m_a="0.986024" m_b="0.000000" m_c="0.000000" m_d="0.889459" m_tx="-9.799000" m_ty="-34.148998"/>
  </frame>
  <frame idx="650" w="185" h="159" x="-13.960462" y="-33.393761">
   <element name="acorn01" layername="acor" frame="4" z_index="11" m_a="0.985919" m_b="0.000000" m_c="0.000000" m_d="0.889785" m_tx="-9.799000" m_ty="-34.197483"/>
  </frame>
  <frame idx="675" w="185" h="159" x="-13.962355" y="-33.461094">
   <element name="acorn01" layername="acor" frame="4" z_index="11" m_a="0.985755" m_b="0.000000" m_c="0.000000" m_d="0.890309" m_tx="-9.799000" m_ty="-34.273243"/>
  </frame>
  <frame idx="700" w="185" h="160" x="-13.964881" y="-33.525146">
   <element name="acorn01" layername="acor" frame="4" z_index="11" m_a="0.985535" m_b="0.000000" m_c="0.000000" m_d="0.891037" m_tx="-9.799000" m_ty="-34.348999"/>
  </frame>
  <frame idx="725" w="185" h="160" x="-13.968627" y="-33.619743">
   <element name="acorn01" layername="acor" frame="4" z_index="11" m_a="0.985209" m_b="0.000000" m_c="0.000000" m_d="0.892013" m_tx="-9.799000" m_ty="-34.459293"/>
  </frame>
  <frame idx="750" w="185" h="160" x="-13.972954" y="-33.737335">
   <element name="acorn01" layername="acor" frame="4" z_index="11" m_a="0.984833" m_b="0.000000" m_c="0.000000" m_d="0.893201" m_tx="-9.799000" m_ty="-34.595970"/>
  </frame>
  <frame idx="775" w="185" h="160" x="-13.977988" y="-33.878494">
   <element name="acorn01" layername="acor" frame="4" z_index="11" m_a="0.984395" m_b="0.000000" m_c="0.000000" m_d="0.894599" m_tx="-9.799000" m_ty="-34.759609"/>
  </frame>
  <frame idx="800" w="185" h="161" x="-13.983833" y="-34.042248">
   <element name="acorn01" layername="acor" frame="4" z_index="11" m_a="0.983887" m_b="0.000000" m_c="0.000000" m_d="0.896194" m_tx="-9.799000" m_ty="-34.949001"/>
  </frame>
  <frame idx="825" w="185" h="161" x="-13.953783" y="-34.233616">
   <element name="acorn01" layername="acor" frame="4" z_index="11" m_a="0.983303" m_b="0.000000" m_c="0.000000" m_d="0.898012" m_tx="-9.762235" m_ty="-35.169590"/>
  </frame>
  <frame idx="850" w="185" h="162" x="-13.972142" y="-34.425602">
   <element name="acorn01" layername="acor" frame="4" z_index="11" m_a="0.982664" m_b="0.000000" m_c="0.000000" m_d="0.900057" m_tx="-9.773242" m_ty="-35.394455"/>
  </frame>
  <frame idx="875" w="185" h="162" x="-14.006079" y="-34.640694">
   <element name="acorn01" layername="acor" frame="4" z_index="11" m_a="0.981953" m_b="0.000000" m_c="0.000000" m_d="0.902323" m_tx="-9.799000" m_ty="-35.645969"/>
  </frame>
  <frame idx="900" w="185" h="164" x="-14.015253" y="-35.404144">
   <element name="acorn01" layername="acor" frame="4" z_index="11" m_a="0.981155" m_b="0.000000" m_c="0.000000" m_d="0.904785" m_tx="-9.799000" m_ty="-35.949001"/>
  </frame>
  <frame idx="925" w="184" h="164" x="-14.024927" y="-35.655876">
   <element name="acorn01" layername="acor" frame="4" z_index="11" m_a="0.980314" m_b="0.000000" m_c="0.000000" m_d="0.907422" m_tx="-9.799000" m_ty="-36.243118"/>
  </frame>
  <frame idx="950" w="184" h="165" x="-14.033857" y="-35.892044">
   <element name="acorn01" layername="acor" frame="4" z_index="11" m_a="0.979537" m_b="0.000000" m_c="0.000000" m_d="0.909873" m_tx="-9.799000" m_ty="-36.518696"/>
  </frame>
  <frame idx="975" w="184" h="165" x="-14.029905" y="-36.109077">
   <element name="acorn01" layername="acor" frame="4" z_index="11" m_a="0.978827" m_b="0.000000" m_c="0.000000" m_d="0.912113" m_tx="-9.786879" m_ty="-36.771729"/>
  </frame>
  <frame idx="1000" w="184" h="166" x="-13.999467" y="-36.304016">
   <element name="acorn01" layername="acor" frame="4" z_index="11" m_a="0.978180" m_b="0.000000" m_c="0.000000" m_d="0.914124" m_tx="-9.749000" m_ty="-36.999001"/>
  </frame>
  <frame idx="1025" w="184" h="166" x="-14.042042" y="-36.499352">
   <element name="acorn01" layername="acor" frame="4" z_index="11" m_a="0.977675" m_b="0.000000" m_c="0.000000" m_d="0.915695" m_tx="-9.785765" m_ty="-37.219589"/>
  </frame>
  <frame idx="1050" w="184" h="166" x="-14.060429" y="-36.629440">
   <element name="acorn01" layername="acor" frame="4" z_index="11" m_a="0.977227" m_b="0.000000" m_c="0.000000" m_d="0.917066" m_tx="-9.799000" m_ty="-37.371727"/>
  </frame>
  <frame idx="1075" w="184" h="167" x="-14.064744" y="-36.724670">
   <element name="acorn01" layername="acor" frame="4" z_index="11" m_a="0.976852" m_b="0.000000" m_c="0.000000" m_d="0.918211" m_tx="-9.799000" m_ty="-37.485363"/>
  </frame>
  <frame idx="1100" w="184" h="167" x="-14.068064" y="-36.823814">
   <element name="acorn01" layername="acor" frame="4" z_index="11" m_a="0.976563" m_b="0.000000" m_c="0.000000" m_d="0.919113" m_tx="-9.799000" m_ty="-37.598999"/>
  </frame>
  <frame idx="1125" w="184" h="167" x="-14.070000" y="-36.888870">
   <element name="acorn01" layername="acor" frame="4" z_index="11" m_a="0.976395" m_b="0.000000" m_c="0.000000" m_d="0.919640" m_tx="-9.799000" m_ty="-37.672531"/>
  </frame>
  <frame idx="1150" w="184" h="167" x="-14.071126" y="-36.934631">
   <element name="acorn01" layername="acor" frame="4" z_index="11" m_a="0.976297" m_b="0.000000" m_c="0.000000" m_d="0.919948" m_tx="-9.799000" m_ty="-37.723244"/>
  </frame>
  <frame idx="1175" w="184" h="167" x="-14.071582" y="-36.958366">
   <element name="acorn01" layername="acor" frame="4" z_index="11" m_a="0.976257" m_b="0.000000" m_c="0.000000" m_d="0.920074" m_tx="-9.799000" m_ty="-37.749001"/>
  </frame>
 </anim>
 <anim name="death" root="tp_gingko" numframes="625" framerate="40">
  <frame idx="0" w="435" h="473" x="-75.648499" y="-239.198502">
   <element name="dead" layername="dead" frame="5" z_index="6" m_a="1.000000" m_b="0.000000" m_c="0.000000" m_d="1.000000" m_tx="-6.899000" m_ty="-173.748993"/>
   <element name="dead" layername="dead" frame="3" z_index="7" m_a="1.000000" m_b="0.000000" m_c="0.000000" m_d="1.000000" m_tx="14.200000" m_ty="-115.948997"/>
   <element name="dead" layername="dead_2" frame="4" z_index="8" m_a="1.000000" m_b="0.000000" m_c="0.000000" m_d="1.000000" m_tx="-11.599000" m_ty="-104.249001"/>
   <element name="dead" layername="dead_3" frame="1" z_index="9" m_a="1.000000" m_b="0.000000" m_c="0.000000" m_d="1.000000" m_tx="-9.999000" m_ty="-39.348999"/>
   <element name="dead" layername="dead_4" frame="0" z_index="10" m_a="1.000000" m_b="0.000000" m_c="0.000000" m_d="1.000000" m_tx="-9.499000" m_ty="-39.249001"/>
   <element name="dead" layername="dead_5" frame="2" z_index="11" m_a="1.000000" m_b="0.000000" m_c="0.000000" m_d="1.000000" m_tx="-3.799000" m_ty="-114.749001"/>
  </frame>
  <frame idx="25" w="418" h="487" x="-70.354782" y="-246.777679">
   <element name="dead" layername="dead" frame="5" z_index="6" m_a="0.961329" m_b="0.035794" m_c="-0.038105" m_d="1.023401" m_tx="-5.207824" m_ty="-179.263702"/>
   <element name="dead" layername="dead" frame="3" z_index="7" m_a="0.960445" m_b="-0.069886" m_c="0.074191" m_d="1.019598" m_tx="14.530882" m_ty="-119.882828"/>
   <element name="dead" layername="dead_2" frame="4" z_index="8" m_a="0.957937" m_b="0.121091" m_c="-0.127726" m_d="1.010430" m_tx="-10.422529" m_ty="-108.072525"/>
   <element name="dead" layername="dead_3" frame="1" z_index="9" m_a="0.961678" m_b="0.007960" m_c="-0.008483" m_d="1.024825" m_tx="-9.447529" m_ty="-41.554882"/>
   <element name="dead" layername="dead_4" frame="0" z_index="10" m_a="0.968349" m_b="0.000000" m_c="0.000000" m_d="1.019463" m_tx="-8.874000" m_ty="-40.572529"/>
   <element name="dead" layername="dead_5" frame="2" z_index="11" m_a="0.961624" m_b="-0.008244" m_c="0.008785" m_d="1.024646" m_tx="-2.769588" m_ty="-118.756348"/>
  </frame>
  <frame idx="50" w="380" h="515" x="-58.156391" y="-263.004852">
   <element name="dead" layername="dead" frame="5" z_index="6" m_a="0.866462" m_b="0.110333" m_c="-0.136522" m_d="1.072128" m_tx="-1.278273" m_ty="-192.158081"/>
   <element name="dead" layername="dead" frame="3" z_index="7" m_a="0.850721" m_b="-0.213370" m_c="0.261529" m_d="1.042731" m_tx="15.304545" m_ty="-129.056580"/>
   <element name="dead" layername="dead_2" frame="4" z_index="8" m_a="0.807692" m_b="0.364404" m_c="-0.437039" m_d="0.968685" m_tx="-7.574757" m_ty="-117.036880"/>
   <element name="dead" layername="dead_3" frame="1" z_index="9" m_a="0.871901" m_b="0.025804" m_c="-0.032039" m_d="1.082582" m_tx="-8.206575" m_ty="-46.736877"/>
   <element name="dead" layername="dead_4" frame="0" z_index="10" m_a="0.894344" m_b="0.000000" m_c="0.000000" m_d="1.064981" m_tx="-7.388394" m_ty="-43.667183"/>
   <element name="dead" layername="dead_5" frame="2" z_index="11" m_a="0.871622" m_b="-0.028820" m_c="0.035773" m_d="1.081895" m_tx="-0.411606" m_ty="-128.174759"/>
  </frame>
  <frame idx="75" w="341" h="546" x="-45.255142" y="-280.696533">
   <element name="dead" layername="dead" frame="5" z_index="6" m_a="0.763789" m_b="0.171856" m_c="-0.249558" m_d="1.109122" m_tx="2.274242" m_ty="-204.755051"/>
   <element name="dead" layername="dead" frame="3" z_index="7" m_a="0.724548" m_b="-0.317170" m_c="0.451314" m_d="1.030987" m_tx="15.648485" m_ty="-137.929306"/>
   <element name="dead" layername="dead_2" frame="4" z_index="8" m_a="0.615748" m_b="0.526569" m_c="-0.715192" m_d="0.836316" m_tx="-4.526273" m_ty="-125.680817"/>
   <element name="dead" layername="dead_3" frame="1" z_index="9" m_a="0.779301" m_b="0.038155" m_c="-0.055816" m_d="1.140031" m_tx="-6.929303" m_ty="-51.592937"/>
   <element name="dead" layername="dead_4" frame="0" z_index="10" m_a="0.823089" m_b="0.000000" m_c="0.000000" m_d="1.107391" m_tx="-6.109606" m_ty="-46.570213"/>
   <element name="dead" layername="dead_5" frame="2" z_index="11" m_a="0.778832" m_b="-0.041678" m_c="0.060942" m_d="1.138826" m_tx="1.760606" m_ty="-137.291428"/>
  </frame>
  <frame idx="100" w="333" h="557" x="-42.854797" y="-285.688812">
   <element name="dead" layername="dead" frame="5" z_index="6" m_a="0.722330" m_b="0.195765" m_c="-0.301526" m_d="1.112564" m_tx="2.350000" m_ty="-207.899002"/>
   <element name="dead" layername="dead" frame="3" z_index="7" m_a="0.688073" m_b="-0.329135" m_c="0.489572" m_d="1.023475" m_tx="14.550000" m_ty="-139.899002"/>
   <element name="dead" layername="dead_2" frame="4" z_index="8" m_a="0.579779" m_b="0.545020" m_c="-0.748935" m_d="0.796699" m_tx="-3.049000" m_ty="-127.499001"/>
   <element name="dead" layername="dead_3" frame="1" z_index="9" m_a="0.742873" m_b="0.036047" m_c="-0.056230" m_d="1.158837" m_tx="-6.399000" m_ty="-52.199001"/>
   <element name="dead" layername="dead_4" frame="0" z_index="10" m_a="0.808304" m_b="0.000000" m_c="0.000000" m_d="1.112050" m_tx="-6.299000" m_ty="-46.949001"/>
   <element name="dead" layername="dead_5" frame="2" z_index="11" m_a="0.742721" m_b="-0.034344" m_c="0.053545" m_d="1.157953" m_tx="1.950000" m_ty="-139.298996"/>
  </frame>
  <frame idx="125" w="330" h="566" x="-43.903397" y="-289.583435">
   <element name="dead" layername="dead" frame="5" z_index="6" m_a="0.691001" m_b="0.211581" m_c="-0.341092" m_d="1.113973" m_tx="2.386765" m_ty="-210.251938"/>
   <element name="dead" layername="dead" frame="3" z_index="7" m_a="0.660929" m_b="-0.337366" m_c="0.519269" m_d="1.017292" m_tx="13.741177" m_ty="-141.369583"/>
   <element name="dead" layername="dead_2" frame="4" z_index="8" m_a="0.553025" m_b="0.557984" m_c="-0.773584" m_d="0.766710" m_tx="-1.872529" m_ty="-128.859299"/>
   <element name="dead" layername="dead_3" frame="1" z_index="9" m_a="0.715455" m_b="0.034808" m_c="-0.057072" m_d="1.173077" m_tx="-6.031353" m_ty="-52.640175"/>
   <element name="dead" layername="dead_4" frame="0" z_index="10" m_a="0.797129" m_b="0.000000" m_c="0.000000" m_d="1.115535" m_tx="-6.446059" m_ty="-47.279881"/>
   <element name="dead" layername="dead_5" frame="2" z_index="11" m_a="0.715492" m_b="-0.029622" m_c="0.048539" m_d="1.172421" m_tx="1.986765" m_ty="-140.806351"/>
  </frame>
  <frame idx="150" w="328" h="572" x="-45.129093" y="-292.410583">
   <element name="dead" layername="dead" frame="5" z_index="6" m_a="0.664674" m_b="0.223721" m_c="-0.374915" m_d="1.113870" m_tx="2.448485" m_ty="-212.189911"/>
   <element name="dead" layername="dead" frame="3" z_index="7" m_a="0.638247" m_b="-0.343597" m_c="0.544390" m_d="1.011230" m_tx="13.062121" m_ty="-142.626282"/>
   <element name="dead" layername="dead_2" frame="4" z_index="8" m_a="0.530977" m_b="0.567537" m_c="-0.792754" m_d="0.741685" m_tx="-0.915667" m_ty="-129.979309"/>
   <element name="dead" layername="dead_3" frame="1" z_index="9" m_a="0.692664" m_b="0.033773" m_c="-0.057775" m_d="1.184941" m_tx="-5.705061" m_ty="-52.992939"/>
   <element name="dead" layername="dead_4" frame="0" z_index="10" m_a="0.787853" m_b="0.000000" m_c="0.000000" m_d="1.118448" m_tx="-6.571727" m_ty="-47.520210"/>
   <element name="dead" layername="dead_5" frame="2" z_index="11" m_a="0.692852" m_b="-0.025981" m_c="0.044415" m_d="1.184438" m_tx="2.024242" m_ty="-142.027786"/>
  </frame>
  <frame idx="175" w="326" h="576" x="-46.043938" y="-294.181885">
   <element name="dead" layername="dead" frame="5" z_index="6" m_a="0.644180" m_b="0.232436" m_c="-0.401585" m_d="1.112963" m_tx="2.500000" m_ty="-213.700516"/>
   <element name="dead" layername="dead" frame="3" z_index="7" m_a="0.620841" m_b="-0.347713" m_c="0.563559" m_d="1.006234" m_tx="12.540909" m_ty="-143.617188"/>
   <element name="dead" layername="dead_2" frame="4" z_index="8" m_a="0.513851" m_b="0.574401" m_c="-0.807061" m_d="0.721986" m_tx="-0.167424" m_ty="-130.842941"/>
   <element name="dead" layername="dead_3" frame="1" z_index="9" m_a="0.675044" m_b="0.033237" m_c="-0.058792" m_d="1.194078" m_tx="-5.450515" m_ty="-53.271729"/>
   <element name="dead" layername="dead_4" frame="0" z_index="10" m_a="0.780693" m_b="0.000000" m_c="0.000000" m_d="1.120705" m_tx="-6.661121" m_ty="-47.697483"/>
   <element name="dead" layername="dead_5" frame="2" z_index="11" m_a="0.675363" m_b="-0.023125" m_c="0.040875" m_d="1.193720" m_tx="2.086364" m_ty="-142.979294"/>
  </frame>
  <frame idx="200" w="324" h="581" x="-46.173729" y="-295.937073">
   <element name="dead" layername="dead" frame="5" z_index="6" m_a="0.630035" m_b="0.237982" m_c="-0.420025" m_d="1.111976" m_tx="2.500000" m_ty="-214.798996"/>
   <element name="dead" layername="dead" frame="3" z_index="7" m_a="0.609308" m_b="-0.349564" m_c="0.575581" m_d="1.003267" m_tx="12.200000" m_ty="-144.298996"/>
   <element name="dead" layername="dead_2" frame="4" z_index="8" m_a="0.501473" m_b="0.579345" m_c="-0.817314" m_d="0.707456" m_tx="0.400000" m_ty="-131.449005"/>
   <element name="dead" layername="dead_3" frame="1" z_index="9" m_a="0.662882" m_b="0.033499" m_c="-0.060655" m_d="1.200258" m_tx="-5.299000" m_ty="-53.499001"/>
   <element name="dead" layername="dead_4" frame="0" z_index="10" m_a="0.775757" m_b="0.000000" m_c="0.000000" m_d="1.122250" m_tx="-6.699000" m_ty="-47.848999"/>
   <element name="dead" layername="dead_5" frame="2" z_index="11" m_a="0.663330" m_b="-0.020716" m_c="0.037480" m_d="1.200115" m_tx="2.200000" m_ty="-143.699005"/>
  </frame>
  <frame idx="225" w="324" h="581" x="-46.360760" y="-296.352722">
   <element name="dead" layername="dead" frame="5" z_index="6" m_a="0.625706" m_b="0.240725" m_c="-0.427742" m_d="1.111812" m_tx="2.573529" m_ty="-215.129883"/>
   <element name="dead" layername="dead" frame="3" z_index="7" m_a="0.605763" m_b="-0.351420" m_c="0.581478" m_d="1.002327" m_tx="12.089706" m_ty="-144.556351"/>
   <element name="dead" layername="dead_2" frame="4" z_index="8" m_a="0.498669" m_b="0.580955" m_c="-0.820775" m_d="0.704522" m_tx="0.547059" m_ty="-131.669586"/>
   <element name="dead" layername="dead_3" frame="1" z_index="9" m_a="0.659051" m_b="0.033738" m_c="-0.061551" m_d="1.202370" m_tx="-5.225471" m_ty="-53.499001"/>
   <element name="dead" layername="dead_4" frame="0" z_index="10" m_a="0.774164" m_b="0.000000" m_c="0.000000" m_d="1.122743" m_tx="-6.735765" m_ty="-47.885761"/>
   <element name="dead" layername="dead_5" frame="2" z_index="11" m_a="0.659477" m_b="-0.021077" m_c="0.038422" m_d="1.202167" m_tx="2.200000" m_ty="-143.919586"/>
  </frame>
  <frame idx="250" w="330" h="521" x="-46.661743" y="-265.822205">
   <element name="dead" layername="dead" frame="5" z_index="6" m_a="0.021496" m_b="-0.001015" m_c="0.053135" m_d="1.125351" m_tx="3.739394" m_ty="-197.091415"/>
   <element name="dead" layername="dead" frame="3" z_index="7" m_a="0.600154" m_b="-0.346777" m_c="0.547888" m_d="0.948210" m_tx="12.437879" m_ty="-131.121735"/>
   <element name="dead" layername="dead_2" frame="4" z_index="8" m_a="0.474889" m_b="0.556752" m_c="-0.798814" m_d="0.681359" m_tx="0.745455" m_ty="-119.652031"/>
   <element name="dead" layername="dead_3" frame="1" z_index="9" m_a="0.672330" m_b="0.033869" m_c="-0.056234" m_d="1.116303" m_tx="-5.199000" m_ty="-47.050514"/>
   <element name="dead" layername="dead_4" frame="0" z_index="10" m_a="0.793624" m_b="0.000000" m_c="0.000000" m_d="1.053335" m_tx="-7.282333" m_ty="-43.923241"/>
   <element name="dead" layername="dead_5" frame="2" z_index="11" m_a="0.595632" m_b="-0.018238" m_c="0.032831" m_d="1.072223" m_tx="2.369697" m_ty="-131.005051"/>
  </frame>
  <frame idx="275" w="344" h="473" x="-44.004669" y="-248.353027">
   <element name="dead" layername="dead" frame="5" z_index="6" m_a="-0.588341" m_b="0.313717" m_c="0.497295" m_d="0.932619" m_tx="4.950000" m_ty="-177.798996"/>
   <element name="dead" layername="dead" frame="3" z_index="7" m_a="0.223882" m_b="-0.160379" m_c="0.608355" m_d="0.849237" m_tx="10.525921" m_ty="-131.639969"/>
   <element name="dead" layername="dead_2" frame="4" z_index="8" m_a="0.202066" m_b="0.042830" m_c="-0.219807" m_d="1.037017" m_tx="2.657576" m_ty="-111.380821"/>
   <element name="dead" layername="dead_3" frame="1" z_index="9" m_a="0.730319" m_b="0.027244" m_c="-0.037992" m_d="1.018443" m_tx="-4.411121" m_ty="-41.447487"/>
   <element name="dead" layername="dead_4" frame="0" z_index="10" m_a="0.839687" m_b="0.000000" m_c="0.000000" m_d="0.956733" m_tx="-7.897485" m_ty="-37.977787"/>
   <element name="dead" layername="dead_5" frame="2" z_index="11" m_a="0.529263" m_b="-0.015305" m_c="0.026990" m_d="0.933355" m_tx="2.550000" m_ty="-117.198997"/>
  </frame>
  <frame idx="300" w="411" h="473" x="-79.808212" y="-248.353027">
   <element name="dead" layername="dead" frame="5" z_index="11" m_a="-0.588341" m_b="0.313717" m_c="0.497295" m_d="0.932619" m_tx="4.950000" m_ty="-177.798996"/>
   <element name="dead" layername="dead" frame="4" z_index="8" m_a="-0.596283" m_b="0.813648" m_c="0.887959" m_d="0.650742" m_tx="-41.782990" m_ty="-114.995972"/>
   <element name="dead" layername="dead_2" frame="4" z_index="9" m_a="0.359074" m_b="1.273434" m_c="1.152990" m_d="-0.325112" m_tx="8.150000" m_ty="-125.698997"/>
   <element name="dead" layername="dead_3" frame="1" z_index="10" m_a="0.862350" m_b="0.000000" m_c="0.000000" m_d="1.000000" m_tx="-1.949000" m_ty="-45.348999"/>
   <element name="dead" layername="dead_4" frame="0" z_index="11" m_a="0.917114" m_b="0.000000" m_c="0.000000" m_d="0.885895" m_tx="-8.049000" m_ty="-32.598999"/>
   <element name="dead" layername="dead_5" frame="2" z_index="11" m_a="0.529263" m_b="-0.015305" m_c="0.026990" m_d="0.933355" m_tx="2.550000" m_ty="-117.198997"/>
  </frame>
  <frame idx="325" w="437" h="471" x="-79.550552" y="-245.895096">
   <element name="dead" layername="dead" frame="5" z_index="11" m_a="-0.487283" m_b="0.237314" m_c="0.460906" m_d="0.946392" m_tx="4.063098" m_ty="-177.495850"/>
   <element name="dead" layername="dead" frame="4" z_index="8" m_a="0.452620" m_b="0.841173" m_c="0.898921" m_d="-0.483693" m_tx="-5.877347" m_ty="-49.065239"/>
   <element name="dead" layername="dead_2" frame="4" z_index="9" m_a="0.874581" m_b="0.658940" m_c="0.738632" m_d="-0.980353" m_tx="-5.819853" m_ty="-88.198997"/>
   <element name="dead" layername="dead_3" frame="1" z_index="10" m_a="0.857362" m_b="-0.163514" m_c="0.149459" m_d="0.783666" m_tx="-5.662235" m_ty="-24.797529"/>
   <element name="dead" layername="dead_4" frame="0" z_index="11" m_a="0.992251" m_b="0.000000" m_c="0.000000" m_d="0.817141" m_tx="-8.232823" m_ty="-27.378412"/>
   <element name="dead" layername="dead_5" frame="2" z_index="11" m_a="0.564500" m_b="-0.015101" m_c="0.025103" m_d="0.938369" m_tx="2.074775" m_ty="-117.015617"/>
  </frame>
  <frame idx="350" w="449" h="469" x="-80.970528" y="-243.660446">
   <element name="dead" layername="dead" frame="5" z_index="11" m_a="-0.381565" m_b="0.168815" m_c="0.424179" m_d="0.958756" m_tx="3.176198" m_ty="-177.192703"/>
   <element name="dead" layername="dead" frame="4" z_index="8" m_a="0.611178" m_b="0.720063" m_c="0.755852" m_d="-0.641556" m_tx="0.342083" m_ty="-39.599827"/>
   <element name="dead" layername="dead_2" frame="4" z_index="9" m_a="0.887799" m_b="0.498098" m_c="0.607035" m_d="-1.081966" m_tx="-8.642940" m_ty="-77.753548"/>
   <element name="dead" layername="dead_3" frame="1" z_index="10" m_a="0.857993" m_b="-0.178846" m_c="0.149338" m_d="0.716429" m_tx="-7.459606" m_ty="-19.386879"/>
   <element name="dead" layername="dead_4" frame="0" z_index="11" m_a="1.020338" m_b="0.000000" m_c="0.000000" m_d="0.802006" m_tx="-8.323242" m_ty="-26.080818"/>
   <element name="dead" layername="dead_5" frame="2" z_index="11" m_a="0.599739" m_b="-0.014745" m_c="0.023194" m_d="0.943378" m_tx="1.599551" m_ty="-116.832230"/>
  </frame>
  <frame idx="375" w="447" h="467" x="-78.878052" y="-241.156479">
   <element name="dead" layername="dead" frame="5" z_index="11" m_a="-0.271634" m_b="0.108453" m_c="0.387167" m_d="0.969705" m_tx="2.289296" m_ty="-176.889557"/>
   <element name="dead" layername="dead" frame="4" z_index="8" m_a="0.371793" m_b="0.883317" m_c="0.913537" m_d="-0.384512" m_tx="-8.535906" m_ty="-40.873737"/>
   <element name="dead" layername="dead_2" frame="4" z_index="9" m_a="0.805637" m_b="0.635639" m_c="0.771204" m_d="-0.977458" m_tx="-5.195970" m_ty="-82.550514"/>
   <element name="dead" layername="dead_3" frame="1" z_index="10" m_a="0.869312" m_b="-0.111071" m_c="0.094124" m_d="0.736674" m_tx="-8.203546" m_ty="-22.505060"/>
   <element name="dead" layername="dead_4" frame="0" z_index="11" m_a="1.021961" m_b="0.000000" m_c="0.000000" m_d="0.817034" m_tx="-8.349000" m_ty="-27.002029"/>
   <element name="dead" layername="dead_5" frame="2" z_index="11" m_a="0.634979" m_b="-0.014237" m_c="0.021264" m_d="0.948384" m_tx="1.124326" m_ty="-116.648849"/>
  </frame>
  <frame idx="400" w="448" h="466" x="-79.127777" y="-239.389908">
   <element name="dead" layername="dead" frame="5" z_index="11" m_a="-0.157946" m_b="0.056441" m_c="0.349925" m_d="0.979234" m_tx="1.402395" m_ty="-176.586426"/>
   <element name="dead" layername="dead" frame="4" z_index="8" m_a="0.089760" m_b="0.969345" m_c="0.987945" m_d="-0.091482" m_tx="-18.857485" m_ty="-46.722965"/>
   <element name="dead" layername="dead_2" frame="4" z_index="9" m_a="0.701080" m_b="0.761538" m_c="0.920031" m_d="-0.846991" m_tx="-1.749000" m_ty="-87.399002"/>
   <element name="dead" layername="dead_3" frame="1" z_index="10" m_a="0.875574" m_b="-0.044391" m_c="0.038170" m_d="0.752868" m_tx="-8.999000" m_ty="-25.649000"/>
   <element name="dead" layername="dead_4" frame="0" z_index="11" m_a="1.023590" m_b="0.000000" m_c="0.000000" m_d="0.832062" m_tx="-8.349000" m_ty="-27.948999"/>
   <element name="dead" layername="dead_5" frame="2" z_index="11" m_a="0.670220" m_b="-0.013576" m_c="0.019312" m_d="0.953386" m_tx="0.649102" m_ty="-116.465462"/>
  </frame>
  <frame idx="425" w="452" h="465" x="-81.991562" y="-237.866745">
   <element name="dead" layername="dead" frame="5" z_index="11" m_a="-0.040967" m_b="0.012967" m_c="0.312506" m_d="0.987342" m_tx="0.515494" m_ty="-176.283279"/>
   <element name="dead" layername="dead" frame="4" z_index="8" m_a="-0.198167" m_b="0.967538" m_c="0.972382" m_d="0.199159" m_tx="-28.749796" m_ty="-56.957054"/>
   <element name="dead" layername="dead_2" frame="4" z_index="9" m_a="0.583674" m_b="0.866990" m_c="1.042988" m_d="-0.702159" m_tx="1.522323" m_ty="-92.068115"/>
   <element name="dead" layername="dead_3" frame="1" z_index="10" m_a="0.876654" m_b="0.020459" m_c="-0.017838" m_d="0.764375" m_tx="-9.771058" m_ty="-28.663706"/>
   <element name="dead" layername="dead_4" frame="0" z_index="11" m_a="1.025164" m_b="0.000000" m_c="0.000000" m_d="0.846647" m_tx="-8.385765" m_ty="-28.831352"/>
   <element name="dead" layername="dead_5" frame="2" z_index="11" m_a="0.705460" m_b="-0.012763" m_c="0.017339" m_d="0.958384" m_tx="0.173877" m_ty="-116.282082"/>
  </frame>
  <frame idx="450" w="453" h="465" x="-83.061020" y="-236.905930">
   <element name="dead" layername="dead" frame="5" z_index="11" m_a="0.078827" m_b="-0.021805" m_c="0.274966" m_d="0.994028" m_tx="-0.371407" m_ty="-175.980133"/>
   <element name="dead" layername="dead" frame="4" z_index="8" m_a="-0.255494" m_b="0.959328" m_c="0.959328" m_d="0.255494" m_tx="-31.525042" m_ty="-59.977165"/>
   <element name="dead" layername="dead_2" frame="4" z_index="9" m_a="0.552168" m_b="0.891045" m_c="1.070379" m_d="-0.663299" m_tx="1.536364" m_ty="-93.433846"/>
   <element name="dead" layername="dead_3" frame="1" z_index="10" m_a="0.876596" m_b="0.026378" m_c="-0.023115" m_d="0.768155" m_tx="-10.073242" m_ty="-29.458092"/>
   <element name="dead" layername="dead_4" frame="0" z_index="11" m_a="1.025730" m_b="0.000000" m_c="0.000000" m_d="0.851898" m_tx="-8.399000" m_ty="-29.149000"/>
   <element name="dead" layername="dead_5" frame="2" z_index="11" m_a="0.740700" m_b="-0.011797" m_c="0.015344" m_d="0.963378" m_tx="-0.301347" m_ty="-116.098701"/>
  </frame>
  <frame idx="475" w="454" h="466" x="-84.185036" y="-237.149368">
   <element name="dead" layername="dead" frame="5" z_index="11" m_a="0.200953" m_b="-0.047731" m_c="0.237356" m_d="0.999294" m_tx="-1.258308" m_ty="-175.676987"/>
   <element name="dead" layername="dead" frame="4" z_index="8" m_a="-0.188177" m_b="0.975038" m_c="0.975038" m_d="0.188177" m_tx="-30.638107" m_ty="-57.596401"/>
   <element name="dead" layername="dead_2" frame="4" z_index="9" m_a="0.573356" m_b="0.877045" m_c="1.053627" m_d="-0.688794" m_tx="-0.160364" m_ty="-92.965668"/>
   <element name="dead" layername="dead_3" frame="1" z_index="10" m_a="0.877055" m_b="0.001658" m_c="-0.001453" m_d="0.768563" m_tx="-10.086879" m_ty="-29.039909"/>
   <element name="dead" layername="dead_4" frame="0" z_index="11" m_a="1.025730" m_b="0.000000" m_c="0.000000" m_d="0.851898" m_tx="-8.399000" m_ty="-29.149000"/>
   <element name="dead" layername="dead_5" frame="2" z_index="11" m_a="0.775938" m_b="-0.010679" m_c="0.013328" m_d="0.968368" m_tx="-0.776572" m_ty="-115.915314"/>
  </frame>
  <frame idx="500" w="455" h="466" x="-84.963989" y="-237.392868">
   <element name="dead" layername="dead" frame="5" z_index="11" m_a="0.324924" m_b="-0.064694" m_c="0.199732" m_d="1.003146" m_tx="-2.145210" m_ty="-175.373840"/>
   <element name="dead" layername="dead" frame="4" z_index="8" m_a="-0.130234" m_b="0.985093" m_c="0.985093" m_d="0.130234" m_tx="-29.758200" m_ty="-55.716045"/>
   <element name="dead" layername="dead_2" frame="4" z_index="9" m_a="0.590898" m_b="0.865737" m_c="1.040004" m_d="-0.709842" m_tx="-1.599000" m_ty="-92.549004"/>
   <element name="dead" layername="dead_3" frame="1" z_index="10" m_a="0.876973" m_b="-0.017699" m_c="0.015509" m_d="0.768436" m_tx="-10.049000" m_ty="-28.698999"/>
   <element name="dead" layername="dead_4" frame="0" z_index="11" m_a="1.025730" m_b="0.000000" m_c="0.000000" m_d="0.851898" m_tx="-8.399000" m_ty="-29.149000"/>
   <element name="dead" layername="dead_5" frame="2" z_index="11" m_a="0.811176" m_b="-0.009409" m_c="0.011290" m_d="0.973353" m_tx="-1.251796" m_ty="-115.731934"/>
  </frame>
  <frame idx="525" w="457" h="467" x="-85.961334" y="-237.636414">
   <element name="dead" layername="dead" frame="5" z_index="11" m_a="0.450243" m_b="-0.072599" m_c="0.162145" m_d="1.005587" m_tx="-3.032111" m_ty="-175.070694"/>
   <element name="dead" layername="dead" frame="4" z_index="8" m_a="-0.089442" m_b="0.990063" m_c="0.990063" m_d="0.089442" m_tx="-29.131487" m_ty="-54.523754"/>
   <element name="dead" layername="dead_2" frame="4" z_index="9" m_a="0.602328" m_b="0.858093" m_c="1.030828" m_d="-0.723577" m_tx="-2.628412" m_ty="-92.254883"/>
   <element name="dead" layername="dead_3" frame="1" z_index="10" m_a="0.876569" m_b="-0.031854" m_c="0.027913" m_d="0.768099" m_tx="-10.012235" m_ty="-28.441648"/>
   <element name="dead" layername="dead_4" frame="0" z_index="11" m_a="1.025730" m_b="0.000000" m_c="0.000000" m_d="0.851898" m_tx="-8.399000" m_ty="-29.149000"/>
   <element name="dead" layername="dead_5" frame="2" z_index="11" m_a="0.846411" m_b="-0.007986" m_c="0.009230" m_d="0.978334" m_tx="-1.727021" m_ty="-115.548553"/>
  </frame>
  <frame idx="550" w="457" h="469" x="-86.342361" y="-238.379959">
   <element name="dead" layername="dead" frame="5" z_index="11" m_a="0.576413" m_b="-0.071376" m_c="0.124649" m_d="1.006627" m_tx="-3.919012" m_ty="-174.767563"/>
   <element name="dead" layername="dead" frame="4" z_index="8" m_a="-0.059736" m_b="0.992640" m_c="0.992640" m_d="0.059736" m_tx="-28.715595" m_ty="-53.731167"/>
   <element name="dead" layername="dead_2" frame="4" z_index="9" m_a="0.611054" m_b="0.852130" m_c="1.023641" m_d="-0.734043" m_tx="-3.362637" m_ty="-92.052032"/>
   <element name="dead" layername="dead_3" frame="1" z_index="10" m_a="0.876077" m_b="-0.043242" m_c="0.037891" m_d="0.767664" m_tx="-10.023242" m_ty="-28.252031"/>
   <element name="dead" layername="dead_4" frame="0" z_index="11" m_a="1.025730" m_b="0.000000" m_c="0.000000" m_d="0.851898" m_tx="-8.399000" m_ty="-29.149000"/>
   <element name="dead" layername="dead_5" frame="2" z_index="11" m_a="0.881643" m_b="-0.006410" m_c="0.007149" m_d="0.983311" m_tx="-2.202245" m_ty="-115.365166"/>
  </frame>
  <frame idx="575" w="457" h="470" x="-86.598999" y="-238.623566">
   <element name="dead" layername="dead" frame="5" z_index="11" m_a="0.702933" m_b="-0.060980" m_c="0.087295" m_d="1.006275" m_tx="-4.805913" m_ty="-174.464417"/>
   <element name="dead" layername="dead" frame="4" z_index="8" m_a="-0.041475" m_b="0.993824" m_c="0.993824" m_d="0.041475" m_tx="-28.490662" m_ty="-53.266907"/>
   <element name="dead" layername="dead_2" frame="4" z_index="9" m_a="0.617070" m_b="0.848446" m_c="1.019171" m_d="-0.741237" m_tx="-3.809606" m_ty="-91.936874"/>
   <element name="dead" layername="dead_3" frame="1" z_index="10" m_a="0.875692" m_b="-0.051030" m_c="0.044715" m_d="0.767328" m_tx="-10.036879" m_ty="-28.136879"/>
   <element name="dead" layername="dead_4" frame="0" z_index="11" m_a="1.025730" m_b="0.000000" m_c="0.000000" m_d="0.851898" m_tx="-8.399000" m_ty="-29.149000"/>
   <element name="dead" layername="dead_5" frame="2" z_index="11" m_a="0.916873" m_b="-0.004682" m_c="0.005047" m_d="0.988283" m_tx="-2.677470" m_ty="-115.181786"/>
  </frame>
  <frame idx="600" w="457" h="471" x="-86.707947" y="-238.867157">
   <element name="dead" layername="dead" frame="5" z_index="11" m_a="0.829298" m_b="-0.041389" m_c="0.050135" m_d="1.004544" m_tx="-5.692815" m_ty="-174.161270"/>
   <element name="dead" layername="dead" frame="4" z_index="8" m_a="-0.034179" m_b="0.994278" m_c="0.994278" m_d="0.034179" m_tx="-28.407606" m_ty="-53.055393"/>
   <element name="dead" layername="dead_2" frame="4" z_index="9" m_a="0.620538" m_b="0.847547" m_c="1.018036" m_d="-0.745363" m_tx="-3.999000" m_ty="-91.899002"/>
   <element name="dead" layername="dead_3" frame="1" z_index="10" m_a="0.875598" m_b="-0.054480" m_c="0.047741" m_d="0.767284" m_tx="-9.999000" m_ty="-28.099001"/>
   <element name="dead" layername="dead_4" frame="0" z_index="11" m_a="1.025730" m_b="0.000000" m_c="0.000000" m_d="0.851898" m_tx="-8.399000" m_ty="-29.149000"/>
   <element name="dead" layername="dead_5" frame="2" z_index="11" m_a="0.952099" m_b="-0.002802" m_c="0.002923" m_d="0.993251" m_tx="-3.152695" m_ty="-114.998398"/>
  </frame>
 </anim>
 <anim name="idle" root="tp_gingko" numframes="125" framerate="40">
  <frame idx="0" w="177" h="202" x="-20.343420" y="-53.643101">
   <element name="acorn01" layername="acor" frame="0" z_index="11" m_a="0.891022" m_b="0.000000" m_c="0.000000" m_d="0.893661" m_tx="-9.799000" m_ty="-39.749001"/>
  </frame>
  <frame idx="25" w="177" h="202" x="-20.343420" y="-53.643101">
   <element name="acorn01" layername="acor" frame="0" z_index="11" m_a="0.891022" m_b="0.000000" m_c="0.000000" m_d="0.893661" m_tx="-9.799000" m_ty="-39.749001"/>
  </frame>
  <frame idx="50" w="177" h="202" x="-20.343420" y="-53.643101">
   <element name="acorn01" layername="acor" frame="0" z_index="11" m_a="0.891022" m_b="0.000000" m_c="0.000000" m_d="0.893661" m_tx="-9.799000" m_ty="-39.749001"/>
  </frame>
  <frame idx="75" w="177" h="202" x="-20.343420" y="-53.643101">
   <element name="acorn01" layername="acor" frame="0" z_index="11" m_a="0.891022" m_b="0.000000" m_c="0.000000" m_d="0.893661" m_tx="-9.799000" m_ty="-39.749001"/>
  </frame>
  <frame idx="100" w="177" h="202" x="-20.343420" y="-53.643101">
   <element name="acorn01" layername="acor" frame="0" z_index="11" m_a="0.891022" m_b="0.000000" m_c="0.000000" m_d="0.893661" m_tx="-9.799000" m_ty="-39.749001"/>
  </frame>
 </anim>
 <anim name="idle_planted" root="tp_gingko" numframes="125" framerate="40">
  <frame idx="0" w="370" h="588" x="-17.298603" y="-172.298660">
   <element name="acorn01" layername="acor" frame="2" z_index="11" m_a="1.000000" m_b="0.000000" m_c="0.000000" m_d="1.000000" m_tx="-9.799000" m_ty="-39.749001"/>
  </frame>
  <frame idx="25" w="370" h="588" x="-17.298603" y="-172.298660">
   <element name="acorn01" layername="acor" frame="2" z_index="11" m_a="1.000000" m_b="0.000000" m_c="0.000000" m_d="1.000000" m_tx="-9.799000" m_ty="-39.749001"/>
  </frame>
  <frame idx="50" w="370" h="588" x="-17.298603" y="-172.298660">
   <element name="acorn01" layername="acor" frame="2" z_index="11" m_a="1.000000" m_b="0.000000" m_c="0.000000" m_d="1.000000" m_tx="-9.799000" m_ty="-39.749001"/>
  </frame>
  <frame idx="75" w="370" h="588" x="-17.298603" y="-172.298660">
   <element name="acorn01" layername="acor" frame="2" z_index="11" m_a="1.000000" m_b="0.000000" m_c="0.000000" m_d="1.000000" m_tx="-9.799000" m_ty="-39.749001"/>
  </frame>
  <frame idx="100" w="370" h="588" x="-17.298603" y="-172.298660">
   <element name="acorn01" layername="acor" frame="2" z_index="11" m_a="1.000000" m_b="0.000000" m_c="0.000000" m_d="1.000000" m_tx="-9.799000" m_ty="-39.749001"/>
  </frame>
 </anim>
 <anim name="idle_water" root="tp_gingko" numframes="1200" framerate="40">
  <frame idx="0" w="185" h="165" x="-24.964445" y="-42.287338">
   <element name="acorn01" layername="acor" frame="3" z_index="11" m_a="0.891022" m_b="0.000000" m_c="0.000000" m_d="0.893661" m_tx="-9.799000" m_ty="-39.749001"/>
  </frame>
  <frame idx="25" w="185" h="165" x="-24.964428" y="-42.251289">
   <element name="acorn01" layername="acor" frame="3" z_index="11" m_a="0.891067" m_b="0.000000" m_c="0.000000" m_d="0.893605" m_tx="-9.799000" m_ty="-39.712238"/>
  </frame>
  <frame idx="50" w="185" h="165" x="-24.964392" y="-42.215683">
   <element name="acorn01" layername="acor" frame="3" z_index="11" m_a="0.891164" m_b="0.000000" m_c="0.000000" m_d="0.893459" m_tx="-9.799000" m_ty="-39.674759"/>
  </frame>
  <frame idx="75" w="185" h="165" x="-24.964333" y="-42.132305">
   <element name="acorn01" layername="acor" frame="3" z_index="11" m_a="0.891325" m_b="0.000000" m_c="0.000000" m_d="0.893226" m_tx="-9.799000" m_ty="-39.588390"/>
  </frame>
  <frame idx="100" w="185" h="165" x="-24.964245" y="-41.946915">
   <element name="acorn01" layername="acor" frame="3" z_index="11" m_a="0.891556" m_b="0.000000" m_c="0.000000" m_d="0.892914" m_tx="-9.799000" m_ty="-39.398998"/>
  </frame>
  <frame idx="125" w="185" h="165" x="-24.964134" y="-41.842236">
   <element name="acorn01" layername="acor" frame="3" z_index="11" m_a="0.891848" m_b="0.000000" m_c="0.000000" m_d="0.892476" m_tx="-9.799000" m_ty="-39.288708"/>
  </frame>
  <frame idx="150" w="185" h="164" x="-24.964001" y="-41.663551">
   <element name="acorn01" layername="acor" frame="3" z_index="11" m_a="0.892204" m_b="0.000000" m_c="0.000000" m_d="0.891971" m_tx="-9.799000" m_ty="-39.103546"/>
  </frame>
  <frame idx="175" w="185" h="164" x="-24.963842" y="-41.431744">
   <element name="acorn01" layername="acor" frame="3" z_index="11" m_a="0.892626" m_b="0.000000" m_c="0.000000" m_d="0.891380" m_tx="-9.799000" m_ty="-38.864151"/>
  </frame>
  <frame idx="200" w="185" h="164" x="-24.963661" y="-41.175491">
   <element name="acorn01" layername="acor" frame="3" z_index="11" m_a="0.893112" m_b="0.000000" m_c="0.000000" m_d="0.890686" m_tx="-9.799000" m_ty="-38.598999"/>
  </frame>
  <frame idx="225" w="185" h="162" x="-24.963449" y="-40.391449">
   <element name="acorn01" layername="acor" frame="3" z_index="11" m_a="0.893673" m_b="0.000000" m_c="0.000000" m_d="0.889901" m_tx="-9.799000" m_ty="-38.304882"/>
  </frame>
  <frame idx="250" w="185" h="162" x="-24.963215" y="-40.054451">
   <element name="acorn01" layername="acor" frame="3" z_index="11" m_a="0.894297" m_b="0.000000" m_c="0.000000" m_d="0.889019" m_tx="-9.799000" m_ty="-37.956577"/>
  </frame>
  <frame idx="275" w="185" h="161" x="-24.962955" y="-39.700317">
   <element name="acorn01" layername="acor" frame="3" z_index="11" m_a="0.894985" m_b="0.000000" m_c="0.000000" m_d="0.888042" m_tx="-9.799000" m_ty="-37.589909"/>
  </frame>
  <frame idx="300" w="186" h="161" x="-24.962675" y="-39.373051">
   <element name="acorn01" layername="acor" frame="3" z_index="11" m_a="0.895737" m_b="0.000000" m_c="0.000000" m_d="0.886978" m_tx="-9.799000" m_ty="-37.249001"/>
  </frame>
  <frame idx="325" w="186" h="161" x="-24.962406" y="-39.018646">
   <element name="acorn01" layername="acor" frame="3" z_index="11" m_a="0.896455" m_b="0.000000" m_c="0.000000" m_d="0.885946" m_tx="-9.799000" m_ty="-36.881355"/>
  </frame>
  <frame idx="350" w="186" h="160" x="-24.937904" y="-38.656319">
   <element name="acorn01" layername="acor" frame="3" z_index="11" m_a="0.897142" m_b="0.000000" m_c="0.000000" m_d="0.884975" m_tx="-9.774757" m_ty="-36.506577"/>
  </frame>
  <frame idx="375" w="186" h="160" x="-24.924026" y="-38.313309">
   <element name="acorn01" layername="acor" frame="3" z_index="11" m_a="0.897783" m_b="0.000000" m_c="0.000000" m_d="0.884075" m_tx="-9.761121" m_ty="-36.152031"/>
  </frame>
  <frame idx="400" w="186" h="159" x="-24.961689" y="-38.020798">
   <element name="acorn01" layername="acor" frame="3" z_index="11" m_a="0.898361" m_b="0.000000" m_c="0.000000" m_d="0.883255" m_tx="-9.799000" m_ty="-35.848999"/>
  </frame>
  <frame idx="425" w="186" h="159" x="-24.961514" y="-37.772087">
   <element name="acorn01" layername="acor" frame="3" z_index="11" m_a="0.898832" m_b="0.000000" m_c="0.000000" m_d="0.882581" m_tx="-9.799000" m_ty="-35.591648"/>
  </frame>
  <frame idx="450" w="186" h="159" x="-24.961353" y="-37.541645">
   <element name="acorn01" layername="acor" frame="3" z_index="11" m_a="0.899254" m_b="0.000000" m_c="0.000000" m_d="0.881984" m_tx="-9.799000" m_ty="-35.353546"/>
  </frame>
  <frame idx="475" w="186" h="158" x="-24.961216" y="-37.357376">
   <element name="acorn01" layername="acor" frame="3" z_index="11" m_a="0.899621" m_b="0.000000" m_c="0.000000" m_d="0.881466" m_tx="-9.799000" m_ty="-35.162636"/>
  </frame>
  <frame idx="500" w="186" h="158" x="-24.961100" y="-37.249374">
   <element name="acorn01" layername="acor" frame="3" z_index="11" m_a="0.899933" m_b="0.000000" m_c="0.000000" m_d="0.881027" m_tx="-9.799000" m_ty="-35.049000"/>
  </frame>
  <frame idx="525" w="186" h="158" x="-24.961020" y="-37.106201">
   <element name="acorn01" layername="acor" frame="3" z_index="11" m_a="0.900146" m_b="0.000000" m_c="0.000000" m_d="0.880724" m_tx="-9.799000" m_ty="-34.901939"/>
  </frame>
  <frame idx="550" w="186" h="158" x="-24.960960" y="-37.032028">
   <element name="acorn01" layername="acor" frame="3" z_index="11" m_a="0.900304" m_b="0.000000" m_c="0.000000" m_d="0.880489" m_tx="-9.799000" m_ty="-34.824757"/>
  </frame>
  <frame idx="575" w="186" h="158" x="-24.960922" y="-36.996098">
   <element name="acorn01" layername="acor" frame="3" z_index="11" m_a="0.900406" m_b="0.000000" m_c="0.000000" m_d="0.880338" m_tx="-9.799000" m_ty="-34.786880"/>
  </frame>
  <frame idx="600" w="186" h="158" x="-24.960903" y="-36.958954">
   <element name="acorn01" layername="acor" frame="3" z_index="11" m_a="0.900452" m_b="0.000000" m_c="0.000000" m_d="0.880280" m_tx="-9.799000" m_ty="-34.749001"/>
  </frame>
  <frame idx="625" w="186" h="158" x="-24.960926" y="-36.995003">
   <element name="acorn01" layername="acor" frame="3" z_index="11" m_a="0.900395" m_b="0.000000" m_c="0.000000" m_d="0.880336" m_tx="-9.799000" m_ty="-34.785763"/>
  </frame>
  <frame idx="650" w="186" h="158" x="-24.960960" y="-37.006371">
   <element name="acorn01" layername="acor" frame="3" z_index="11" m_a="0.900301" m_b="0.000000" m_c="0.000000" m_d="0.880482" m_tx="-9.799000" m_ty="-34.799000"/>
  </frame>
  <frame idx="675" w="186" h="158" x="-24.961018" y="-37.051865">
   <element name="acorn01" layername="acor" frame="3" z_index="11" m_a="0.900153" m_b="0.000000" m_c="0.000000" m_d="0.880715" m_tx="-9.799000" m_ty="-34.847485"/>
  </frame>
  <frame idx="700" w="186" h="158" x="-24.961100" y="-37.199375">
   <element name="acorn01" layername="acor" frame="3" z_index="11" m_a="0.899933" m_b="0.000000" m_c="0.000000" m_d="0.881027" m_tx="-9.799000" m_ty="-34.999001"/>
  </frame>
  <frame idx="725" w="186" h="158" x="-24.961212" y="-37.377728">
   <element name="acorn01" layername="acor" frame="3" z_index="11" m_a="0.899630" m_b="0.000000" m_c="0.000000" m_d="0.881453" m_tx="-9.799000" m_ty="-35.182823"/>
  </frame>
  <frame idx="750" w="186" h="159" x="-24.961349" y="-37.558594">
   <element name="acorn01" layername="acor" frame="3" z_index="11" m_a="0.899269" m_b="0.000000" m_c="0.000000" m_d="0.881962" m_tx="-9.799000" m_ty="-35.370213"/>
  </frame>
  <frame idx="775" w="186" h="159" x="-24.961506" y="-37.752426">
   <element name="acorn01" layername="acor" frame="3" z_index="11" m_a="0.898847" m_b="0.000000" m_c="0.000000" m_d="0.882561" m_tx="-9.799000" m_ty="-35.571728"/>
  </frame>
  <frame idx="800" w="186" h="159" x="-24.961689" y="-37.970798">
   <element name="acorn01" layername="acor" frame="3" z_index="11" m_a="0.898361" m_b="0.000000" m_c="0.000000" m_d="0.883255" m_tx="-9.799000" m_ty="-35.799000"/>
  </frame>
  <frame idx="825" w="186" h="160" x="-24.925135" y="-38.254704">
   <element name="acorn01" layername="acor" frame="3" z_index="11" m_a="0.897800" m_b="0.000000" m_c="0.000000" m_d="0.884051" m_tx="-9.762235" m_ty="-36.093117"/>
  </frame>
  <frame idx="850" w="186" h="160" x="-24.936377" y="-38.567406">
   <element name="acorn01" layername="acor" frame="3" z_index="11" m_a="0.897177" m_b="0.000000" m_c="0.000000" m_d="0.884937" m_tx="-9.773242" m_ty="-36.417183"/>
  </frame>
  <frame idx="875" w="186" h="160" x="-24.962393" y="-38.920025">
   <element name="acorn01" layername="acor" frame="3" z_index="11" m_a="0.896488" m_b="0.000000" m_c="0.000000" m_d="0.885914" m_tx="-9.799000" m_ty="-36.782333"/>
  </frame>
  <frame idx="900" w="186" h="161" x="-24.962675" y="-39.323051">
   <element name="acorn01" layername="acor" frame="3" z_index="11" m_a="0.895737" m_b="0.000000" m_c="0.000000" m_d="0.886978" m_tx="-9.799000" m_ty="-37.199001"/>
  </frame>
  <frame idx="925" w="185" h="162" x="-24.962978" y="-39.749695">
   <element name="acorn01" layername="acor" frame="3" z_index="11" m_a="0.894929" m_b="0.000000" m_c="0.000000" m_d="0.888111" m_tx="-9.799000" m_ty="-37.640175"/>
  </frame>
  <frame idx="950" w="185" h="162" x="-24.963257" y="-40.113113">
   <element name="acorn01" layername="acor" frame="3" z_index="11" m_a="0.894187" m_b="0.000000" m_c="0.000000" m_d="0.889170" m_tx="-9.799000" m_ty="-38.017181"/>
  </frame>
  <frame idx="975" w="185" h="162" x="-24.951389" y="-40.429474">
   <element name="acorn01" layername="acor" frame="3" z_index="11" m_a="0.893511" m_b="0.000000" m_c="0.000000" m_d="0.890139" m_tx="-9.786879" m_ty="-38.345970"/>
  </frame>
  <frame idx="1000" w="185" h="164" x="-24.913740" y="-41.221386">
   <element name="acorn01" layername="acor" frame="3" z_index="11" m_a="0.892899" m_b="0.000000" m_c="0.000000" m_d="0.891006" m_tx="-9.749000" m_ty="-38.648998"/>
  </frame>
  <frame idx="1025" w="185" h="164" x="-24.950687" y="-41.506573">
   <element name="acorn01" layername="acor" frame="3" z_index="11" m_a="0.892416" m_b="0.000000" m_c="0.000000" m_d="0.891702" m_tx="-9.785765" m_ty="-38.943115"/>
  </frame>
  <frame idx="1050" w="185" h="165" x="-24.964079" y="-41.750237">
   <element name="acorn01" layername="acor" frame="3" z_index="11" m_a="0.891998" m_b="0.000000" m_c="0.000000" m_d="0.892301" m_tx="-9.799000" m_ty="-39.194454"/>
  </frame>
  <frame idx="1075" w="185" h="165" x="-24.964211" y="-41.946968">
   <element name="acorn01" layername="acor" frame="3" z_index="11" m_a="0.891646" m_b="0.000000" m_c="0.000000" m_d="0.892792" m_tx="-9.799000" m_ty="-39.397484"/>
  </frame>
  <frame idx="1100" w="185" h="165" x="-24.964319" y="-42.093597">
   <element name="acorn01" layername="acor" frame="3" z_index="11" m_a="0.891357" m_b="0.000000" m_c="0.000000" m_d="0.893173" m_tx="-9.799000" m_ty="-39.549000"/>
  </frame>
  <frame idx="1125" w="185" h="165" x="-24.964375" y="-42.127480">
   <element name="acorn01" layername="acor" frame="3" z_index="11" m_a="0.891211" m_b="0.000000" m_c="0.000000" m_d="0.893397" m_tx="-9.799000" m_ty="-39.585762"/>
  </frame>
  <frame idx="1150" w="185" h="165" x="-24.964409" y="-42.187500">
   <element name="acorn01" layername="acor" frame="3" z_index="11" m_a="0.891122" m_b="0.000000" m_c="0.000000" m_d="0.893530" m_tx="-9.799000" m_ty="-39.647484"/>
  </frame>
  <frame idx="1175" w="185" h="165" x="-24.964422" y="-42.238312">
   <element name="acorn01" layername="acor" frame="3" z_index="11" m_a="0.891083" m_b="0.000000" m_c="0.000000" m_d="0.893585" m_tx="-9.799000" m_ty="-39.699001"/>
  </frame>
 </anim>
</Anims>
