<Anims>
 <anim name="close" root="coolfield" numframes="200" framerate="40">
  <frame idx="0" w="951" h="1062" x="-313.465942" y="-415.485046">
   <element name="Symbol 1" layername="Symbol" frame="6" z_index="17" m_a="0.996247" m_b="0.083307" m_c="-0.083307" m_d="0.996247" m_tx="-160.899002" m_ty="-296.799011"/>
   <element name="circle trim" layername="circle trim" frame="0" z_index="18" m_a="0.994583" m_b="0.000000" m_c="0.000000" m_d="0.994583" m_tx="-3.499000" m_ty="-197.848999"/>
   <element name="circle alpha" layername="circle alpha" frame="0" z_index="19" m_a="1.013310" m_b="0.000000" m_c="0.000000" m_d="1.013310" m_tx="-1.449000" m_ty="-198.899002"/>
  </frame>
  <frame idx="25" w="914" h="1034" x="-301.679901" y="-410.875610">
   <element name="Symbol 1" layername="Symbol" frame="6" z_index="17" m_a="0.958661" m_b="0.080164" m_c="-0.080164" m_d="0.958661" m_tx="-154.869598" m_ty="-295.328430"/>
   <element name="circle trim" layername="circle trim" frame="0" z_index="18" m_a="0.955898" m_b="0.000000" m_c="0.000000" m_d="0.955898" m_tx="-3.388706" m_ty="-200.165176"/>
   <element name="circle alpha" layername="circle alpha" frame="0" z_index="19" m_a="0.977920" m_b="0.000000" m_c="0.000000" m_d="0.977920" m_tx="-1.522529" m_ty="-201.104889"/>
  </frame>
  <frame idx="50" w="830" h="967" x="-274.110596" y="-399.225098">
   <element name="Symbol 1" layername="Symbol" frame="6" z_index="17" m_a="0.870756" m_b="0.072813" m_c="-0.072813" m_d="0.870756" m_tx="-140.747482" m_ty="-291.841431"/>
   <element name="circle trim" layername="circle trim" frame="0" z_index="18" m_a="0.867123" m_b="0.000000" m_c="0.000000" m_d="0.867123" m_tx="-3.155061" m_ty="-205.459610"/>
   <element name="circle alpha" layername="circle alpha" frame="0" z_index="19" m_a="0.891005" m_b="0.000000" m_c="0.000000" m_d="0.891005" m_tx="-1.573242" m_ty="-206.262634"/>
  </frame>
  <frame idx="75" w="686" h="771" x="-221.254486" y="-299.284515">
   <element name="Symbol 1" layername="Symbol" frame="6" z_index="17" m_a="0.630586" m_b="-0.336812" m_c="0.334927" m_d="0.627058" m_tx="-108.202515" m_ty="-245.114166"/>
   <element name="circle trim" layername="circle trim" frame="0" z_index="18" m_a="0.725675" m_b="0.000000" m_c="0.000000" m_d="0.725675" m_tx="-2.791424" m_ty="-213.908096"/>
   <element name="circle alpha" layername="circle alpha" frame="0" z_index="19" m_a="0.749292" m_b="0.000000" m_c="0.000000" m_d="0.749292" m_tx="-1.562636" m_ty="-214.535370"/>
  </frame>
  <frame idx="100" w="511" h="712" x="-169.317886" y="-354.342743">
   <element name="Symbol 1" layername="Symbol" frame="0" z_index="16" m_a="-0.305103" m_b="-0.352444" m_c="0.339971" m_d="-0.294305" m_tx="40.240540" m_ty="-39.434704"/>
   <element name="circle trim" layername="circle trim" frame="0" z_index="18" m_a="0.532166" m_b="0.000000" m_c="0.000000" m_d="0.532166" m_tx="-2.299000" m_ty="-225.498993"/>
   <element name="circle alpha" layername="circle alpha" frame="0" z_index="19" m_a="0.552719" m_b="0.000000" m_c="0.000000" m_d="0.552719" m_tx="-1.449000" m_ty="-225.899002"/>
   <element name="Symbol 1" layername="Symbol" frame="6" z_index="17" m_a="0.536102" m_b="0.044829" m_c="-0.044829" m_d="0.536102" m_tx="-86.999001" m_ty="-278.598999"/>
  </frame>
  <frame idx="125" w="335" h="537" x="-154.317886" y="-339.842743">
   <element name="Symbol 1" layername="Symbol" frame="0" z_index="16" m_a="0.218176" m_b="-0.131763" m_c="0.129505" m_d="0.214438" m_tx="-64.973801" m_ty="-218.207230"/>
   <element name="circle trim" layername="circle trim" frame="0" z_index="18" m_a="0.272385" m_b="0.000000" m_c="0.000000" m_d="0.272385" m_tx="-1.600471" m_ty="-241.087234"/>
   <element name="circle alpha" layername="circle alpha" frame="0" z_index="19" m_a="0.277826" m_b="0.000000" m_c="0.000000" m_d="0.277826" m_tx="-1.044588" m_ty="-241.376938"/>
   <element name="Symbol 1" layername="Symbol" frame="6" z_index="17" m_a="0.536102" m_b="0.044829" m_c="-0.044829" m_d="0.536102" m_tx="-86.999001" m_ty="-278.598999"/>
  </frame>
  <frame idx="150" w="272" h="475" x="-149.317886" y="-334.842743">
   <element name="Symbol 1" layername="Symbol" frame="0" z_index="17" m_a="0.178193" m_b="0.014907" m_c="-0.014907" m_d="0.178193" m_tx="-59.028969" m_ty="-279.143280"/>
   <element name="circle trim" layername="circle trim" frame="0" z_index="18" m_a="0.178864" m_b="0.000000" m_c="0.000000" m_d="0.178864" m_tx="-1.349000" m_ty="-246.699005"/>
   <element name="circle alpha" layername="circle alpha" frame="0" z_index="19" m_a="0.178864" m_b="0.000000" m_c="0.000000" m_d="0.178864" m_tx="-0.899000" m_ty="-246.949005"/>
   <element name="Symbol 1" layername="Symbol" frame="6" z_index="19" m_a="0.536102" m_b="0.044829" m_c="-0.044829" m_d="0.536102" m_tx="-86.999001" m_ty="-278.598999"/>
  </frame>
  <frame idx="175" w="405" h="608" x="-160.317886" y="-346.285767">
   <element name="Symbol 1" layername="Symbol" frame="0" z_index="19" m_a="0.376508" m_b="0.031494" m_c="-0.031494" m_d="0.376508" m_tx="-108.622452" m_ty="-295.812195"/>
   <element name="circle trim" layername="circle trim" frame="0" z_index="19" m_a="0.376614" m_b="0.000000" m_c="0.000000" m_d="0.376614" m_tx="-1.870212" m_ty="-234.856583"/>
   <element name="circle alpha" layername="circle alpha" frame="0" z_index="19" m_a="0.381154" m_b="0.000000" m_c="0.000000" m_d="0.381154" m_tx="-1.032333" m_ty="-235.300522"/>
   <element name="Symbol 1" layername="Symbol" frame="6" z_index="19" m_a="0.536102" m_b="0.044829" m_c="-0.044829" m_d="0.536102" m_tx="-86.999001" m_ty="-278.598999"/>
  </frame>
 </anim>
 <anim name="hit" root="coolfield" numframes="325" framerate="40">
  <frame idx="0" w="860" h="1032" x="-307.751221" y="-465.690643">
   <element name="bolt_c" layername="bolt_c" frame="0" z_index="16" m_a="0.459129" m_b="0.441444" m_c="-0.691973" m_d="0.719695" m_tx="155.000000" m_ty="-385.848999"/>
   <element name="Symbol 1" layername="Symbol" frame="6" z_index="17" m_a="0.901290" m_b="0.075382" m_c="-0.075382" m_d="0.901290" m_tx="-169.649002" m_ty="-287.449005"/>
   <element name="circle trim" layername="circle trim" frame="0" z_index="18" m_a="0.899796" m_b="0.000000" m_c="0.000000" m_d="0.899796" m_tx="-27.249001" m_ty="-197.949005"/>
   <element name="circle alpha" layername="circle alpha" frame="0" z_index="19" m_a="0.916733" m_b="0.000000" m_c="0.000000" m_d="0.916733" m_tx="-25.399000" m_ty="-198.899002"/>
  </frame>
  <frame idx="25" w="860" h="1055" x="-288.633545" y="-467.690643">
   <element name="bolt_c" layername="bolt_c" frame="0" z_index="16" m_a="0.459129" m_b="0.441444" m_c="-0.691973" m_d="0.719695" m_tx="155.000000" m_ty="-385.848999"/>
   <element name="Symbol 1" layername="Symbol" frame="6" z_index="17" m_a="0.901290" m_b="0.075382" m_c="-0.075382" m_d="0.901290" m_tx="-150.531357" m_ty="-287.449005"/>
   <element name="circle trim" layername="circle trim" frame="0" z_index="18" m_a="0.898685" m_b="0.000000" m_c="0.000000" m_d="0.898685" m_tx="-8.131353" m_ty="-198.022522"/>
   <element name="circle alpha" layername="circle alpha" frame="0" z_index="19" m_a="0.919437" m_b="0.000000" m_c="0.000000" m_d="0.919437" m_tx="-6.392383" m_ty="-198.899002"/>
  </frame>
  <frame idx="50" w="860" h="1079" x="-269.145142" y="-469.690643">
   <element name="bolt_c" layername="bolt_c" frame="0" z_index="16" m_a="0.459129" m_b="0.441444" m_c="-0.691973" m_d="0.719695" m_tx="155.000000" m_ty="-385.848999"/>
   <element name="Symbol 1" layername="Symbol" frame="6" z_index="17" m_a="0.901290" m_b="0.075382" m_c="-0.075382" m_d="0.901290" m_tx="-131.042938" m_ty="-287.449005"/>
   <element name="circle trim" layername="circle trim" frame="0" z_index="18" m_a="0.899018" m_b="0.000000" m_c="0.000000" m_d="0.899018" m_tx="11.356576" m_ty="-198.000519"/>
   <element name="circle alpha" layername="circle alpha" frame="0" z_index="19" m_a="0.918627" m_b="0.000000" m_c="0.000000" m_d="0.918627" m_tx="13.128788" m_ty="-198.899002"/>
  </frame>
  <frame idx="75" w="886" h="1089" x="-284.966309" y="-470.534393">
   <element name="bolt_c" layername="bolt_c" frame="0" z_index="16" m_a="0.459129" m_b="0.441444" m_c="-0.691973" m_d="0.719695" m_tx="154.245758" m_ty="-385.692749"/>
   <element name="Symbol 1" layername="Symbol" frame="6" z_index="17" m_a="0.901290" m_b="0.075382" m_c="-0.075382" m_d="0.901290" m_tx="-122.982338" m_ty="-287.449005"/>
   <element name="circle trim" layername="circle trim" frame="0" z_index="18" m_a="0.899430" m_b="0.000000" m_c="0.000000" m_d="0.899430" m_tx="19.416666" m_ty="-197.973251"/>
   <element name="circle alpha" layername="circle alpha" frame="0" z_index="19" m_a="0.917624" m_b="0.000000" m_c="0.000000" m_d="0.917624" m_tx="21.230303" m_ty="-198.899002"/>
   <element name="bolt_c" layername="bolt_c" frame="0" z_index="15" m_a="0.114634" m_b="0.362688" m_c="0.806680" m_d="-0.254965" m_tx="-219.399002" m_ty="-201.699005"/>
  </frame>
  <frame idx="100" w="866" h="1064" x="-283.466309" y="-464.624969">
   <element name="bolt_c" layername="bolt_c" frame="1" z_index="16" m_a="0.459129" m_b="0.441444" m_c="-0.691973" m_d="0.719695" m_tx="150.577118" m_ty="-384.420471"/>
   <element name="Symbol 1" layername="Symbol" frame="6" z_index="17" m_a="0.901290" m_b="0.075382" m_c="-0.075382" m_d="0.901290" m_tx="-139.649002" m_ty="-287.449005"/>
   <element name="circle trim" layername="circle trim" frame="0" z_index="18" m_a="0.898285" m_b="0.000000" m_c="0.000000" m_d="0.898285" m_tx="2.750000" m_ty="-198.048996"/>
   <element name="circle alpha" layername="circle alpha" frame="0" z_index="19" m_a="0.920410" m_b="0.000000" m_c="0.000000" m_d="0.920410" m_tx="4.450000" m_ty="-198.899002"/>
   <element name="bolt_c" layername="bolt_c" frame="0" z_index="15" m_a="0.114634" m_b="0.362688" m_c="0.806680" m_d="-0.254965" m_tx="-219.399002" m_ty="-201.699005"/>
  </frame>
  <frame idx="125" w="877" h="1035" x="-308.822571" y="-454.478424">
   <element name="bolt_c" layername="bolt_c" frame="1" z_index="16" m_a="0.396897" m_b="0.497800" m_c="-0.780312" m_d="0.622144" m_tx="147.311935" m_ty="-375.410431"/>
   <element name="Symbol 1" layername="Symbol" frame="6" z_index="17" m_a="0.901290" m_b="0.075382" m_c="-0.075382" m_d="0.901290" m_tx="-155.825470" m_ty="-287.449005"/>
   <element name="circle trim" layername="circle trim" frame="0" z_index="18" m_a="0.899396" m_b="0.000000" m_c="0.000000" m_d="0.899396" m_tx="-13.425735" m_ty="-197.975479"/>
   <element name="circle alpha" layername="circle alpha" frame="0" z_index="19" m_a="0.917706" m_b="0.000000" m_c="0.000000" m_d="0.917706" m_tx="-11.615441" m_ty="-198.899002"/>
   <element name="bolt_c" layername="bolt_c" frame="0" z_index="15" m_a="0.114634" m_b="0.362688" m_c="0.806680" m_d="-0.254965" m_tx="-243.755264" m_ty="-214.141006"/>
  </frame>
  <frame idx="150" w="891" h="1042" x="-315.341431" y="-453.981018">
   <element name="bolt_c" layername="bolt_c" frame="2" z_index="16" m_a="0.372758" m_b="0.516005" m_c="-0.808849" m_d="0.584305" m_tx="144.956543" m_ty="-371.630341"/>
   <element name="Symbol 1" layername="Symbol" frame="6" z_index="17" m_a="0.917870" m_b="0.076761" m_c="-0.076761" m_d="0.917870" m_tx="-161.527786" m_ty="-289.097473"/>
   <element name="circle trim" layername="circle trim" frame="0" z_index="18" m_a="0.916345" m_b="0.000000" m_c="0.000000" m_d="0.916345" m_tx="-16.509605" m_ty="-197.924759"/>
   <element name="circle alpha" layername="circle alpha" frame="0" z_index="19" m_a="0.933594" m_b="0.000000" m_c="0.000000" m_d="0.933594" m_tx="-14.611121" m_ty="-198.899002"/>
   <element name="bolt_c" layername="bolt_c" frame="2" z_index="15" m_a="0.114634" m_b="0.362688" m_c="0.806680" m_d="-0.254965" m_tx="-249.337128" m_ty="-219.811783"/>
  </frame>
  <frame idx="175" w="910" h="1062" x="-315.239868" y="-454.714264">
   <element name="bolt_c" layername="bolt_c" frame="2" z_index="16" m_a="0.372758" m_b="0.516005" m_c="-0.808849" m_d="0.584305" m_tx="142.907700" m_ty="-370.863586"/>
   <element name="Symbol 1" layername="Symbol" frame="6" z_index="17" m_a="0.941926" m_b="0.078768" m_c="-0.078768" m_d="0.941926" m_tx="-161.338394" m_ty="-291.479309"/>
   <element name="circle trim" layername="circle trim" frame="0" z_index="18" m_a="0.940358" m_b="0.000000" m_c="0.000000" m_d="0.940358" m_tx="-12.520212" m_ty="-197.899002"/>
   <element name="circle alpha" layername="circle alpha" frame="0" z_index="19" m_a="0.958059" m_b="0.000000" m_c="0.000000" m_d="0.958059" m_tx="-10.570212" m_ty="-198.899002"/>
   <element name="bolt_c" layername="bolt_c" frame="2" z_index="15" m_a="0.114634" m_b="0.362688" m_c="0.806680" m_d="-0.254965" m_tx="-247.735580" m_ty="-220.680344"/>
  </frame>
  <frame idx="200" w="926" h="1078" x="-315.568909" y="-454.998810">
   <element name="bolt_c" layername="bolt_c" frame="3" z_index="16" m_a="0.372758" m_b="0.516005" m_c="-0.808849" m_d="0.584305" m_tx="134.015884" m_ty="-366.718872"/>
   <element name="Symbol 1" layername="Symbol" frame="6" z_index="17" m_a="0.962051" m_b="0.080464" m_c="-0.080464" m_d="0.962051" m_tx="-161.149002" m_ty="-293.449005"/>
   <element name="circle trim" layername="circle trim" frame="0" z_index="18" m_a="0.960449" m_b="0.000000" m_c="0.000000" m_d="0.960449" m_tx="-9.149000" m_ty="-197.899002"/>
   <element name="circle alpha" layername="circle alpha" frame="0" z_index="19" m_a="0.978531" m_b="0.000000" m_c="0.000000" m_d="0.978531" m_tx="-7.199000" m_ty="-198.899002"/>
   <element name="bolt_c" layername="bolt_c" frame="3" z_index="15" m_a="0.114634" m_b="0.362688" m_c="0.806680" m_d="-0.254965" m_tx="-240.278961" m_ty="-224.194672"/>
  </frame>
  <frame idx="225" w="938" h="1090" x="-316.568909" y="-455.998810">
   <element name="bolt_c" layername="bolt_c" frame="3" z_index="16" m_a="0.372758" m_b="0.516005" m_c="-0.808849" m_d="0.584305" m_tx="134.015884" m_ty="-366.718872"/>
   <element name="Symbol 1" layername="Symbol" frame="6" z_index="17" m_a="0.976031" m_b="0.081633" m_c="-0.081633" m_d="0.976031" m_tx="-161.038696" m_ty="-294.809296"/>
   <element name="circle trim" layername="circle trim" frame="0" z_index="18" m_a="0.974395" m_b="0.000000" m_c="0.000000" m_d="0.974395" m_tx="-6.832824" m_ty="-197.862228"/>
   <element name="circle alpha" layername="circle alpha" frame="0" z_index="19" m_a="0.992746" m_b="0.000000" m_c="0.000000" m_d="0.992746" m_tx="-4.846059" m_ty="-198.899002"/>
   <element name="bolt_c" layername="bolt_c" frame="3" z_index="15" m_a="0.114634" m_b="0.362688" m_c="0.806680" m_d="-0.254965" m_tx="-240.278961" m_ty="-224.194672"/>
  </frame>
  <frame idx="250" w="945" h="1098" x="-315.281097" y="-455.369873">
   <element name="bolt_c" layername="bolt_c" frame="3" z_index="16" m_a="0.372758" m_b="0.516005" m_c="-0.808849" m_d="0.584305" m_tx="132.036255" m_ty="-365.589935"/>
   <element name="Symbol 1" layername="Symbol" frame="6" z_index="17" m_a="0.986583" m_b="0.082508" m_c="-0.082508" m_d="0.986583" m_tx="-160.950516" m_ty="-295.856598"/>
   <element name="circle trim" layername="circle trim" frame="0" z_index="18" m_a="0.984928" m_b="0.000000" m_c="0.000000" m_d="0.984928" m_tx="-5.077788" m_ty="-197.848999"/>
   <element name="circle alpha" layername="circle alpha" frame="0" z_index="19" m_a="1.003481" m_b="0.000000" m_c="0.000000" m_d="1.003481" m_tx="-3.053545" m_ty="-198.899002"/>
   <element name="bolt_c" layername="bolt_c" frame="3" z_index="15" m_a="0.114634" m_b="0.362688" m_c="0.806680" m_d="-0.254965" m_tx="-238.491150" m_ty="-224.912720"/>
  </frame>
  <frame idx="275" w="955" h="1104" x="-319.219696" y="-456.348511">
   <element name="bolt_c" layername="bolt_c" frame="4" z_index="16" m_a="0.372758" m_b="0.516005" m_c="-0.808849" m_d="0.584305" m_tx="128.589752" m_ty="-363.702545"/>
   <element name="Symbol 1" layername="Symbol" frame="6" z_index="17" m_a="0.993368" m_b="0.083066" m_c="-0.083066" m_d="0.993368" m_tx="-160.899002" m_ty="-296.533844"/>
   <element name="circle trim" layername="circle trim" frame="0" z_index="18" m_a="0.991705" m_b="0.000000" m_c="0.000000" m_d="0.991705" m_tx="-3.953545" m_ty="-197.848999"/>
   <element name="circle alpha" layername="circle alpha" frame="0" z_index="19" m_a="1.010386" m_b="0.000000" m_c="0.000000" m_d="1.010386" m_tx="-1.903545" m_ty="-198.899002"/>
   <element name="bolt_c" layername="bolt_c" frame="4" z_index="15" m_a="0.152386" m_b="0.348616" m_c="0.775386" m_d="-0.338936" m_tx="-237.763275" m_ty="-212.314072"/>
  </frame>
  <frame idx="300" w="967" h="1107" x="-328.450195" y="-456.848511">
   <element name="bolt_c" layername="bolt_c" frame="4" z_index="16" m_a="0.372758" m_b="0.516005" m_c="-0.808849" m_d="0.584305" m_tx="128.589752" m_ty="-363.702545"/>
   <element name="Symbol 1" layername="Symbol" frame="6" z_index="17" m_a="0.996247" m_b="0.083307" m_c="-0.083307" m_d="0.996247" m_tx="-160.899002" m_ty="-296.799011"/>
   <element name="circle trim" layername="circle trim" frame="0" z_index="18" m_a="0.994583" m_b="0.000000" m_c="0.000000" m_d="0.994583" m_tx="-3.499000" m_ty="-197.848999"/>
   <element name="circle alpha" layername="circle alpha" frame="0" z_index="19" m_a="1.013310" m_b="0.000000" m_c="0.000000" m_d="1.013310" m_tx="-1.449000" m_ty="-198.899002"/>
   <element name="bolt_c" layername="bolt_c" frame="4" z_index="15" m_a="0.257643" m_b="0.280351" m_c="0.623567" m_d="-0.573058" m_tx="-246.431015" m_ty="-168.033539"/>
  </frame>
 </anim>
 <anim name="idle_loop" root="coolfield" numframes="925" framerate="40">
  <frame idx="0" w="860" h="1028" x="-227.346832" y="-381.406250">
   <element name="Symbol 1" layername="Symbol" frame="0" z_index="17" m_a="0.996247" m_b="0.083307" m_c="-0.083307" m_d="0.996247" m_tx="-160.899002" m_ty="-296.799011"/>
   <element name="circle trim" layername="circle trim" frame="0" z_index="18" m_a="1.000000" m_b="0.000000" m_c="0.000000" m_d="1.000000" m_tx="-3.499000" m_ty="-197.598999"/>
   <element name="circle alpha" layername="circle alpha" frame="0" z_index="19" m_a="1.000000" m_b="0.000000" m_c="0.000000" m_d="1.000000" m_tx="-0.949000" m_ty="-198.899002"/>
  </frame>
  <frame idx="25" w="860" h="1023" x="-226.717514" y="-376.488617">
   <element name="Symbol 1" layername="Symbol" frame="0" z_index="17" m_a="0.996055" m_b="0.083303" m_c="-0.083303" m_d="0.996055" m_tx="-160.268600" m_ty="-292.381195"/>
   <element name="circle trim" layername="circle trim" frame="0" z_index="18" m_a="0.999731" m_b="0.000000" m_c="0.000000" m_d="0.999731" m_tx="-3.499000" m_ty="-197.598999"/>
   <element name="circle alpha" layername="circle alpha" frame="0" z_index="19" m_a="1.000015" m_b="0.000000" m_c="0.000000" m_d="1.000015" m_tx="-0.949000" m_ty="-198.899002"/>
  </frame>
  <frame idx="50" w="855" h="1022" x="-222.696213" y="-376.188110">
   <element name="Symbol 1" layername="Symbol" frame="1" z_index="17" m_a="0.995609" m_b="0.083263" m_c="-0.083263" m_d="0.995609" m_tx="-158.141266" m_ty="-283.474396"/>
   <element name="circle trim" layername="circle trim" frame="0" z_index="18" m_a="0.999094" m_b="0.000000" m_c="0.000000" m_d="0.999094" m_tx="-3.499000" m_ty="-197.598999"/>
   <element name="circle alpha" layername="circle alpha" frame="0" z_index="19" m_a="1.000035" m_b="0.000000" m_c="0.000000" m_d="1.000035" m_tx="-0.973242" m_ty="-198.899002"/>
  </frame>
  <frame idx="75" w="849" h="1021" x="-218.330765" y="-375.896423">
   <element name="Symbol 1" layername="Symbol" frame="2" z_index="17" m_a="0.994898" m_b="0.083194" m_c="-0.083194" m_d="0.994898" m_tx="-153.243439" m_ty="-266.120422"/>
   <element name="circle trim" layername="circle trim" frame="0" z_index="18" m_a="0.998073" m_b="0.000000" m_c="0.000000" m_d="0.998073" m_tx="-3.499000" m_ty="-197.611115"/>
   <element name="circle alpha" layername="circle alpha" frame="0" z_index="19" m_a="1.000064" m_b="0.000000" m_c="0.000000" m_d="1.000064" m_tx="-1.011121" m_ty="-198.899002"/>
  </frame>
  <frame idx="100" w="843" h="1022" x="-213.437607" y="-377.466522">
   <element name="Symbol 1" layername="Symbol" frame="3" z_index="17" m_a="0.993927" m_b="0.083113" m_c="-0.083113" m_d="0.993927" m_tx="-146.501160" m_ty="-243.372131"/>
   <element name="circle trim" layername="circle trim" frame="0" z_index="18" m_a="0.996674" m_b="0.000000" m_c="0.000000" m_d="0.996674" m_tx="-3.499000" m_ty="-197.649002"/>
   <element name="circle alpha" layername="circle alpha" frame="0" z_index="19" m_a="1.000110" m_b="0.000000" m_c="0.000000" m_d="1.000110" m_tx="-1.049000" m_ty="-198.899002"/>
  </frame>
  <frame idx="125" w="839" h="1001" x="-210.600052" y="-359.212921">
   <element name="Symbol 1" layername="Symbol" frame="3" z_index="17" m_a="0.992592" m_b="0.083001" m_c="-0.083001" m_d="0.992592" m_tx="-144.158813" m_ty="-227.183777"/>
   <element name="circle trim" layername="circle trim" frame="0" z_index="18" m_a="0.994767" m_b="0.000000" m_c="0.000000" m_d="0.994767" m_tx="-3.499000" m_ty="-197.685776"/>
   <element name="circle alpha" layername="circle alpha" frame="0" z_index="19" m_a="1.000162" m_b="0.000000" m_c="0.000000" m_d="1.000162" m_tx="-1.085765" m_ty="-198.899002"/>
  </frame>
  <frame idx="150" w="835" h="1004" x="-207.763397" y="-362.903564">
   <element name="Symbol 1" layername="Symbol" frame="4" z_index="17" m_a="0.990986" m_b="0.082875" m_c="-0.082875" m_d="0.990986" m_tx="-137.145248" m_ty="-212.915039"/>
   <element name="circle trim" layername="circle trim" frame="0" z_index="18" m_a="0.992474" m_b="0.000000" m_c="0.000000" m_d="0.992474" m_tx="-3.499000" m_ty="-197.723236"/>
   <element name="circle alpha" layername="circle alpha" frame="0" z_index="19" m_a="1.000219" m_b="0.000000" m_c="0.000000" m_d="1.000219" m_tx="-1.147485" m_ty="-198.899002"/>
  </frame>
  <frame idx="175" w="676" h="975" x="-64.450867" y="-338.282898">
   <element name="Symbol 1" layername="Symbol" frame="5" z_index="17" m_a="0.989100" m_b="0.082722" m_c="-0.082722" m_d="0.989100" m_tx="-3.554219" m_ty="-179.249664"/>
   <element name="circle trim" layername="circle trim" frame="0" z_index="18" m_a="0.989784" m_b="0.000000" m_c="0.000000" m_d="0.989784" m_tx="-3.499000" m_ty="-197.761108"/>
   <element name="circle alpha" layername="circle alpha" frame="0" z_index="19" m_a="1.000279" m_b="0.000000" m_c="0.000000" m_d="1.000279" m_tx="-1.223242" m_ty="-198.899002"/>
  </frame>
  <frame idx="200" w="853" h="1019" x="-228.391418" y="-380.360809">
   <element name="Symbol 1" layername="Symbol" frame="6" z_index="17" m_a="0.986939" m_b="0.082529" m_c="-0.082529" m_d="0.986939" m_tx="-84.507133" m_ty="-265.456787"/>
   <element name="circle trim" layername="circle trim" frame="0" z_index="18" m_a="0.986710" m_b="0.000000" m_c="0.000000" m_d="0.986710" m_tx="-3.499000" m_ty="-197.798996"/>
   <element name="circle alpha" layername="circle alpha" frame="0" z_index="19" m_a="1.000340" m_b="0.000000" m_c="0.000000" m_d="1.000340" m_tx="-1.299000" m_ty="-198.899002"/>
  </frame>
  <frame idx="225" w="850" h="1017" x="-227.493256" y="-380.104797">
   <element name="Symbol 1" layername="Symbol" frame="6" z_index="17" m_a="0.984482" m_b="0.082335" m_c="-0.082335" m_d="0.984482" m_tx="-84.289528" m_ty="-265.274323"/>
   <element name="circle trim" layername="circle trim" frame="0" z_index="18" m_a="0.983220" m_b="0.000000" m_c="0.000000" m_d="0.983220" m_tx="-3.462235" m_ty="-197.835770"/>
   <element name="circle alpha" layername="circle alpha" frame="0" z_index="19" m_a="1.000414" m_b="0.000000" m_c="0.000000" m_d="1.000414" m_tx="-1.409294" m_ty="-198.899002"/>
  </frame>
  <frame idx="250" w="847" h="1013" x="-227.063797" y="-379.343933">
   <element name="Symbol 1" layername="Symbol" frame="6" z_index="17" m_a="0.981717" m_b="0.082101" m_c="-0.082101" m_d="0.981717" m_tx="-84.062714" m_ty="-265.097473"/>
   <element name="circle trim" layername="circle trim" frame="0" z_index="18" m_a="0.979293" m_b="0.000000" m_c="0.000000" m_d="0.979293" m_tx="-3.449000" m_ty="-197.897491"/>
   <element name="circle alpha" layername="circle alpha" frame="0" z_index="19" m_a="1.000469" m_b="0.000000" m_c="0.000000" m_d="1.000469" m_tx="-1.521727" m_ty="-198.899002"/>
  </frame>
  <frame idx="275" w="844" h="1010" x="-226.092773" y="-379.056244">
   <element name="Symbol 1" layername="Symbol" frame="6" z_index="17" m_a="0.978656" m_b="0.081836" m_c="-0.081836" m_d="0.978656" m_tx="-83.816040" m_ty="-264.903229"/>
   <element name="circle trim" layername="circle trim" frame="0" z_index="18" m_a="0.974947" m_b="0.000000" m_c="0.000000" m_d="0.974947" m_tx="-3.449000" m_ty="-197.961121"/>
   <element name="circle alpha" layername="circle alpha" frame="0" z_index="19" m_a="1.000507" m_b="0.000000" m_c="0.000000" m_d="1.000507" m_tx="-1.647485" m_ty="-198.899002"/>
  </frame>
  <frame idx="300" w="839" h="1006" x="-225.070923" y="-378.217133">
   <element name="Symbol 1" layername="Symbol" frame="6" z_index="17" m_a="0.975327" m_b="0.081558" m_c="-0.081558" m_d="0.975327" m_tx="-83.538322" m_ty="-264.664978"/>
   <element name="circle trim" layername="circle trim" frame="0" z_index="18" m_a="0.970230" m_b="0.000000" m_c="0.000000" m_d="0.970230" m_tx="-3.449000" m_ty="-197.998993"/>
   <element name="circle alpha" layername="circle alpha" frame="0" z_index="19" m_a="1.000530" m_b="0.000000" m_c="0.000000" m_d="1.000530" m_tx="-1.799000" m_ty="-198.899002"/>
  </frame>
  <frame idx="325" w="695" h="889" x="-95.239639" y="-273.398438">
   <element name="Symbol 1" layername="Symbol" frame="6" z_index="17" m_a="-0.076231" m_b="-0.876222" m_c="0.854344" m_d="-0.074328" m_tx="-22.480196" m_ty="-101.682289"/>
   <element name="circle trim" layername="circle trim" frame="0" z_index="18" m_a="0.965148" m_b="0.000000" m_c="0.000000" m_d="0.965148" m_tx="-3.449000" m_ty="-198.072525"/>
   <element name="circle alpha" layername="circle alpha" frame="0" z_index="19" m_a="1.000523" m_b="0.000000" m_c="0.000000" m_d="1.000523" m_tx="-1.872530" m_ty="-198.899002"/>
  </frame>
  <frame idx="350" w="920" h="1035" x="-304.316284" y="-409.830841">
   <element name="Symbol 1" layername="Symbol" frame="0" z_index="16" m_a="-0.550794" m_b="-0.636235" m_c="0.613718" m_d="-0.531300" m_tx="22.151447" m_ty="-9.396748"/>
   <element name="circle trim" layername="circle trim" frame="0" z_index="18" m_a="0.959611" m_b="0.000000" m_c="0.000000" m_d="0.959611" m_tx="-3.424757" m_ty="-198.147491"/>
   <element name="circle alpha" layername="circle alpha" frame="0" z_index="19" m_a="1.000481" m_b="0.000000" m_c="0.000000" m_d="1.000481" m_tx="-2.020212" m_ty="-198.899002"/>
   <element name="Symbol 1" layername="Symbol" frame="6" z_index="17" m_a="0.967787" m_b="0.080935" m_c="-0.080935" m_d="0.967787" m_tx="-156.336884" m_ty="-294.006561"/>
  </frame>
  <frame idx="375" w="919" h="1034" x="-303.337769" y="-409.300018">
   <element name="Symbol 1" layername="Symbol" frame="1" z_index="16" m_a="-0.548380" m_b="-0.633453" m_c="0.611034" m_d="-0.528972" m_tx="25.903809" m_ty="-15.995431"/>
   <element name="circle trim" layername="circle trim" frame="0" z_index="18" m_a="0.953657" m_b="0.000000" m_c="0.000000" m_d="0.953657" m_tx="-3.399000" m_ty="-198.235367"/>
   <element name="circle alpha" layername="circle alpha" frame="0" z_index="19" m_a="1.000409" m_b="0.000000" m_c="0.000000" m_d="1.000409" m_tx="-2.197485" m_ty="-198.899002"/>
   <element name="Symbol 1" layername="Symbol" frame="6" z_index="17" m_a="0.963557" m_b="0.080586" m_c="-0.080586" m_d="0.963557" m_tx="-155.668701" m_ty="-293.603546"/>
  </frame>
  <frame idx="400" w="917" h="1034" x="-301.788635" y="-408.708282">
   <element name="Symbol 1" layername="Symbol" frame="2" z_index="16" m_a="-0.545819" m_b="-0.630511" m_c="0.608191" m_d="-0.526498" m_tx="32.100391" m_ty="-29.088097"/>
   <element name="circle trim" layername="circle trim" frame="0" z_index="18" m_a="0.947357" m_b="0.000000" m_c="0.000000" m_d="0.947357" m_tx="-3.399000" m_ty="-198.348999"/>
   <element name="circle alpha" layername="circle alpha" frame="0" z_index="19" m_a="1.000310" m_b="0.000000" m_c="0.000000" m_d="1.000310" m_tx="-2.349000" m_ty="-198.899002"/>
   <element name="Symbol 1" layername="Symbol" frame="6" z_index="17" m_a="0.959061" m_b="0.080197" m_c="-0.080197" m_d="0.959061" m_tx="-154.949005" m_ty="-293.148987"/>
  </frame>
  <frame idx="425" w="915" h="1032" x="-300.668152" y="-407.587433">
   <element name="Symbol 1" layername="Symbol" frame="2" z_index="16" m_a="-0.543125" m_b="-0.627383" m_c="0.605171" m_d="-0.523896" m_tx="35.427620" m_ty="-36.386860"/>
   <element name="circle trim" layername="circle trim" frame="0" z_index="18" m_a="0.940726" m_b="0.000000" m_c="0.000000" m_d="0.940726" m_tx="-3.399000" m_ty="-198.422531"/>
   <element name="circle alpha" layername="circle alpha" frame="0" z_index="19" m_a="1.000126" m_b="0.000000" m_c="0.000000" m_d="1.000126" m_tx="-2.496059" m_ty="-198.899002"/>
   <element name="Symbol 1" layername="Symbol" frame="6" z_index="17" m_a="0.954315" m_b="0.079813" m_c="-0.079813" m_d="0.954315" m_tx="-154.176941" m_ty="-292.671051"/>
  </frame>
  <frame idx="450" w="920" h="1036" x="-301.437561" y="-408.242523">
   <element name="Symbol 1" layername="Symbol" frame="3" z_index="16" m_a="-0.543803" m_b="-0.628160" m_c="0.605920" m_d="-0.524549" m_tx="47.037113" m_ty="-55.751556"/>
   <element name="circle trim" layername="circle trim" frame="0" z_index="18" m_a="0.939796" m_b="0.000000" m_c="0.000000" m_d="0.939796" m_tx="-3.399000" m_ty="-198.521729"/>
   <element name="circle alpha" layername="circle alpha" frame="0" z_index="19" m_a="1.006518" m_b="0.000000" m_c="0.000000" m_d="1.006518" m_tx="-2.694455" m_ty="-198.899002"/>
   <element name="Symbol 1" layername="Symbol" frame="6" z_index="17" m_a="0.955499" m_b="0.079916" m_c="-0.079916" m_d="0.955499" m_tx="-154.359604" m_ty="-292.789917"/>
  </frame>
  <frame idx="475" w="925" h="1041" x="-302.969177" y="-409.318451">
   <element name="Symbol 1" layername="Symbol" frame="4" z_index="16" m_a="-0.546316" m_b="-0.631063" m_c="0.608721" m_d="-0.526975" m_tx="50.810970" m_ty="-66.747444"/>
   <element name="circle trim" layername="circle trim" frame="0" z_index="18" m_a="0.943405" m_b="0.000000" m_c="0.000000" m_d="0.943405" m_tx="-3.399000" m_ty="-198.562637"/>
   <element name="circle alpha" layername="circle alpha" frame="0" z_index="19" m_a="1.012963" m_b="0.000000" m_c="0.000000" m_d="1.012963" m_tx="-2.788394" m_ty="-198.899002"/>
   <element name="Symbol 1" layername="Symbol" frame="6" z_index="17" m_a="0.959915" m_b="0.080281" m_c="-0.080281" m_d="0.959915" m_tx="-155.067184" m_ty="-293.232330"/>
  </frame>
  <frame idx="500" w="926" h="1041" x="-303.959076" y="-409.861359">
   <element name="Symbol 1" layername="Symbol" frame="5" z_index="16" m_a="-0.548698" m_b="-0.633814" m_c="0.611379" m_d="-0.529275" m_tx="52.856640" m_ty="-69.794762"/>
   <element name="circle trim" layername="circle trim" frame="0" z_index="18" m_a="0.949844" m_b="0.000000" m_c="0.000000" m_d="0.949844" m_tx="-3.399000" m_ty="-198.449005"/>
   <element name="circle alpha" layername="circle alpha" frame="0" z_index="19" m_a="1.011660" m_b="0.000000" m_c="0.000000" m_d="1.011660" m_tx="-2.599000" m_ty="-198.899002"/>
   <element name="Symbol 1" layername="Symbol" frame="6" z_index="17" m_a="0.964112" m_b="0.080620" m_c="-0.080620" m_d="0.964112" m_tx="-155.748993" m_ty="-293.648987"/>
  </frame>
  <frame idx="525" w="926" h="1068" x="-304.821777" y="-435.159698">
   <element name="Symbol 1" layername="Symbol" frame="5" z_index="16" m_a="-0.550832" m_b="-0.636280" m_c="0.613755" m_d="-0.531332" m_tx="-129.275543" m_ty="-371.219727"/>
   <element name="circle trim" layername="circle trim" frame="0" z_index="18" m_a="0.955634" m_b="0.000000" m_c="0.000000" m_d="0.955634" m_tx="-3.435765" m_ty="-198.338699"/>
   <element name="circle alpha" layername="circle alpha" frame="0" z_index="19" m_a="1.010432" m_b="0.000000" m_c="0.000000" m_d="1.010432" m_tx="-2.415176" m_ty="-198.899002"/>
   <element name="Symbol 1" layername="Symbol" frame="6" z_index="17" m_a="0.967858" m_b="0.080945" m_c="-0.080945" m_d="0.967858" m_tx="-156.337234" m_ty="-294.016632"/>
  </frame>
  <frame idx="550" w="926" h="1041" x="-305.638000" y="-410.827423">
   <element name="Symbol 1" layername="Symbol" frame="6" z_index="16" m_a="-0.552888" m_b="-0.638654" m_c="0.616046" m_d="-0.533316" m_tx="-7.218763" m_ty="-69.524483"/>
   <element name="circle trim" layername="circle trim" frame="0" z_index="18" m_a="0.961225" m_b="0.000000" m_c="0.000000" m_d="0.961225" m_tx="-3.424757" m_ty="-198.274750"/>
   <element name="circle alpha" layername="circle alpha" frame="0" z_index="19" m_a="1.009229" m_b="0.000000" m_c="0.000000" m_d="1.009229" m_tx="-2.203545" m_ty="-198.923248"/>
   <element name="Symbol 1" layername="Symbol" frame="6" z_index="17" m_a="0.971471" m_b="0.081244" m_c="-0.081244" m_d="0.971471" m_tx="-156.888382" m_ty="-294.391418"/>
  </frame>
  <frame idx="575" w="927" h="1041" x="-306.419312" y="-411.272766">
   <element name="Symbol 1" layername="Symbol" frame="6" z_index="16" m_a="-0.554836" m_b="-0.640904" m_c="0.618215" m_d="-0.535194" m_tx="-7.216230" m_ty="-69.089424"/>
   <element name="circle trim" layername="circle trim" frame="0" z_index="18" m_a="0.966538" m_b="0.000000" m_c="0.000000" m_d="0.966538" m_tx="-3.411121" m_ty="-198.212631"/>
   <element name="circle alpha" layername="circle alpha" frame="0" z_index="19" m_a="1.008059" m_b="0.000000" m_c="0.000000" m_d="1.008059" m_tx="-2.000515" m_ty="-198.936890"/>
   <element name="Symbol 1" layername="Symbol" frame="6" z_index="17" m_a="0.974891" m_b="0.081521" m_c="-0.081521" m_d="0.974891" m_tx="-157.418686" m_ty="-294.733826"/>
  </frame>
  <frame idx="600" w="931" h="1044" x="-307.681946" y="-411.633911">
   <element name="Symbol 1" layername="Symbol" frame="6" z_index="16" m_a="-0.556649" m_b="-0.642998" m_c="0.620228" m_d="-0.536937" m_tx="-7.232738" m_ty="-68.613167"/>
   <element name="circle trim" layername="circle trim" frame="0" z_index="18" m_a="0.971497" m_b="0.000000" m_c="0.000000" m_d="0.971497" m_tx="-3.449000" m_ty="-198.098999"/>
   <element name="circle alpha" layername="circle alpha" frame="0" z_index="19" m_a="1.006930" m_b="0.000000" m_c="0.000000" m_d="1.006930" m_tx="-1.849000" m_ty="-198.899002"/>
   <element name="Symbol 1" layername="Symbol" frame="6" z_index="17" m_a="0.978058" m_b="0.081786" m_c="-0.081786" m_d="0.978058" m_tx="-157.949005" m_ty="-294.998993"/>
  </frame>
  <frame idx="625" w="934" h="1047" x="-308.363953" y="-412.512329">
   <element name="Symbol 1" layername="Symbol" frame="6" z_index="16" m_a="-0.558221" m_b="-0.644814" m_c="0.621990" m_d="-0.538462" m_tx="-7.275621" m_ty="-68.240311"/>
   <element name="circle trim" layername="circle trim" frame="0" z_index="18" m_a="0.975827" m_b="0.000000" m_c="0.000000" m_d="0.975827" m_tx="-3.449000" m_ty="-198.025467"/>
   <element name="circle alpha" layername="circle alpha" frame="0" z_index="19" m_a="1.005930" m_b="0.000000" m_c="0.000000" m_d="1.005930" m_tx="-1.738706" m_ty="-198.899002"/>
   <element name="Symbol 1" layername="Symbol" frame="6" z_index="17" m_a="0.980841" m_b="0.082019" m_c="-0.082019" m_d="0.980841" m_tx="-158.426941" m_ty="-295.293091"/>
  </frame>
  <frame idx="650" w="809" h="899" x="-191.728271" y="-273.898438">
   <element name="Symbol 1" layername="Symbol" frame="6" z_index="16" m_a="-0.902185" m_b="0.176363" m_c="-0.173377" m_d="-0.886909" m_tx="25.744238" m_ty="-167.572266"/>
   <element name="circle trim" layername="circle trim" frame="0" z_index="18" m_a="0.979909" m_b="0.000000" m_c="0.000000" m_d="0.979909" m_tx="-3.449000" m_ty="-197.950516"/>
   <element name="circle alpha" layername="circle alpha" frame="0" z_index="19" m_a="1.004969" m_b="0.000000" m_c="0.000000" m_d="1.004969" m_tx="-1.626273" m_ty="-198.899002"/>
   <element name="Symbol 1" layername="Symbol" frame="6" z_index="17" m_a="0.447491" m_b="-0.807163" m_c="0.794295" m_d="0.440358" m_tx="-71.447968" m_ty="-154.138382"/>
  </frame>
  <frame idx="675" w="940" h="1055" x="-310.025391" y="-415.294983">
   <element name="Symbol 1" layername="Symbol" frame="0" z_index="15" m_a="-0.256120" m_b="0.955854" m_c="-0.955854" m_d="-0.256120" m_tx="108.493134" m_ty="-332.458984"/>
   <element name="circle trim" layername="circle trim" frame="0" z_index="18" m_a="0.983678" m_b="0.000000" m_c="0.000000" m_d="0.983678" m_tx="-3.461121" m_ty="-197.874756"/>
   <element name="circle alpha" layername="circle alpha" frame="0" z_index="19" m_a="1.004056" m_b="0.000000" m_c="0.000000" m_d="1.004056" m_tx="-1.512636" m_ty="-198.899002"/>
   <element name="Symbol 1" layername="Symbol" frame="6" z_index="16" m_a="-0.561085" m_b="-0.648123" m_c="0.625167" m_d="-0.541212" m_tx="21.162121" m_ty="-3.915667"/>
   <element name="Symbol 1" layername="Symbol" frame="6" z_index="17" m_a="0.985860" m_b="0.082439" m_c="-0.082439" m_d="0.985860" m_tx="-159.220215" m_ty="-295.771729"/>
  </frame>
  <frame idx="700" w="944" h="1056" x="-311.062744" y="-413.935822">
   <element name="Symbol 1" layername="Symbol" frame="1" z_index="15" m_a="-0.256681" m_b="0.957947" m_c="-0.957947" m_d="-0.256681" m_tx="100.873192" m_ty="-333.254150"/>
   <element name="circle trim" layername="circle trim" frame="0" z_index="18" m_a="0.987076" m_b="0.000000" m_c="0.000000" m_d="0.987076" m_tx="-3.499000" m_ty="-197.798996"/>
   <element name="circle alpha" layername="circle alpha" frame="0" z_index="19" m_a="1.003200" m_b="0.000000" m_c="0.000000" m_d="1.003200" m_tx="-1.399000" m_ty="-198.899002"/>
   <element name="Symbol 1" layername="Symbol" frame="6" z_index="16" m_a="-0.562313" m_b="-0.649542" m_c="0.626542" m_d="-0.542402" m_tx="21.200001" m_ty="-3.499000"/>
   <element name="Symbol 1" layername="Symbol" frame="6" z_index="17" m_a="0.988023" m_b="0.082619" m_c="-0.082619" m_d="0.988023" m_tx="-159.598999" m_ty="-295.998993"/>
  </frame>
  <frame idx="725" w="946" h="1058" x="-311.451721" y="-414.674042">
   <element name="Symbol 1" layername="Symbol" frame="1" z_index="15" m_a="-0.257150" m_b="0.959698" m_c="-0.959698" m_d="-0.257150" m_tx="94.832321" m_ty="-332.230865"/>
   <element name="circle trim" layername="circle trim" frame="0" z_index="18" m_a="0.989892" m_b="0.000000" m_c="0.000000" m_d="0.989892" m_tx="-3.499000" m_ty="-197.762222"/>
   <element name="circle alpha" layername="circle alpha" frame="0" z_index="19" m_a="1.002509" m_b="0.000000" m_c="0.000000" m_d="1.002509" m_tx="-1.288706" m_ty="-198.899002"/>
   <element name="Symbol 1" layername="Symbol" frame="6" z_index="16" m_a="-0.563339" m_b="-0.650726" m_c="0.627685" m_d="-0.543392" m_tx="21.236765" m_ty="-3.131353"/>
   <element name="Symbol 1" layername="Symbol" frame="6" z_index="17" m_a="0.989817" m_b="0.082769" m_c="-0.082769" m_d="0.989817" m_tx="-159.856354" m_ty="-296.182831"/>
  </frame>
  <frame idx="750" w="949" h="1060" x="-312.332520" y="-414.886139">
   <element name="Symbol 1" layername="Symbol" frame="2" z_index="15" m_a="-0.257569" m_b="0.961261" m_c="-0.961261" m_d="-0.257569" m_tx="76.287071" m_ty="-330.972260"/>
   <element name="circle trim" layername="circle trim" frame="0" z_index="18" m_a="0.992437" m_b="0.000000" m_c="0.000000" m_d="0.992437" m_tx="-3.499000" m_ty="-197.724762"/>
   <element name="circle alpha" layername="circle alpha" frame="0" z_index="19" m_a="1.001872" m_b="0.000000" m_c="0.000000" m_d="1.001872" m_tx="-1.200515" m_ty="-198.899002"/>
   <element name="Symbol 1" layername="Symbol" frame="6" z_index="16" m_a="-0.564257" m_b="-0.651787" m_c="0.628711" m_d="-0.544280" m_tx="21.274242" m_ty="-2.805061"/>
   <element name="Symbol 1" layername="Symbol" frame="6" z_index="17" m_a="0.991432" m_b="0.082904" m_c="-0.082904" m_d="0.991432" m_tx="-160.118698" m_ty="-296.345978"/>
  </frame>
  <frame idx="775" w="950" h="1062" x="-312.676239" y="-415.068329">
   <element name="Symbol 1" layername="Symbol" frame="3" z_index="15" m_a="-0.257932" m_b="0.962615" m_c="-0.962615" m_d="-0.257932" m_tx="50.550182" m_ty="-329.211548"/>
   <element name="circle trim" layername="circle trim" frame="0" z_index="18" m_a="0.994648" m_b="0.000000" m_c="0.000000" m_d="0.994648" m_tx="-3.499000" m_ty="-197.686890"/>
   <element name="circle alpha" layername="circle alpha" frame="0" z_index="19" m_a="1.001310" m_b="0.000000" m_c="0.000000" m_d="1.001310" m_tx="-1.124758" m_ty="-198.899002"/>
   <element name="Symbol 1" layername="Symbol" frame="6" z_index="16" m_a="-0.565052" m_b="-0.652705" m_c="0.629598" m_d="-0.545048" m_tx="21.312120" m_ty="-2.526273"/>
   <element name="Symbol 1" layername="Symbol" frame="6" z_index="17" m_a="0.992836" m_b="0.083026" m_c="-0.083026" m_d="0.992836" m_tx="-160.359604" m_ty="-296.485382"/>
  </frame>
  <frame idx="800" w="951" h="1064" x="-312.950867" y="-415.718323">
   <element name="Symbol 1" layername="Symbol" frame="4" z_index="15" m_a="-0.258235" m_b="0.963747" m_c="-0.963747" m_d="-0.258235" m_tx="37.340984" m_ty="-325.088959"/>
   <element name="circle trim" layername="circle trim" frame="0" z_index="18" m_a="0.996475" m_b="0.000000" m_c="0.000000" m_d="0.996475" m_tx="-3.499000" m_ty="-197.649002"/>
   <element name="circle alpha" layername="circle alpha" frame="0" z_index="19" m_a="1.000840" m_b="0.000000" m_c="0.000000" m_d="1.000840" m_tx="-1.049000" m_ty="-198.899002"/>
   <element name="Symbol 1" layername="Symbol" frame="6" z_index="16" m_a="-0.565712" m_b="-0.653467" m_c="0.630329" m_d="-0.545681" m_tx="21.350000" m_ty="-2.299000"/>
   <element name="Symbol 1" layername="Symbol" frame="6" z_index="17" m_a="0.994002" m_b="0.083137" m_c="-0.083137" m_d="0.994002" m_tx="-160.548996" m_ty="-296.598999"/>
  </frame>
  <frame idx="825" w="952" h="1065" x="-313.121277" y="-415.853424">
   <element name="Symbol 1" layername="Symbol" frame="4" z_index="15" m_a="-0.258451" m_b="0.964554" m_c="-0.964554" m_d="-0.258451" m_tx="17.801350" m_ty="-326.182465"/>
   <element name="circle trim" layername="circle trim" frame="0" z_index="18" m_a="0.997776" m_b="0.000000" m_c="0.000000" m_d="0.997776" m_tx="-3.499000" m_ty="-197.649002"/>
   <element name="circle alpha" layername="circle alpha" frame="0" z_index="19" m_a="1.000516" m_b="0.000000" m_c="0.000000" m_d="1.000516" m_tx="-1.012235" m_ty="-198.935776"/>
   <element name="Symbol 1" layername="Symbol" frame="6" z_index="16" m_a="-0.566185" m_b="-0.654014" m_c="0.630858" m_d="-0.546139" m_tx="21.350000" m_ty="-2.151941"/>
   <element name="Symbol 1" layername="Symbol" frame="6" z_index="17" m_a="0.994822" m_b="0.083205" m_c="-0.083205" m_d="0.994822" m_tx="-160.659302" m_ty="-296.709290"/>
  </frame>
  <frame idx="850" w="953" h="1065" x="-313.254639" y="-415.911102">
   <element name="Symbol 1" layername="Symbol" frame="5" z_index="15" m_a="-0.258610" m_b="0.965148" m_c="-0.965148" m_d="-0.258610" m_tx="-91.293167" m_ty="-74.700890"/>
   <element name="circle trim" layername="circle trim" frame="0" z_index="18" m_a="0.998756" m_b="0.000000" m_c="0.000000" m_d="0.998756" m_tx="-3.499000" m_ty="-197.624756"/>
   <element name="circle alpha" layername="circle alpha" frame="0" z_index="19" m_a="1.000264" m_b="0.000000" m_c="0.000000" m_d="1.000264" m_tx="-0.974758" m_ty="-198.924759"/>
   <element name="Symbol 1" layername="Symbol" frame="6" z_index="16" m_a="-0.566534" m_b="-0.654418" m_c="0.631247" m_d="-0.546475" m_tx="21.374243" m_ty="-2.026273"/>
   <element name="Symbol 1" layername="Symbol" frame="6" z_index="17" m_a="0.995435" m_b="0.083248" m_c="-0.083248" m_d="0.995435" m_tx="-160.747482" m_ty="-296.748993"/>
  </frame>
  <frame idx="875" w="953" h="1071" x="-313.347015" y="-420.854645">
   <element name="Symbol 1" layername="Symbol" frame="6" z_index="15" m_a="-0.258711" m_b="0.965522" m_c="-0.965522" m_d="-0.258711" m_tx="67.401230" m_ty="-264.812347"/>
   <element name="circle trim" layername="circle trim" frame="0" z_index="18" m_a="0.999379" m_b="0.000000" m_c="0.000000" m_d="0.999379" m_tx="-3.499000" m_ty="-197.598999"/>
   <element name="circle alpha" layername="circle alpha" frame="0" z_index="19" m_a="1.000096" m_b="0.000000" m_c="0.000000" m_d="1.000096" m_tx="-0.949000" m_ty="-198.899002"/>
   <element name="Symbol 1" layername="Symbol" frame="6" z_index="16" m_a="-0.566753" m_b="-0.654671" m_c="0.631491" m_d="-0.546687" m_tx="21.400000" m_ty="-1.936879"/>
   <element name="Symbol 1" layername="Symbol" frame="6" z_index="17" m_a="0.995825" m_b="0.083276" m_c="-0.083276" m_d="0.995825" m_tx="-160.811111" m_ty="-296.748993"/>
  </frame>
  <frame idx="900" w="955" h="1071" x="-313.896423" y="-420.854248">
   <element name="Symbol 1" layername="Symbol" frame="6" z_index="15" m_a="-0.258754" m_b="0.965684" m_c="-0.965684" m_d="-0.258754" m_tx="67.393890" m_ty="-264.800751"/>
   <element name="circle trim" layername="circle trim" frame="0" z_index="18" m_a="0.999634" m_b="0.000000" m_c="0.000000" m_d="0.999634" m_tx="-3.499000" m_ty="-197.598999"/>
   <element name="circle alpha" layername="circle alpha" frame="0" z_index="19" m_a="1.000020" m_b="0.000000" m_c="0.000000" m_d="1.000020" m_tx="-0.949000" m_ty="-198.899002"/>
   <element name="Symbol 1" layername="Symbol" frame="6" z_index="16" m_a="-0.566845" m_b="-0.654776" m_c="0.631596" m_d="-0.546778" m_tx="21.400000" m_ty="-1.899000"/>
   <element name="Symbol 1" layername="Symbol" frame="6" z_index="17" m_a="0.995986" m_b="0.083302" m_c="-0.083302" m_d="0.995986" m_tx="-160.848999" m_ty="-296.748993"/>
  </frame>
 </anim>
 <anim name="open" root="coolfield" numframes="150" framerate="40">
  <frame idx="0" w="674" h="0" x="-56.500000" y="0.000000"/>
  <frame idx="25" w="674" h="0" x="-56.500000" y="0.000000"/>
  <frame idx="50" w="146" h="469" x="-21.190197" y="-317.739014">
   <element name="Symbol 1" layername="Symbol" frame="0" z_index="17" m_a="0.124759" m_b="0.167817" m_c="-0.167817" m_d="0.124759" m_tx="-5.331456" m_ty="-279.302734"/>
   <element name="circle trim" layername="circle trim" frame="0" z_index="18" m_a="0.209053" m_b="0.000000" m_c="0.000000" m_d="0.209053" m_tx="-6.474757" m_ty="-256.212646"/>
   <element name="circle alpha" layername="circle alpha" frame="0" z_index="19" m_a="0.209334" m_b="0.000000" m_c="0.000000" m_d="0.209334" m_tx="-5.953546" m_ty="-256.485352"/>
  </frame>
  <frame idx="75" w="354" h="614" x="-120.277107" y="-358.397278">
   <element name="Symbol 1" layername="Symbol" frame="5" z_index="15" m_a="-0.095949" m_b="0.358106" m_c="-0.358106" m_d="-0.095949" m_tx="-16.145548" m_ty="-259.759979"/>
   <element name="circle trim" layername="circle trim" frame="0" z_index="18" m_a="0.370570" m_b="0.000000" m_c="0.000000" m_d="0.370570" m_tx="-5.320212" m_ty="-258.947479"/>
   <element name="circle alpha" layername="circle alpha" frame="0" z_index="19" m_a="0.371143" m_b="0.000000" m_c="0.000000" m_d="0.371143" m_tx="-4.415667" m_ty="-259.418701"/>
   <element name="Symbol 1" layername="Symbol" frame="6" z_index="16" m_a="-0.210204" m_b="-0.242812" m_c="0.234218" m_d="-0.202764" m_tx="3.915152" m_ty="-186.371719"/>
   <element name="Symbol 1" layername="Symbol" frame="6" z_index="17" m_a="0.369345" m_b="0.030880" m_c="-0.030880" m_d="0.369345" m_tx="-63.688393" m_ty="-295.706573"/>
  </frame>
  <frame idx="100" w="646" h="837" x="-214.450394" y="-389.627869">
   <element name="Symbol 1" layername="Symbol" frame="6" z_index="15" m_a="-0.175167" m_b="0.653733" m_c="-0.653733" m_d="-0.175167" m_tx="43.546413" m_ty="-274.573578"/>
   <element name="circle trim" layername="circle trim" frame="0" z_index="18" m_a="0.676636" m_b="0.000000" m_c="0.000000" m_d="0.676636" m_tx="-4.449000" m_ty="-229.098999"/>
   <element name="circle alpha" layername="circle alpha" frame="0" z_index="19" m_a="0.677185" m_b="0.000000" m_c="0.000000" m_d="0.677185" m_tx="-2.749000" m_ty="-229.949005"/>
   <element name="Symbol 1" layername="Symbol" frame="6" z_index="16" m_a="-0.383735" m_b="-0.443262" m_c="0.427566" m_d="-0.370147" m_tx="12.400000" m_ty="-96.598999"/>
   <element name="Symbol 1" layername="Symbol" frame="6" z_index="17" m_a="0.674256" m_b="0.056382" m_c="-0.056382" m_d="0.674256" m_tx="-110.999001" m_ty="-296.199005"/>
  </frame>
  <frame idx="125" w="817" h="967" x="-269.474091" y="-407.112671">
   <element name="Symbol 1" layername="Symbol" frame="6" z_index="15" m_a="-0.221310" m_b="0.825898" m_c="-0.825898" m_d="-0.221310" m_tx="56.718269" m_ty="-269.193329"/>
   <element name="circle trim" layername="circle trim" frame="0" z_index="18" m_a="0.854928" m_b="0.000000" m_c="0.000000" m_d="0.854928" m_tx="-3.934294" m_ty="-211.709305"/>
   <element name="circle alpha" layername="circle alpha" frame="0" z_index="19" m_a="0.855331" m_b="0.000000" m_c="0.000000" m_d="0.855331" m_tx="-1.756353" m_ty="-212.816650"/>
   <element name="Symbol 1" layername="Symbol" frame="6" z_index="16" m_a="-0.484800" m_b="-0.560004" m_c="0.540178" m_d="-0.467636" m_tx="17.363235" m_ty="-44.319588"/>
   <element name="Symbol 1" layername="Symbol" frame="6" z_index="17" m_a="0.851830" m_b="0.071231" m_c="-0.071231" m_d="0.851830" m_tx="-138.499008" m_ty="-296.529877"/>
  </frame>
 </anim>
</Anims>
