<Anims>
 <anim name="idle" root="tp_alloy" numframes="125" framerate="40">
  <frame idx="0" w="236" h="135" x="-11.474983" y="-14.474998">
   <element name="alloy01" layername="allo" frame="0" z_index="6" m_a="1.000000" m_b="0.000000" m_c="0.000000" m_d="1.000000" m_tx="0.000000" m_ty="0.000000"/>
  </frame>
  <frame idx="25" w="236" h="135" x="-11.474983" y="-14.474998">
   <element name="alloy01" layername="allo" frame="0" z_index="6" m_a="1.000000" m_b="0.000000" m_c="0.000000" m_d="1.000000" m_tx="0.000000" m_ty="0.000000"/>
  </frame>
  <frame idx="50" w="236" h="135" x="-11.474983" y="-14.474998">
   <element name="alloy01" layername="allo" frame="0" z_index="6" m_a="1.000000" m_b="0.000000" m_c="0.000000" m_d="1.000000" m_tx="0.000000" m_ty="0.000000"/>
  </frame>
  <frame idx="75" w="236" h="135" x="-11.474983" y="-14.474998">
   <element name="alloy01" layername="allo" frame="0" z_index="6" m_a="1.000000" m_b="0.000000" m_c="0.000000" m_d="1.000000" m_tx="0.000000" m_ty="0.000000"/>
  </frame>
  <frame idx="100" w="236" h="135" x="-11.474983" y="-14.474998">
   <element name="alloy01" layername="allo" frame="0" z_index="6" m_a="1.000000" m_b="0.000000" m_c="0.000000" m_d="1.000000" m_tx="0.000000" m_ty="0.000000"/>
  </frame>
 </anim>
 <anim name="idle_water" root="tp_alloy" numframes="1200" framerate="40">
  <frame idx="0" w="226" h="135" x="-10.000061" y="-13.974998">
   <element name="alloy01" layername="allo" frame="1" z_index="6" m_a="1.000000" m_b="0.000000" m_c="0.000000" m_d="1.000000" m_tx="0.000000" m_ty="0.000000"/>
  </frame>
  <frame idx="25" w="227" h="134" x="-9.992385" y="-13.669385">
   <element name="alloy01" layername="allo" frame="1" z_index="6" m_a="1.000853" m_b="0.000000" m_c="0.000000" m_d="0.995355" m_tx="0.000000" m_ty="0.294118"/>
  </frame>
  <frame idx="50" w="227" h="132" x="-9.984559" y="-12.857862">
   <element name="alloy01" layername="allo" frame="1" z_index="6" m_a="1.001722" m_b="0.000000" m_c="0.000000" m_d="0.990627" m_tx="0.000000" m_ty="0.593939"/>
  </frame>
  <frame idx="75" w="227" h="132" x="-9.976628" y="-12.555128">
   <element name="alloy01" layername="allo" frame="1" z_index="6" m_a="1.002604" m_b="0.000000" m_c="0.000000" m_d="0.985850" m_tx="0.000000" m_ty="0.884848"/>
  </frame>
  <frame idx="100" w="227" h="131" x="-9.968652" y="-12.278131">
   <element name="alloy01" layername="allo" frame="1" z_index="6" m_a="1.003490" m_b="0.000000" m_c="0.000000" m_d="0.981064" m_tx="0.000000" m_ty="1.150000"/>
  </frame>
  <frame idx="125" w="227" h="130" x="-9.960975" y="-11.972518">
   <element name="alloy01" layername="allo" frame="1" z_index="6" m_a="1.004343" m_b="0.000000" m_c="0.000000" m_d="0.976419" m_tx="0.000000" m_ty="1.444118"/>
  </frame>
  <frame idx="150" w="227" h="129" x="-9.953150" y="-11.660977">
   <element name="alloy01" layername="allo" frame="1" z_index="6" m_a="1.005212" m_b="0.000000" m_c="0.000000" m_d="0.971684" m_tx="0.000000" m_ty="1.743939"/>
  </frame>
  <frame idx="175" w="229" h="129" x="-10.445240" y="-11.346112">
   <element name="alloy01" layername="allo" frame="1" z_index="6" m_a="1.006091" m_b="0.000000" m_c="0.000000" m_d="0.966902" m_tx="0.000000" m_ty="2.046970"/>
  </frame>
  <frame idx="200" w="229" h="128" x="-10.437331" y="-11.031265">
   <element name="alloy01" layername="allo" frame="1" z_index="6" m_a="1.006970" m_b="0.000000" m_c="0.000000" m_d="0.962128" m_tx="0.000000" m_ty="2.350000"/>
  </frame>
  <frame idx="225" w="229" h="127" x="-10.429523" y="-10.762417">
   <element name="alloy01" layername="allo" frame="1" z_index="6" m_a="1.007838" m_b="0.000000" m_c="0.000000" m_d="0.957483" m_tx="0.000000" m_ty="2.607353"/>
  </frame>
  <frame idx="250" w="229" h="125" x="-10.421650" y="-9.964109">
   <element name="alloy01" layername="allo" frame="1" z_index="6" m_a="1.008712" m_b="0.000000" m_c="0.000000" m_d="0.952748" m_tx="0.000000" m_ty="2.893939"/>
  </frame>
  <frame idx="275" w="229" h="125" x="-10.413740" y="-9.649243">
   <element name="alloy01" layername="allo" frame="1" z_index="6" m_a="1.009591" m_b="0.000000" m_c="0.000000" m_d="0.947966" m_tx="0.000000" m_ty="3.196970"/>
  </frame>
  <frame idx="300" w="229" h="124" x="-10.405831" y="-9.334398">
   <element name="alloy01" layername="allo" frame="1" z_index="6" m_a="1.010470" m_b="0.000000" m_c="0.000000" m_d="0.943192" m_tx="0.000000" m_ty="3.500000"/>
  </frame>
  <frame idx="325" w="230" h="123" x="-10.398155" y="-9.028784">
   <element name="alloy01" layername="allo" frame="1" z_index="6" m_a="1.011323" m_b="0.000000" m_c="0.000000" m_d="0.938546" m_tx="0.000000" m_ty="3.794118"/>
  </frame>
  <frame idx="350" w="230" h="122" x="-10.390329" y="-8.717242">
   <element name="alloy01" layername="allo" frame="1" z_index="6" m_a="1.012192" m_b="0.000000" m_c="0.000000" m_d="0.933811" m_tx="0.000000" m_ty="4.093939"/>
  </frame>
  <frame idx="375" w="230" h="121" x="-10.382400" y="-8.414488">
   <element name="alloy01" layername="allo" frame="1" z_index="6" m_a="1.013074" m_b="0.000000" m_c="0.000000" m_d="0.929026" m_tx="0.000000" m_ty="4.384849"/>
  </frame>
  <frame idx="400" w="230" h="121" x="-10.374422" y="-8.137492">
   <element name="alloy01" layername="allo" frame="1" z_index="6" m_a="1.013960" m_b="0.000000" m_c="0.000000" m_d="0.924240" m_tx="0.000000" m_ty="4.650000"/>
  </frame>
  <frame idx="425" w="230" h="119" x="-10.366745" y="-7.331906">
   <element name="alloy01" layername="allo" frame="1" z_index="6" m_a="1.014813" m_b="0.000000" m_c="0.000000" m_d="0.919606" m_tx="0.000000" m_ty="4.944118"/>
  </frame>
  <frame idx="450" w="230" h="118" x="-10.358920" y="-7.020375">
   <element name="alloy01" layername="allo" frame="1" z_index="6" m_a="1.015682" m_b="0.000000" m_c="0.000000" m_d="0.914875" m_tx="0.000000" m_ty="5.243939"/>
  </frame>
  <frame idx="475" w="231" h="117" x="-10.351010" y="-6.705501">
   <element name="alloy01" layername="allo" frame="1" z_index="6" m_a="1.016561" m_b="0.000000" m_c="0.000000" m_d="0.910090" m_tx="0.000000" m_ty="5.546969"/>
  </frame>
  <frame idx="500" w="231" h="117" x="-10.343102" y="-6.390626">
   <element name="alloy01" layername="allo" frame="1" z_index="6" m_a="1.017440" m_b="0.000000" m_c="0.000000" m_d="0.905304" m_tx="0.000000" m_ty="5.850000"/>
  </frame>
  <frame idx="525" w="231" h="116" x="-10.335293" y="-6.121778">
   <element name="alloy01" layername="allo" frame="1" z_index="6" m_a="1.018308" m_b="0.000000" m_c="0.000000" m_d="0.900659" m_tx="0.000000" m_ty="6.107353"/>
  </frame>
  <frame idx="550" w="231" h="115" x="-10.327420" y="-5.823490">
   <element name="alloy01" layername="allo" frame="1" z_index="6" m_a="1.019182" m_b="0.000000" m_c="0.000000" m_d="0.895931" m_tx="0.000000" m_ty="6.393939"/>
  </frame>
  <frame idx="575" w="231" h="113" x="-10.319511" y="-5.008634">
   <element name="alloy01" layername="allo" frame="1" z_index="6" m_a="1.020061" m_b="0.000000" m_c="0.000000" m_d="0.891154" m_tx="0.000000" m_ty="6.696970"/>
  </frame>
  <frame idx="600" w="231" h="113" x="-10.311603" y="-4.693759">
   <element name="alloy01" layername="allo" frame="1" z_index="6" m_a="1.020940" m_b="0.000000" m_c="0.000000" m_d="0.886368" m_tx="0.000000" m_ty="7.000000"/>
  </frame>
  <frame idx="625" w="231" h="113" x="-10.319941" y="-4.999985">
   <element name="alloy01" layername="allo" frame="1" z_index="6" m_a="1.020014" m_b="0.000000" m_c="0.000000" m_d="0.891260" m_tx="0.000000" m_ty="6.705882"/>
  </frame>
  <frame idx="650" w="231" h="115" x="-10.328265" y="-5.812184">
   <element name="alloy01" layername="allo" frame="1" z_index="6" m_a="1.019089" m_b="0.000000" m_c="0.000000" m_d="0.896261" m_tx="0.000000" m_ty="6.406061"/>
  </frame>
  <frame idx="675" w="231" h="116" x="-10.336605" y="-6.139867">
   <element name="alloy01" layername="allo" frame="1" z_index="6" m_a="1.018162" m_b="0.000000" m_c="0.000000" m_d="0.901324" m_tx="0.000000" m_ty="6.090909"/>
  </frame>
  <frame idx="700" w="231" h="117" x="-10.344992" y="-6.493306">
   <element name="alloy01" layername="allo" frame="1" z_index="6" m_a="1.017230" m_b="0.000000" m_c="0.000000" m_d="0.906387" m_tx="0.000000" m_ty="5.750000"/>
  </frame>
  <frame idx="725" w="231" h="118" x="-10.353198" y="-6.799588">
   <element name="alloy01" layername="allo" frame="1" z_index="6" m_a="1.016318" m_b="0.000000" m_c="0.000000" m_d="0.911302" m_tx="0.000000" m_ty="5.455882"/>
  </frame>
  <frame idx="750" w="230" h="118" x="-10.361520" y="-7.111826">
   <element name="alloy01" layername="allo" frame="1" z_index="6" m_a="1.015394" m_b="0.000000" m_c="0.000000" m_d="0.916318" m_tx="0.000000" m_ty="5.156061"/>
  </frame>
  <frame idx="775" w="230" h="119" x="-10.369905" y="-7.427407">
   <element name="alloy01" layername="allo" frame="1" z_index="6" m_a="1.014462" m_b="0.000000" m_c="0.000000" m_d="0.921389" m_tx="0.000000" m_ty="4.853030"/>
  </frame>
  <frame idx="800" w="230" h="121" x="-10.378292" y="-8.242970">
   <element name="alloy01" layername="allo" frame="1" z_index="6" m_a="1.013530" m_b="0.000000" m_c="0.000000" m_d="0.926453" m_tx="0.000000" m_ty="4.550000"/>
  </frame>
  <frame idx="825" w="230" h="122" x="-10.386432" y="-8.586014">
   <element name="alloy01" layername="allo" frame="1" z_index="6" m_a="1.012626" m_b="0.000000" m_c="0.000000" m_d="0.931367" m_tx="0.000000" m_ty="4.219118"/>
  </frame>
  <frame idx="850" w="230" h="123" x="-10.394773" y="-8.911451">
   <element name="alloy01" layername="allo" frame="1" z_index="6" m_a="1.011699" m_b="0.000000" m_c="0.000000" m_d="0.936369" m_tx="0.000000" m_ty="3.906060"/>
  </frame>
  <frame idx="875" w="230" h="123" x="-10.403184" y="-9.227002">
   <element name="alloy01" layername="allo" frame="1" z_index="6" m_a="1.010764" m_b="0.000000" m_c="0.000000" m_d="0.941428" m_tx="0.000000" m_ty="3.603030"/>
  </frame>
  <frame idx="900" w="229" h="124" x="-10.411502" y="-9.542593">
   <element name="alloy01" layername="allo" frame="1" z_index="6" m_a="1.009840" m_b="0.000000" m_c="0.000000" m_d="0.946503" m_tx="0.000000" m_ty="3.300000"/>
  </frame>
  <frame idx="925" w="229" h="125" x="-10.419641" y="-9.848873">
   <element name="alloy01" layername="allo" frame="1" z_index="6" m_a="1.008936" m_b="0.000000" m_c="0.000000" m_d="0.951417" m_tx="0.000000" m_ty="3.005883"/>
  </frame>
  <frame idx="950" w="229" h="127" x="-10.427982" y="-10.685354">
   <element name="alloy01" layername="allo" frame="1" z_index="6" m_a="1.008009" m_b="0.000000" m_c="0.000000" m_d="0.956434" m_tx="0.000000" m_ty="2.681818"/>
  </frame>
  <frame idx="975" w="229" h="128" x="-10.436394" y="-11.026693">
   <element name="alloy01" layername="allo" frame="1" z_index="6" m_a="1.007074" m_b="0.000000" m_c="0.000000" m_d="0.961505" m_tx="0.000000" m_ty="2.353030"/>
  </frame>
  <frame idx="1000" w="229" h="129" x="-10.444712" y="-11.342255">
   <element name="alloy01" layername="allo" frame="1" z_index="6" m_a="1.006150" m_b="0.000000" m_c="0.000000" m_d="0.966568" m_tx="0.000000" m_ty="2.050000"/>
  </frame>
  <frame idx="1025" w="227" h="129" x="-9.952918" y="-11.648534">
   <element name="alloy01" layername="allo" frame="1" z_index="6" m_a="1.005238" m_b="0.000000" m_c="0.000000" m_d="0.971482" m_tx="0.000000" m_ty="1.755882"/>
  </frame>
  <frame idx="1050" w="227" h="130" x="-9.961239" y="-11.960735">
   <element name="alloy01" layername="allo" frame="1" z_index="6" m_a="1.004314" m_b="0.000000" m_c="0.000000" m_d="0.976484" m_tx="0.000000" m_ty="1.456061"/>
  </frame>
  <frame idx="1075" w="227" h="131" x="-9.969647" y="-12.288400">
   <element name="alloy01" layername="allo" frame="1" z_index="6" m_a="1.003379" m_b="0.000000" m_c="0.000000" m_d="0.981539" m_tx="0.000000" m_ty="1.140909"/>
  </frame>
  <frame idx="1100" w="227" h="132" x="-9.978102" y="-12.641841">
   <element name="alloy01" layername="allo" frame="1" z_index="6" m_a="1.002440" m_b="0.000000" m_c="0.000000" m_d="0.986603" m_tx="0.000000" m_ty="0.800000"/>
  </frame>
  <frame idx="1125" w="227" h="134" x="-9.986175" y="-13.448121">
   <element name="alloy01" layername="allo" frame="1" z_index="6" m_a="1.001543" m_b="0.000000" m_c="0.000000" m_d="0.991517" m_tx="0.000000" m_ty="0.505882"/>
  </frame>
  <frame idx="1150" w="227" h="134" x="-9.994405" y="-13.760378">
   <element name="alloy01" layername="allo" frame="1" z_index="6" m_a="1.000628" m_b="0.000000" m_c="0.000000" m_d="0.996541" m_tx="0.000000" m_ty="0.206061"/>
  </frame>
  <frame idx="1175" w="226" h="135" x="-10.000061" y="-13.974998">
   <element name="alloy01" layername="allo" frame="1" z_index="6" m_a="1.000000" m_b="0.000000" m_c="0.000000" m_d="1.000000" m_tx="0.000000" m_ty="0.000000"/>
  </frame>
 </anim>
 <anim name="sparkle" root="tp_alloy" numframes="625" framerate="40">
  <frame idx="0" w="236" h="135" x="-11.474983" y="-14.474998">
   <element name="alloy01" layername="allo" frame="0" z_index="6" m_a="1.000000" m_b="0.000000" m_c="0.000000" m_d="1.000000" m_tx="0.000000" m_ty="0.000000"/>
  </frame>
  <frame idx="25" w="236" h="135" x="-11.474983" y="-14.474998">
   <element name="alloy01" layername="allo" frame="0" z_index="6" m_a="1.000000" m_b="0.000000" m_c="0.000000" m_d="1.000000" m_tx="0.000000" m_ty="0.000000"/>
  </frame>
  <frame idx="50" w="236" h="155" x="-11.474983" y="-32.986305">
   <element name="alloy01" layername="allo" frame="0" z_index="6" m_a="1.000000" m_b="0.000000" m_c="0.000000" m_d="1.000000" m_tx="0.000000" m_ty="0.000000"/>
   <element name="sparkle" layername="sparkle" frame="0" z_index="5" m_a="0.086402" m_b="0.004224" m_c="-0.003073" m_d="0.062846" m_tx="46.677273" m_ty="-19.987879"/>
  </frame>
  <frame idx="75" w="236" h="158" x="-11.474983" y="-35.317886">
   <element name="alloy01" layername="allo" frame="0" z_index="6" m_a="1.000000" m_b="0.000000" m_c="0.000000" m_d="1.000000" m_tx="0.000000" m_ty="0.000000"/>
   <element name="sparkle" layername="sparkle" frame="0" z_index="5" m_a="0.094218" m_b="0.016522" m_c="-0.012700" m_d="0.072423" m_tx="41.539394" m_ty="-21.819696"/>
  </frame>
  <frame idx="100" w="236" h="160" x="-11.474983" y="-37.097862">
   <element name="alloy01" layername="allo" frame="0" z_index="6" m_a="1.000000" m_b="0.000000" m_c="0.000000" m_d="1.000000" m_tx="0.000000" m_ty="0.000000"/>
   <element name="sparkle" layername="sparkle" frame="0" z_index="5" m_a="0.102714" m_b="0.043574" m_c="-0.036245" m_d="0.085439" m_tx="36.349998" m_ty="-23.600000"/>
  </frame>
  <frame idx="125" w="236" h="161" x="-11.474983" y="-38.899101">
   <element name="alloy01" layername="allo" frame="0" z_index="6" m_a="1.000000" m_b="0.000000" m_c="0.000000" m_d="1.000000" m_tx="0.000000" m_ty="0.000000"/>
   <element name="sparkle" layername="sparkle" frame="0" z_index="5" m_a="0.095129" m_b="0.089403" m_c="-0.089085" m_d="0.094791" m_tx="31.386765" m_ty="-25.401470"/>
  </frame>
  <frame idx="150" w="238" h="164" x="-13.124761" y="-41.187859">
   <element name="alloy01" layername="allo" frame="0" z_index="6" m_a="1.000000" m_b="0.000000" m_c="0.000000" m_d="1.000000" m_tx="0.000000" m_ty="0.000000"/>
   <element name="sparkle" layername="sparkle" frame="0" z_index="5" m_a="0.054179" m_b="0.146113" m_c="-0.165823" m_d="0.061488" m_tx="26.351515" m_ty="-27.189394"/>
  </frame>
  <frame idx="175" w="281" h="166" x="-52.495613" y="-42.995129">
   <element name="alloy01" layername="allo" frame="0" z_index="6" m_a="1.000000" m_b="0.000000" m_c="0.000000" m_d="1.000000" m_tx="0.000000" m_ty="0.000000"/>
   <element name="sparkle" layername="sparkle" frame="0" z_index="5" m_a="-0.042072" m_b="0.193595" m_c="-0.218969" m_d="-0.047586" m_tx="21.263636" m_ty="-28.993938"/>
  </frame>
  <frame idx="200" w="318" h="168" x="-86.378830" y="-44.855042">
   <element name="alloy01" layername="allo" frame="0" z_index="6" m_a="1.000000" m_b="0.000000" m_c="0.000000" m_d="1.000000" m_tx="0.000000" m_ty="0.000000"/>
   <element name="sparkle" layername="sparkle" frame="0" z_index="5" m_a="-0.207754" m_b="0.170797" m_c="-0.165690" m_d="-0.201542" m_tx="16.150000" m_ty="-30.850000"/>
  </frame>
  <frame idx="225" w="314" h="199" x="-82.285919" y="-73.062836">
   <element name="alloy01" layername="allo" frame="0" z_index="6" m_a="1.000000" m_b="0.000000" m_c="0.000000" m_d="1.000000" m_tx="0.000000" m_ty="0.000000"/>
   <element name="sparkle" layername="sparkle" frame="0" z_index="5" m_a="-0.340010" m_b="-0.036863" m_c="0.034212" m_d="-0.315557" m_tx="11.223529" m_ty="-32.614704"/>
  </frame>
  <frame idx="250" w="239" h="261" x="-13.862600" y="-130.035095">
   <element name="alloy01" layername="allo" frame="0" z_index="6" m_a="1.000000" m_b="0.000000" m_c="0.000000" m_d="1.000000" m_tx="0.000000" m_ty="0.000000"/>
   <element name="sparkle" layername="sparkle" frame="0" z_index="5" m_a="-0.213321" m_b="-0.341057" m_c="0.344458" m_d="-0.215448" m_tx="6.128788" m_ty="-34.365150"/>
  </frame>
  <frame idx="275" w="245" h="192" x="-19.537245" y="-66.515152">
   <element name="alloy01" layername="allo" frame="0" z_index="6" m_a="1.000000" m_b="0.000000" m_c="0.000000" m_d="1.000000" m_tx="0.000000" m_ty="0.000000"/>
   <element name="sparkle" layername="sparkle" frame="0" z_index="5" m_a="0.209657" m_b="-0.429386" m_c="0.449581" m_d="0.219518" m_tx="0.951515" m_ty="-36.143940"/>
  </frame>
  <frame idx="300" w="251" h="177" x="-25.200001" y="-52.985836">
   <element name="alloy01" layername="allo" frame="0" z_index="6" m_a="1.000000" m_b="0.000000" m_c="0.000000" m_d="1.000000" m_tx="0.000000" m_ty="0.000000"/>
   <element name="sparkle" layername="sparkle" frame="0" z_index="5" m_a="0.601166" m_b="0.000000" m_c="0.000000" m_d="0.566559" m_tx="-4.200000" m_ty="-38.000000"/>
  </frame>
  <frame idx="325" w="296" h="203" x="-65.935890" y="-54.626480">
   <element name="alloy01" layername="allo" frame="0" z_index="6" m_a="1.000000" m_b="0.000000" m_c="0.000000" m_d="1.000000" m_tx="0.000000" m_ty="0.000000"/>
   <element name="sparkle" layername="sparkle" frame="0" z_index="5" m_a="0.231044" m_b="0.436434" m_c="-0.443981" m_d="0.235040" m_tx="-7.361764" m_ty="-37.632355"/>
  </frame>
  <frame idx="350" w="395" h="176" x="-156.825928" y="-52.190098">
   <element name="alloy01" layername="allo" frame="0" z_index="6" m_a="1.000000" m_b="0.000000" m_c="0.000000" m_d="1.000000" m_tx="0.000000" m_ty="0.000000"/>
   <element name="sparkle" layername="sparkle" frame="0" z_index="5" m_a="-0.206564" m_b="0.359704" m_c="-0.365485" m_d="-0.209884" m_tx="-10.487879" m_ty="-37.184849"/>
  </frame>
  <frame idx="375" w="363" h="212" x="-127.398743" y="-85.180199">
   <element name="alloy01" layername="allo" frame="0" z_index="6" m_a="1.000000" m_b="0.000000" m_c="0.000000" m_d="1.000000" m_tx="0.000000" m_ty="0.000000"/>
   <element name="sparkle" layername="sparkle" frame="0" z_index="5" m_a="-0.346712" m_b="0.045736" m_c="-0.044497" m_d="-0.337317" m_tx="-13.642425" m_ty="-36.668179"/>
  </frame>
  <frame idx="400" w="284" h="247" x="-54.549431" y="-116.755875">
   <element name="alloy01" layername="allo" frame="0" z_index="6" m_a="1.000000" m_b="0.000000" m_c="0.000000" m_d="1.000000" m_tx="0.000000" m_ty="0.000000"/>
   <element name="sparkle" layername="sparkle" frame="0" z_index="5" m_a="-0.216809" m_b="-0.177823" m_c="0.176473" m_d="-0.215163" m_tx="-16.900000" m_ty="-36.099998"/>
  </frame>
  <frame idx="425" w="270" h="224" x="-42.519409" y="-96.383942">
   <element name="alloy01" layername="allo" frame="0" z_index="6" m_a="1.000000" m_b="0.000000" m_c="0.000000" m_d="1.000000" m_tx="0.000000" m_ty="0.000000"/>
   <element name="sparkle" layername="sparkle" frame="0" z_index="5" m_a="-0.052245" m_b="-0.219214" m_c="0.223501" m_d="-0.053267" m_tx="-20.025000" m_ty="-35.622059"/>
  </frame>
  <frame idx="450" w="274" h="190" x="-46.254745" y="-64.705673">
   <element name="alloy01" layername="allo" frame="0" z_index="6" m_a="1.000000" m_b="0.000000" m_c="0.000000" m_d="1.000000" m_tx="0.000000" m_ty="0.000000"/>
   <element name="sparkle" layername="sparkle" frame="0" z_index="5" m_a="0.058864" m_b="-0.170159" m_c="0.173804" m_d="0.060125" m_tx="-23.259090" m_ty="-35.134850"/>
  </frame>
  <frame idx="475" w="279" h="173" x="-50.039932" y="-49.151947">
   <element name="alloy01" layername="allo" frame="0" z_index="6" m_a="1.000000" m_b="0.000000" m_c="0.000000" m_d="1.000000" m_tx="0.000000" m_ty="0.000000"/>
   <element name="sparkle" layername="sparkle" frame="0" z_index="5" m_a="0.103691" m_b="-0.099507" m_c="0.099654" m_d="0.103844" m_tx="-26.542423" m_ty="-34.654545"/>
  </frame>
  <frame idx="500" w="282" h="172" x="-53.298916" y="-48.697384">
   <element name="alloy01" layername="allo" frame="0" z_index="6" m_a="1.000000" m_b="0.000000" m_c="0.000000" m_d="1.000000" m_tx="0.000000" m_ty="0.000000"/>
   <element name="sparkle" layername="sparkle" frame="0" z_index="5" m_a="0.106028" m_b="-0.043918" m_c="0.043329" m_d="0.104605" m_tx="-29.799999" m_ty="-34.200001"/>
  </frame>
  <frame idx="525" w="286" h="172" x="-56.887817" y="-48.219696">
   <element name="alloy01" layername="allo" frame="0" z_index="6" m_a="1.000000" m_b="0.000000" m_c="0.000000" m_d="1.000000" m_tx="0.000000" m_ty="0.000000"/>
   <element name="sparkle" layername="sparkle" frame="0" z_index="5" m_a="0.095611" m_b="-0.016879" m_c="0.016666" m_d="0.094404" m_tx="-32.888233" m_ty="-33.722057"/>
  </frame>
  <frame idx="550" w="290" h="171" x="-60.560501" y="-47.756943">
   <element name="alloy01" layername="allo" frame="0" z_index="6" m_a="1.000000" m_b="0.000000" m_c="0.000000" m_d="1.000000" m_tx="0.000000" m_ty="0.000000"/>
   <element name="sparkle" layername="sparkle" frame="0" z_index="5" m_a="0.086722" m_b="-0.004305" m_c="0.004264" m_d="0.085906" m_tx="-36.060608" m_ty="-33.259090"/>
  </frame>
  <frame idx="575" w="292" h="171" x="-62.750000" y="-47.447945">
   <element name="alloy01" layername="allo" frame="0" z_index="6" m_a="1.000000" m_b="0.000000" m_c="0.000000" m_d="1.000000" m_tx="0.000000" m_ty="0.000000"/>
   <element name="sparkle" layername="sparkle" frame="0" z_index="5" m_a="0.082687" m_b="0.000000" m_c="0.000000" m_d="0.082184" m_tx="-38.250000" m_ty="-32.950001"/>
  </frame>
  <frame idx="600" w="292" h="171" x="-62.750000" y="-47.447945">
   <element name="alloy01" layername="allo" frame="0" z_index="6" m_a="1.000000" m_b="0.000000" m_c="0.000000" m_d="1.000000" m_tx="0.000000" m_ty="0.000000"/>
   <element name="sparkle" layername="sparkle" frame="0" z_index="6" m_a="0.082687" m_b="0.000000" m_c="0.000000" m_d="0.082184" m_tx="-38.250000" m_ty="-32.950001"/>
  </frame>
 </anim>
 <anim name="sparkle_water" root="tp_alloy" numframes="1200" framerate="40">
  <frame idx="0" w="226" h="135" x="-10.000061" y="-13.974998">
   <element name="alloy01" layername="allo" frame="1" z_index="6" m_a="1.000000" m_b="0.000000" m_c="0.000000" m_d="1.000000" m_tx="0.000000" m_ty="0.000000"/>
  </frame>
  <frame idx="25" w="227" h="134" x="-9.992385" y="-13.669385">
   <element name="alloy01" layername="allo" frame="1" z_index="6" m_a="1.000853" m_b="0.000000" m_c="0.000000" m_d="0.995355" m_tx="0.000000" m_ty="0.294118"/>
  </frame>
  <frame idx="50" w="227" h="132" x="-9.984559" y="-12.857862">
   <element name="alloy01" layername="allo" frame="1" z_index="6" m_a="1.001722" m_b="0.000000" m_c="0.000000" m_d="0.990627" m_tx="0.000000" m_ty="0.593939"/>
  </frame>
  <frame idx="75" w="227" h="132" x="-9.976628" y="-12.555128">
   <element name="alloy01" layername="allo" frame="1" z_index="6" m_a="1.002604" m_b="0.000000" m_c="0.000000" m_d="0.985850" m_tx="0.000000" m_ty="0.884848"/>
  </frame>
  <frame idx="100" w="227" h="131" x="-9.968652" y="-12.278131">
   <element name="alloy01" layername="allo" frame="1" z_index="6" m_a="1.003490" m_b="0.000000" m_c="0.000000" m_d="0.981064" m_tx="0.000000" m_ty="1.150000"/>
  </frame>
  <frame idx="125" w="227" h="130" x="-9.960975" y="-11.972518">
   <element name="alloy01" layername="allo" frame="1" z_index="6" m_a="1.004343" m_b="0.000000" m_c="0.000000" m_d="0.976419" m_tx="0.000000" m_ty="1.444118"/>
  </frame>
  <frame idx="150" w="227" h="129" x="-9.953150" y="-11.660977">
   <element name="alloy01" layername="allo" frame="1" z_index="6" m_a="1.005212" m_b="0.000000" m_c="0.000000" m_d="0.971684" m_tx="0.000000" m_ty="1.743939"/>
  </frame>
  <frame idx="175" w="229" h="129" x="-10.445240" y="-11.346112">
   <element name="alloy01" layername="allo" frame="1" z_index="6" m_a="1.006091" m_b="0.000000" m_c="0.000000" m_d="0.966902" m_tx="0.000000" m_ty="2.046970"/>
  </frame>
  <frame idx="200" w="229" h="128" x="-10.437331" y="-11.031265">
   <element name="alloy01" layername="allo" frame="1" z_index="6" m_a="1.006970" m_b="0.000000" m_c="0.000000" m_d="0.962128" m_tx="0.000000" m_ty="2.350000"/>
  </frame>
  <frame idx="225" w="229" h="127" x="-10.429523" y="-10.762417">
   <element name="alloy01" layername="allo" frame="1" z_index="6" m_a="1.007838" m_b="0.000000" m_c="0.000000" m_d="0.957483" m_tx="0.000000" m_ty="2.607353"/>
  </frame>
  <frame idx="250" w="229" h="125" x="-10.421650" y="-9.964109">
   <element name="alloy01" layername="allo" frame="1" z_index="6" m_a="1.008712" m_b="0.000000" m_c="0.000000" m_d="0.952748" m_tx="0.000000" m_ty="2.893939"/>
  </frame>
  <frame idx="275" w="229" h="125" x="-10.413740" y="-9.649243">
   <element name="alloy01" layername="allo" frame="1" z_index="6" m_a="1.009591" m_b="0.000000" m_c="0.000000" m_d="0.947966" m_tx="0.000000" m_ty="3.196970"/>
  </frame>
  <frame idx="300" w="229" h="124" x="-10.405831" y="-9.334398">
   <element name="alloy01" layername="allo" frame="1" z_index="6" m_a="1.010470" m_b="0.000000" m_c="0.000000" m_d="0.943192" m_tx="0.000000" m_ty="3.500000"/>
  </frame>
  <frame idx="325" w="230" h="123" x="-10.398155" y="-9.028784">
   <element name="alloy01" layername="allo" frame="1" z_index="6" m_a="1.011323" m_b="0.000000" m_c="0.000000" m_d="0.938546" m_tx="0.000000" m_ty="3.794118"/>
  </frame>
  <frame idx="350" w="230" h="122" x="-10.390329" y="-8.717242">
   <element name="alloy01" layername="allo" frame="1" z_index="6" m_a="1.012192" m_b="0.000000" m_c="0.000000" m_d="0.933811" m_tx="0.000000" m_ty="4.093939"/>
  </frame>
  <frame idx="375" w="230" h="121" x="-10.382400" y="-8.414488">
   <element name="alloy01" layername="allo" frame="1" z_index="6" m_a="1.013074" m_b="0.000000" m_c="0.000000" m_d="0.929026" m_tx="0.000000" m_ty="4.384849"/>
  </frame>
  <frame idx="400" w="230" h="121" x="-10.374422" y="-8.137492">
   <element name="alloy01" layername="allo" frame="1" z_index="6" m_a="1.013960" m_b="0.000000" m_c="0.000000" m_d="0.924240" m_tx="0.000000" m_ty="4.650000"/>
  </frame>
  <frame idx="425" w="230" h="119" x="-10.366745" y="-7.331906">
   <element name="alloy01" layername="allo" frame="1" z_index="6" m_a="1.014813" m_b="0.000000" m_c="0.000000" m_d="0.919606" m_tx="0.000000" m_ty="4.944118"/>
  </frame>
  <frame idx="450" w="230" h="118" x="-10.358920" y="-7.020375">
   <element name="alloy01" layername="allo" frame="1" z_index="6" m_a="1.015682" m_b="0.000000" m_c="0.000000" m_d="0.914875" m_tx="0.000000" m_ty="5.243939"/>
  </frame>
  <frame idx="475" w="231" h="117" x="-10.351010" y="-6.705501">
   <element name="alloy01" layername="allo" frame="1" z_index="6" m_a="1.016561" m_b="0.000000" m_c="0.000000" m_d="0.910090" m_tx="0.000000" m_ty="5.546969"/>
  </frame>
  <frame idx="500" w="231" h="117" x="-10.343102" y="-6.390626">
   <element name="alloy01" layername="allo" frame="1" z_index="6" m_a="1.017440" m_b="0.000000" m_c="0.000000" m_d="0.905304" m_tx="0.000000" m_ty="5.850000"/>
  </frame>
  <frame idx="525" w="231" h="116" x="-10.335293" y="-6.121778">
   <element name="alloy01" layername="allo" frame="1" z_index="6" m_a="1.018308" m_b="0.000000" m_c="0.000000" m_d="0.900659" m_tx="0.000000" m_ty="6.107353"/>
  </frame>
  <frame idx="550" w="231" h="115" x="-10.327420" y="-5.823490">
   <element name="alloy01" layername="allo" frame="1" z_index="6" m_a="1.019182" m_b="0.000000" m_c="0.000000" m_d="0.895931" m_tx="0.000000" m_ty="6.393939"/>
  </frame>
  <frame idx="575" w="231" h="113" x="-10.319511" y="-5.008634">
   <element name="alloy01" layername="allo" frame="1" z_index="6" m_a="1.020061" m_b="0.000000" m_c="0.000000" m_d="0.891154" m_tx="0.000000" m_ty="6.696970"/>
  </frame>
  <frame idx="600" w="231" h="132" x="-10.311603" y="-22.798531">
   <element name="alloy01" layername="allo" frame="1" z_index="6" m_a="1.020940" m_b="0.000000" m_c="0.000000" m_d="0.886368" m_tx="0.000000" m_ty="7.000000"/>
   <element name="sparkle" layername="sparkle" frame="0" z_index="5" m_a="0.082687" m_b="0.000000" m_c="0.000000" m_d="0.058746" m_tx="49.950001" m_ty="-11.800000"/>
  </frame>
  <frame idx="625" w="231" h="135" x="-10.319941" y="-24.916025">
   <element name="alloy01" layername="allo" frame="1" z_index="6" m_a="1.020014" m_b="0.000000" m_c="0.000000" m_d="0.891260" m_tx="0.000000" m_ty="6.705882"/>
   <element name="sparkle" layername="sparkle" frame="0" z_index="5" m_a="0.088235" m_b="0.006549" m_c="-0.004817" m_d="0.064900" m_tx="45.722061" m_ty="-13.417647"/>
  </frame>
  <frame idx="650" w="231" h="137" x="-10.328265" y="-26.492008">
   <element name="alloy01" layername="allo" frame="1" z_index="6" m_a="1.019089" m_b="0.000000" m_c="0.000000" m_d="0.896261" m_tx="0.000000" m_ty="6.406061"/>
   <element name="sparkle" layername="sparkle" frame="0" z_index="5" m_a="0.097706" m_b="0.024578" m_c="-0.019442" m_d="0.077290" m_tx="41.363636" m_ty="-14.993939"/>
  </frame>
  <frame idx="675" w="231" h="140" x="-10.336605" y="-28.593170">
   <element name="alloy01" layername="allo" frame="1" z_index="6" m_a="1.018162" m_b="0.000000" m_c="0.000000" m_d="0.901324" m_tx="0.000000" m_ty="6.090909"/>
   <element name="sparkle" layername="sparkle" frame="0" z_index="5" m_a="0.102392" m_b="0.058307" m_c="-0.052007" m_d="0.091328" m_tx="36.956059" m_ty="-16.595453"/>
  </frame>
  <frame idx="700" w="231" h="143" x="-10.344992" y="-30.297718">
   <element name="alloy01" layername="allo" frame="1" z_index="6" m_a="1.017230" m_b="0.000000" m_c="0.000000" m_d="0.906387" m_tx="0.000000" m_ty="5.750000"/>
   <element name="sparkle" layername="sparkle" frame="0" z_index="5" m_a="0.087369" m_b="0.106013" m_c="-0.110740" m_d="0.091264" m_tx="32.599998" m_ty="-18.299999"/>
  </frame>
  <frame idx="725" w="243" h="146" x="-21.533911" y="-32.343235">
   <element name="alloy01" layername="allo" frame="1" z_index="6" m_a="1.016318" m_b="0.000000" m_c="0.000000" m_d="0.911302" m_tx="0.000000" m_ty="5.455882"/>
   <element name="sparkle" layername="sparkle" frame="0" z_index="5" m_a="0.030006" m_b="0.162624" m_c="-0.190864" m_d="0.035216" m_tx="28.372059" m_ty="-19.844116"/>
  </frame>
  <frame idx="750" w="285" h="148" x="-60.054688" y="-33.993355">
   <element name="alloy01" layername="allo" frame="1" z_index="6" m_a="1.015394" m_b="0.000000" m_c="0.000000" m_d="0.916318" m_tx="0.000000" m_ty="5.156061"/>
   <element name="sparkle" layername="sparkle" frame="0" z_index="5" m_a="-0.091632" m_b="0.200867" m_c="-0.214591" m_d="-0.097893" m_tx="24.086363" m_ty="-21.490910"/>
  </frame>
  <frame idx="775" w="312" h="150" x="-85.581207" y="-35.653336">
   <element name="alloy01" layername="allo" frame="1" z_index="6" m_a="1.014462" m_b="0.000000" m_c="0.000000" m_d="0.921389" m_tx="0.000000" m_ty="4.853030"/>
   <element name="sparkle" layername="sparkle" frame="0" z_index="5" m_a="-0.266891" m_b="0.120988" m_c="-0.115415" m_d="-0.254596" m_tx="19.768181" m_ty="-23.146969"/>
  </frame>
  <frame idx="800" w="281" h="212" x="-57.077335" y="-91.745918">
   <element name="alloy01" layername="allo" frame="1" z_index="6" m_a="1.013530" m_b="0.000000" m_c="0.000000" m_d="0.926453" m_tx="0.000000" m_ty="4.550000"/>
   <element name="sparkle" layername="sparkle" frame="0" z_index="5" m_a="-0.340000" m_b="-0.141584" m_c="0.129838" m_d="-0.311792" m_tx="15.450000" m_ty="-24.700001"/>
  </frame>
  <frame idx="825" w="230" h="239" x="-10.386432" y="-116.667107">
   <element name="alloy01" layername="allo" frame="1" z_index="6" m_a="1.012626" m_b="0.000000" m_c="0.000000" m_d="0.931367" m_tx="0.000000" m_ty="4.219118"/>
   <element name="sparkle" layername="sparkle" frame="0" z_index="5" m_a="-0.099829" m_b="-0.407782" m_c="0.429023" m_d="-0.105029" m_tx="11.148530" m_ty="-26.244118"/>
  </frame>
  <frame idx="850" w="232" h="158" x="-12.703146" y="-41.357208">
   <element name="alloy01" layername="allo" frame="1" z_index="6" m_a="1.011699" m_b="0.000000" m_c="0.000000" m_d="0.936369" m_tx="0.000000" m_ty="3.906060"/>
   <element name="sparkle" layername="sparkle" frame="0" z_index="5" m_a="0.375219" m_b="-0.356107" m_c="0.359004" m_d="0.378272" m_tx="6.787879" m_ty="-27.866667"/>
  </frame>
  <frame idx="875" w="237" h="206" x="-17.465376" y="-46.414497">
   <element name="alloy01" layername="allo" frame="1" z_index="6" m_a="1.010764" m_b="0.000000" m_c="0.000000" m_d="0.941428" m_tx="0.000000" m_ty="3.603030"/>
   <element name="sparkle" layername="sparkle" frame="0" z_index="5" m_a="0.530029" m_b="0.197910" m_c="-0.190781" m_d="0.510935" m_tx="2.539394" m_ty="-28.927273"/>
  </frame>
  <frame idx="900" w="338" h="161" x="-110.099380" y="-42.198845">
   <element name="alloy01" layername="allo" frame="1" z_index="6" m_a="1.009840" m_b="0.000000" m_c="0.000000" m_d="0.946503" m_tx="0.000000" m_ty="3.300000"/>
   <element name="sparkle" layername="sparkle" frame="0" z_index="5" m_a="0.043935" m_b="0.453047" m_c="-0.477007" m_d="0.046258" m_tx="-1.400000" m_ty="-28.700001"/>
  </frame>
  <frame idx="925" w="381" h="160" x="-149.587219" y="-41.876411">
   <element name="alloy01" layername="allo" frame="1" z_index="6" m_a="1.008936" m_b="0.000000" m_c="0.000000" m_d="0.951417" m_tx="0.000000" m_ty="3.005883"/>
   <element name="sparkle" layername="sparkle" frame="0" z_index="5" m_a="-0.293470" m_b="0.262799" m_c="-0.261249" m_d="-0.291738" m_tx="-5.076470" m_ty="-28.369118"/>
  </frame>
  <frame idx="950" w="324" h="220" x="-98.218788" y="-96.359787">
   <element name="alloy01" layername="allo" frame="1" z_index="6" m_a="1.008009" m_b="0.000000" m_c="0.000000" m_d="0.956434" m_tx="0.000000" m_ty="2.681818"/>
   <element name="sparkle" layername="sparkle" frame="0" z_index="5" m_a="-0.324746" m_b="-0.042664" m_c="0.041736" m_d="-0.317681" m_tx="-8.921212" m_ty="-28.031818"/>
  </frame>
  <frame idx="975" w="255" h="233" x="-34.343346" y="-107.363213">
   <element name="alloy01" layername="allo" frame="1" z_index="6" m_a="1.007074" m_b="0.000000" m_c="0.000000" m_d="0.961505" m_tx="0.000000" m_ty="2.353030"/>
   <element name="sparkle" layername="sparkle" frame="0" z_index="5" m_a="-0.162774" m_b="-0.205627" m_c="0.205647" m_d="-0.162790" m_tx="-12.848485" m_ty="-27.690908"/>
  </frame>
  <frame idx="1000" w="258" h="201" x="-38.244690" y="-78.140472">
   <element name="alloy01" layername="allo" frame="1" z_index="6" m_a="1.006150" m_b="0.000000" m_c="0.000000" m_d="0.966568" m_tx="0.000000" m_ty="2.050000"/>
   <element name="sparkle" layername="sparkle" frame="0" z_index="5" m_a="-0.000000" m_b="-0.205536" m_c="0.212296" m_d="-0.000000" m_tx="-16.750000" m_ty="-27.350000"/>
  </frame>
  <frame idx="1025" w="263" h="172" x="-42.533062" y="-51.183826">
   <element name="alloy01" layername="allo" frame="1" z_index="6" m_a="1.005238" m_b="0.000000" m_c="0.000000" m_d="0.971482" m_tx="0.000000" m_ty="1.755882"/>
   <element name="sparkle" layername="sparkle" frame="0" z_index="5" m_a="0.080754" m_b="-0.146051" m_c="0.148114" m_d="0.081895" m_tx="-20.536764" m_ty="-27.019117"/>
  </frame>
  <frame idx="1050" w="268" h="161" x="-46.919193" y="-40.203384">
   <element name="alloy01" layername="allo" frame="1" z_index="6" m_a="1.004314" m_b="0.000000" m_c="0.000000" m_d="0.976484" m_tx="0.000000" m_ty="1.456061"/>
   <element name="sparkle" layername="sparkle" frame="0" z_index="5" m_a="0.107379" m_b="-0.080910" m_c="0.080700" m_d="0.107101" m_tx="-24.421211" m_ty="-26.706060"/>
  </frame>
  <frame idx="1075" w="273" h="161" x="-51.335518" y="-39.912601">
   <element name="alloy01" layername="allo" frame="1" z_index="6" m_a="1.003379" m_b="0.000000" m_c="0.000000" m_d="0.981539" m_tx="0.000000" m_ty="1.140909"/>
   <element name="sparkle" layername="sparkle" frame="0" z_index="5" m_a="0.103378" m_b="-0.034354" m_c="0.033901" m_d="0.102015" m_tx="-28.336365" m_ty="-26.415152"/>
  </frame>
  <frame idx="1100" w="276" h="161" x="-55.199787" y="-39.647770">
   <element name="alloy01" layername="allo" frame="1" z_index="6" m_a="1.002440" m_b="0.000000" m_c="0.000000" m_d="0.986603" m_tx="0.000000" m_ty="0.800000"/>
   <element name="sparkle" layername="sparkle" frame="0" z_index="5" m_a="0.090306" m_b="-0.008721" m_c="0.008614" m_d="0.089199" m_tx="-32.200001" m_ty="-26.150000"/>
  </frame>
  <frame idx="1125" w="281" h="162" x="-59.486710" y="-39.353779">
   <element name="alloy01" layername="allo" frame="1" z_index="6" m_a="1.001543" m_b="0.000000" m_c="0.000000" m_d="0.991517" m_tx="0.000000" m_ty="0.505882"/>
   <element name="sparkle" layername="sparkle" frame="0" z_index="5" m_a="0.084787" m_b="-0.002161" m_c="0.002144" m_d="0.084123" m_tx="-35.986763" m_ty="-25.855883"/>
  </frame>
  <frame idx="1150" w="282" h="162" x="-60.849998" y="-39.247948">
   <element name="alloy01" layername="allo" frame="1" z_index="6" m_a="1.000628" m_b="0.000000" m_c="0.000000" m_d="0.996541" m_tx="0.000000" m_ty="0.206061"/>
   <element name="sparkle" layername="sparkle" frame="0" z_index="5" m_a="0.082687" m_b="0.000000" m_c="0.000000" m_d="0.082184" m_tx="-37.349998" m_ty="-25.750000"/>
  </frame>
  <frame idx="1175" w="257" h="159" x="-37.686363" y="-35.866268">
   <element name="alloy01" layername="allo" frame="1" z_index="6" m_a="1.000000" m_b="0.000000" m_c="0.000000" m_d="1.000000" m_tx="0.000000" m_ty="0.000000"/>
   <element name="sparkle" layername="sparkle" frame="0" z_index="6" m_a="0.082687" m_b="0.000000" m_c="0.000000" m_d="0.076502" m_tx="-16.186361" m_ty="-22.368181"/>
  </frame>
 </anim>
</Anims>
