<Anims>
 <anim name="idle" root="ak_fix_powder" numframes="125" framerate="40">
  <frame idx="0" w="241" h="184" x="-30.000000" y="-41.600033">
   <element name="gold_dust01" layername="gold_dus" frame="0" z_index="6" m_a="1.000000" m_b="0.000000" m_c="0.000000" m_d="1.000000" m_tx="0.000000" m_ty="0.000000"/>
  </frame>
  <frame idx="25" w="241" h="184" x="-30.000000" y="-41.600033">
   <element name="gold_dust01" layername="gold_dus" frame="0" z_index="6" m_a="1.000000" m_b="0.000000" m_c="0.000000" m_d="1.000000" m_tx="0.000000" m_ty="0.000000"/>
  </frame>
  <frame idx="50" w="241" h="184" x="-30.000000" y="-41.600033">
   <element name="gold_dust01" layername="gold_dus" frame="0" z_index="6" m_a="1.000000" m_b="0.000000" m_c="0.000000" m_d="1.000000" m_tx="0.000000" m_ty="0.000000"/>
  </frame>
  <frame idx="75" w="241" h="184" x="-30.000000" y="-41.600033">
   <element name="gold_dust01" layername="gold_dus" frame="0" z_index="6" m_a="1.000000" m_b="0.000000" m_c="0.000000" m_d="1.000000" m_tx="0.000000" m_ty="0.000000"/>
  </frame>
  <frame idx="100" w="241" h="184" x="-30.000000" y="-41.600033">
   <element name="gold_dust01" layername="gold_dus" frame="0" z_index="6" m_a="1.000000" m_b="0.000000" m_c="0.000000" m_d="1.000000" m_tx="0.000000" m_ty="0.000000"/>
  </frame>
 </anim>
 <anim name="idle_water" root="ak_fix_powder" numframes="1200" framerate="40">
  <frame idx="0" w="201" h="154" x="-7.106937" y="-27.666403">
   <element name="gold_dust01" layername="gold_dus" frame="1" z_index="6" m_a="1.068300" m_b="0.000000" m_c="0.000000" m_d="0.858734" m_tx="1.400000" m_ty="5.750000"/>
  </frame>
  <frame idx="25" w="201" h="154" x="-7.059299" y="-27.569939">
   <element name="gold_dust01" layername="gold_dus" frame="1" z_index="6" m_a="1.069668" m_b="0.000000" m_c="0.000000" m_d="0.857769" m_tx="1.436765" m_ty="5.823529"/>
  </frame>
  <frame idx="50" w="202" h="154" x="-7.034864" y="-27.472120">
   <element name="gold_dust01" layername="gold_dus" frame="1" z_index="6" m_a="1.071076" m_b="0.000000" m_c="0.000000" m_d="0.856808" m_tx="1.450000" m_ty="5.898485"/>
  </frame>
  <frame idx="75" w="202" h="154" x="-7.023443" y="-27.373459">
   <element name="gold_dust01" layername="gold_dus" frame="1" z_index="6" m_a="1.072513" m_b="0.000000" m_c="0.000000" m_d="0.855844" m_tx="1.450000" m_ty="5.974242"/>
  </frame>
  <frame idx="100" w="202" h="153" x="-7.011940" y="-27.274632">
   <element name="gold_dust01" layername="gold_dus" frame="1" z_index="6" m_a="1.073960" m_b="0.000000" m_c="0.000000" m_d="0.854874" m_tx="1.450000" m_ty="6.050000"/>
  </frame>
  <frame idx="125" w="202" h="153" x="-7.000892" y="-27.215979">
   <element name="gold_dust01" layername="gold_dus" frame="1" z_index="6" m_a="1.075350" m_b="0.000000" m_c="0.000000" m_d="0.853953" m_tx="1.450000" m_ty="6.086765"/>
  </frame>
  <frame idx="150" w="202" h="153" x="-7.013871" y="-27.131430">
   <element name="gold_dust01" layername="gold_dus" frame="1" z_index="6" m_a="1.076766" m_b="0.000000" m_c="0.000000" m_d="0.852993" m_tx="1.425758" m_ty="6.148485"/>
  </frame>
  <frame idx="175" w="203" h="153" x="-7.028227" y="-27.044525">
   <element name="gold_dust01" layername="gold_dus" frame="1" z_index="6" m_a="1.078201" m_b="0.000000" m_c="0.000000" m_d="0.852014" m_tx="1.400000" m_ty="6.212121"/>
  </frame>
  <frame idx="200" w="203" h="153" x="-7.016783" y="-26.983572">
   <element name="gold_dust01" layername="gold_dus" frame="1" z_index="6" m_a="1.079640" m_b="0.000000" m_c="0.000000" m_d="0.851044" m_tx="1.400000" m_ty="6.250000"/>
  </frame>
  <frame idx="225" w="203" h="152" x="-7.005735" y="-26.851130">
   <element name="gold_dust01" layername="gold_dus" frame="1" z_index="6" m_a="1.081030" m_b="0.000000" m_c="0.000000" m_d="0.850112" m_tx="1.400000" m_ty="6.360294"/>
  </frame>
  <frame idx="250" w="203" h="152" x="-6.994473" y="-26.740372">
   <element name="gold_dust01" layername="gold_dus" frame="1" z_index="6" m_a="1.082446" m_b="0.000000" m_c="0.000000" m_d="0.849163" m_tx="1.400000" m_ty="6.448485"/>
  </frame>
  <frame idx="275" w="205" h="152" x="-7.483089" y="-26.641718">
   <element name="gold_dust01" layername="gold_dus" frame="1" z_index="6" m_a="1.083878" m_b="0.000000" m_c="0.000000" m_d="0.848200" m_tx="1.400000" m_ty="6.524242"/>
  </frame>
  <frame idx="300" w="205" h="152" x="-7.471706" y="-26.542870">
   <element name="gold_dust01" layername="gold_dus" frame="1" z_index="6" m_a="1.085310" m_b="0.000000" m_c="0.000000" m_d="0.847229" m_tx="1.400000" m_ty="6.600000"/>
  </frame>
  <frame idx="325" w="205" h="152" x="-7.460658" y="-26.483694">
   <element name="gold_dust01" layername="gold_dus" frame="1" z_index="6" m_a="1.086700" m_b="0.000000" m_c="0.000000" m_d="0.846286" m_tx="1.400000" m_ty="6.636765"/>
  </frame>
  <frame idx="350" w="205" h="150" x="-7.449356" y="-25.899141">
   <element name="gold_dust01" layername="gold_dus" frame="1" z_index="6" m_a="1.088121" m_b="0.000000" m_c="0.000000" m_d="0.845326" m_tx="1.400000" m_ty="6.698485"/>
  </frame>
  <frame idx="375" w="205" h="150" x="-7.437934" y="-25.812599">
   <element name="gold_dust01" layername="gold_dus" frame="1" z_index="6" m_a="1.089558" m_b="0.000000" m_c="0.000000" m_d="0.844362" m_tx="1.400000" m_ty="6.762121"/>
  </frame>
  <frame idx="400" w="206" h="150" x="-7.426551" y="-25.752171">
   <element name="gold_dust01" layername="gold_dus" frame="1" z_index="6" m_a="1.090990" m_b="0.000000" m_c="0.000000" m_d="0.843414" m_tx="1.400000" m_ty="6.800000"/>
  </frame>
  <frame idx="425" w="206" h="150" x="-7.415618" y="-25.619202">
   <element name="gold_dust01" layername="gold_dus" frame="1" z_index="6" m_a="1.092365" m_b="0.000000" m_c="0.000000" m_d="0.842460" m_tx="1.400000" m_ty="6.910294"/>
  </frame>
  <frame idx="450" w="206" h="150" x="-7.404360" y="-25.508083">
   <element name="gold_dust01" layername="gold_dus" frame="1" z_index="6" m_a="1.093781" m_b="0.000000" m_c="0.000000" m_d="0.841496" m_tx="1.400000" m_ty="6.998485"/>
  </frame>
  <frame idx="475" w="206" h="149" x="-7.392936" y="-25.409332">
   <element name="gold_dust01" layername="gold_dus" frame="1" z_index="6" m_a="1.095218" m_b="0.000000" m_c="0.000000" m_d="0.840529" m_tx="1.400000" m_ty="7.074243"/>
  </frame>
  <frame idx="500" w="207" h="149" x="-7.381553" y="-25.310755">
   <element name="gold_dust01" layername="gold_dus" frame="1" z_index="6" m_a="1.096650" m_b="0.000000" m_c="0.000000" m_d="0.839569" m_tx="1.400000" m_ty="7.150000"/>
  </frame>
  <frame idx="525" w="207" h="149" x="-7.370505" y="-25.251858">
   <element name="gold_dust01" layername="gold_dus" frame="1" z_index="6" m_a="1.098040" m_b="0.000000" m_c="0.000000" m_d="0.838638" m_tx="1.400000" m_ty="7.186765"/>
  </frame>
  <frame idx="550" w="207" h="149" x="-7.359164" y="-25.167393">
   <element name="gold_dust01" layername="gold_dus" frame="1" z_index="6" m_a="1.099466" m_b="0.000000" m_c="0.000000" m_d="0.837681" m_tx="1.400000" m_ty="7.248485"/>
  </frame>
  <frame idx="575" w="207" h="149" x="-7.347661" y="-25.044479">
   <element name="gold_dust01" layername="gold_dus" frame="1" z_index="6" m_a="1.100913" m_b="0.000000" m_c="0.000000" m_d="0.836718" m_tx="1.400000" m_ty="7.348485"/>
  </frame>
  <frame idx="600" w="207" h="148" x="-7.336158" y="-24.870434">
   <element name="gold_dust01" layername="gold_dus" frame="1" z_index="6" m_a="1.102360" m_b="0.000000" m_c="0.000000" m_d="0.835770" m_tx="1.400000" m_ty="7.500000"/>
  </frame>
  <frame idx="625" w="207" h="149" x="-7.348024" y="-24.967159">
   <element name="gold_dust01" layername="gold_dus" frame="1" z_index="6" m_a="1.100867" m_b="0.000000" m_c="0.000000" m_d="0.836746" m_tx="1.400000" m_ty="7.426471"/>
  </frame>
  <frame idx="650" w="207" h="149" x="-7.360083" y="-25.065948">
   <element name="gold_dust01" layername="gold_dus" frame="1" z_index="6" m_a="1.099351" m_b="0.000000" m_c="0.000000" m_d="0.837748" m_tx="1.400000" m_ty="7.351515"/>
  </frame>
  <frame idx="675" w="207" h="149" x="-7.372210" y="-25.165981">
   <element name="gold_dust01" layername="gold_dus" frame="1" z_index="6" m_a="1.097825" m_b="0.000000" m_c="0.000000" m_d="0.838769" m_tx="1.400000" m_ty="7.275758"/>
  </frame>
  <frame idx="700" w="207" h="149" x="-7.384255" y="-25.266197">
   <element name="gold_dust01" layername="gold_dus" frame="1" z_index="6" m_a="1.096310" m_b="0.000000" m_c="0.000000" m_d="0.839798" m_tx="1.400000" m_ty="7.200000"/>
  </frame>
  <frame idx="725" w="206" h="149" x="-7.395947" y="-25.363207">
   <element name="gold_dust01" layername="gold_dus" frame="1" z_index="6" m_a="1.094839" m_b="0.000000" m_c="0.000000" m_d="0.840786" m_tx="1.400000" m_ty="7.126471"/>
  </frame>
  <frame idx="750" w="206" h="150" x="-7.407903" y="-25.462439">
   <element name="gold_dust01" layername="gold_dus" frame="1" z_index="6" m_a="1.093336" m_b="0.000000" m_c="0.000000" m_d="0.841807" m_tx="1.400000" m_ty="7.051515"/>
  </frame>
  <frame idx="775" w="206" h="150" x="-7.419990" y="-25.562668">
   <element name="gold_dust01" layername="gold_dus" frame="1" z_index="6" m_a="1.091815" m_b="0.000000" m_c="0.000000" m_d="0.842836" m_tx="1.400000" m_ty="6.975758"/>
  </frame>
  <frame idx="800" w="206" h="150" x="-7.432035" y="-25.662346">
   <element name="gold_dust01" layername="gold_dus" frame="1" z_index="6" m_a="1.090300" m_b="0.000000" m_c="0.000000" m_d="0.843842" m_tx="1.400000" m_ty="6.900000"/>
  </frame>
  <frame idx="825" w="205" h="150" x="-7.443727" y="-25.759876">
   <element name="gold_dust01" layername="gold_dus" frame="1" z_index="6" m_a="1.088829" m_b="0.000000" m_c="0.000000" m_d="0.844852" m_tx="1.400000" m_ty="6.826471"/>
  </frame>
  <frame idx="850" w="205" h="150" x="-7.455645" y="-25.858952">
   <element name="gold_dust01" layername="gold_dus" frame="1" z_index="6" m_a="1.087330" m_b="0.000000" m_c="0.000000" m_d="0.845866" m_tx="1.400000" m_ty="6.751515"/>
  </frame>
  <frame idx="875" w="205" h="152" x="-7.467710" y="-26.458893">
   <element name="gold_dust01" layername="gold_dus" frame="1" z_index="6" m_a="1.085813" m_b="0.000000" m_c="0.000000" m_d="0.846883" m_tx="1.400000" m_ty="6.675757"/>
  </frame>
  <frame idx="900" w="205" h="152" x="-7.479815" y="-26.558823">
   <element name="gold_dust01" layername="gold_dus" frame="1" z_index="6" m_a="1.084290" m_b="0.000000" m_c="0.000000" m_d="0.847900" m_tx="1.400000" m_ty="6.600000"/>
  </frame>
  <frame idx="925" w="203" h="152" x="-6.991565" y="-26.656094">
   <element name="gold_dust01" layername="gold_dus" frame="1" z_index="6" m_a="1.082812" m_b="0.000000" m_c="0.000000" m_d="0.848899" m_tx="1.400000" m_ty="6.526471"/>
  </frame>
  <frame idx="950" w="203" h="152" x="-7.003466" y="-26.755077">
   <element name="gold_dust01" layername="gold_dus" frame="1" z_index="6" m_a="1.081315" m_b="0.000000" m_c="0.000000" m_d="0.849909" m_tx="1.400000" m_ty="6.451515"/>
  </frame>
  <frame idx="975" w="203" h="152" x="-7.003369" y="-26.855024">
   <element name="gold_dust01" layername="gold_dus" frame="1" z_index="6" m_a="1.079803" m_b="0.000000" m_c="0.000000" m_d="0.850927" m_tx="1.412121" m_ty="6.375758"/>
  </frame>
  <frame idx="1000" w="203" h="153" x="-6.977595" y="-26.954971">
   <element name="gold_dust01" layername="gold_dus" frame="1" z_index="6" m_a="1.078280" m_b="0.000000" m_c="0.000000" m_d="0.851944" m_tx="1.450000" m_ty="6.300000"/>
  </frame>
  <frame idx="1025" w="202" h="153" x="-6.989286" y="-27.052502">
   <element name="gold_dust01" layername="gold_dus" frame="1" z_index="6" m_a="1.076809" m_b="0.000000" m_c="0.000000" m_d="0.852954" m_tx="1.450000" m_ty="6.226470"/>
  </frame>
  <frame idx="1050" w="202" h="153" x="-7.001204" y="-27.151405">
   <element name="gold_dust01" layername="gold_dus" frame="1" z_index="6" m_a="1.075310" m_b="0.000000" m_c="0.000000" m_d="0.853961" m_tx="1.450000" m_ty="6.151515"/>
  </frame>
  <frame idx="1075" w="202" h="153" x="-7.013269" y="-27.251341">
   <element name="gold_dust01" layername="gold_dus" frame="1" z_index="6" m_a="1.073793" m_b="0.000000" m_c="0.000000" m_d="0.854978" m_tx="1.450000" m_ty="6.075758"/>
  </frame>
  <frame idx="1100" w="202" h="154" x="-7.025374" y="-27.351830">
   <element name="gold_dust01" layername="gold_dus" frame="1" z_index="6" m_a="1.072270" m_b="0.000000" m_c="0.000000" m_d="0.856018" m_tx="1.450000" m_ty="6.000000"/>
  </frame>
  <frame idx="1125" w="202" h="154" x="-7.073655" y="-27.449097">
   <element name="gold_dust01" layername="gold_dus" frame="1" z_index="6" m_a="1.070822" m_b="0.000000" m_c="0.000000" m_d="0.857017" m_tx="1.413235" m_ty="5.926471"/>
  </frame>
  <frame idx="1150" w="201" h="154" x="-7.098746" y="-27.572498">
   <element name="gold_dust01" layername="gold_dus" frame="1" z_index="6" m_a="1.069330" m_b="0.000000" m_c="0.000000" m_d="0.858034" m_tx="1.400000" m_ty="5.827273"/>
  </frame>
  <frame idx="1175" w="201" h="154" x="-7.106937" y="-27.666403">
   <element name="gold_dust01" layername="gold_dus" frame="1" z_index="6" m_a="1.068300" m_b="0.000000" m_c="0.000000" m_d="0.858734" m_tx="1.400000" m_ty="5.750000"/>
  </frame>
 </anim>
 <anim name="sparkle" root="ak_fix_powder" numframes="625" framerate="40">
  <frame idx="0" w="241" h="205" x="-30.000000" y="-60.497932">
   <element name="sparkle" layername="sparkle" frame="0" z_index="5" m_a="0.082687" m_b="0.000000" m_c="0.000000" m_d="0.082687" m_tx="17.950001" m_ty="-43.000000"/>
   <element name="gold_dust01" layername="gold_dus" frame="0" z_index="6" m_a="1.000000" m_b="0.000000" m_c="0.000000" m_d="1.000000" m_tx="0.000000" m_ty="0.000000"/>
  </frame>
  <frame idx="25" w="241" h="205" x="-30.000000" y="-60.497791">
   <element name="sparkle" layername="sparkle" frame="0" z_index="5" m_a="0.088396" m_b="0.006282" m_c="-0.006282" m_d="0.088396" m_tx="17.950001" m_ty="-43.000000"/>
   <element name="gold_dust01" layername="gold_dus" frame="0" z_index="6" m_a="1.000000" m_b="0.000000" m_c="0.000000" m_d="1.000000" m_tx="0.000000" m_ty="0.000000"/>
  </frame>
  <frame idx="50" w="241" h="205" x="-30.000000" y="-60.497509">
   <element name="sparkle" layername="sparkle" frame="0" z_index="5" m_a="0.099608" m_b="0.024385" m_c="-0.024385" m_d="0.099608" m_tx="17.925758" m_ty="-43.000000"/>
   <element name="gold_dust01" layername="gold_dus" frame="0" z_index="6" m_a="1.000000" m_b="0.000000" m_c="0.000000" m_d="1.000000" m_tx="0.000000" m_ty="0.000000"/>
  </frame>
  <frame idx="75" w="241" h="205" x="-30.000000" y="-60.509399">
   <element name="sparkle" layername="sparkle" frame="0" z_index="5" m_a="0.108844" m_b="0.061134" m_c="-0.061134" m_d="0.108844" m_tx="17.900000" m_ty="-43.012119"/>
   <element name="gold_dust01" layername="gold_dus" frame="0" z_index="6" m_a="1.000000" m_b="0.000000" m_c="0.000000" m_d="1.000000" m_tx="0.000000" m_ty="0.000000"/>
  </frame>
  <frame idx="100" w="241" h="205" x="-30.000000" y="-60.547535">
   <element name="sparkle" layername="sparkle" frame="0" z_index="5" m_a="0.098495" m_b="0.120102" m_c="-0.120102" m_d="0.098495" m_tx="17.900000" m_ty="-43.049999"/>
   <element name="gold_dust01" layername="gold_dus" frame="0" z_index="6" m_a="1.000000" m_b="0.000000" m_c="0.000000" m_d="1.000000" m_tx="0.000000" m_ty="0.000000"/>
  </frame>
  <frame idx="125" w="243" h="205" x="-31.330769" y="-60.549107">
   <element name="sparkle" layername="sparkle" frame="0" z_index="5" m_a="0.035660" m_b="0.193965" m_c="-0.193965" m_d="0.035660" m_tx="17.936766" m_ty="-43.049999"/>
   <element name="gold_dust01" layername="gold_dus" frame="0" z_index="6" m_a="1.000000" m_b="0.000000" m_c="0.000000" m_d="1.000000" m_tx="0.000000" m_ty="0.000000"/>
  </frame>
  <frame idx="150" w="286" h="205" x="-70.549225" y="-60.576813">
   <element name="sparkle" layername="sparkle" frame="0" z_index="5" m_a="-0.102818" m_b="0.225049" m_c="-0.225049" m_d="-0.102818" m_tx="17.974243" m_ty="-43.074242"/>
   <element name="gold_dust01" layername="gold_dus" frame="0" z_index="6" m_a="1.000000" m_b="0.000000" m_c="0.000000" m_d="1.000000" m_tx="0.000000" m_ty="0.000000"/>
  </frame>
  <frame idx="175" w="309" h="205" x="-92.058266" y="-60.594860">
   <element name="sparkle" layername="sparkle" frame="0" z_index="5" m_a="-0.279175" m_b="0.126411" m_c="-0.126411" m_d="-0.279175" m_tx="18.012121" m_ty="-43.087879"/>
   <element name="gold_dust01" layername="gold_dus" frame="0" z_index="6" m_a="1.000000" m_b="0.000000" m_c="0.000000" m_d="1.000000" m_tx="0.000000" m_ty="0.000000"/>
  </frame>
  <frame idx="200" w="266" h="247" x="-52.213020" y="-98.903793">
   <element name="sparkle" layername="sparkle" frame="0" z_index="5" m_a="-0.345824" m_b="-0.143252" m_c="0.143252" m_d="-0.345824" m_tx="18.049999" m_ty="-43.049999"/>
   <element name="gold_dust01" layername="gold_dus" frame="0" z_index="6" m_a="1.000000" m_b="0.000000" m_c="0.000000" m_d="1.000000" m_tx="0.000000" m_ty="0.000000"/>
  </frame>
  <frame idx="225" w="241" h="269" x="-30.000000" y="-119.468918">
   <element name="sparkle" layername="sparkle" frame="0" z_index="5" m_a="-0.107733" m_b="-0.438608" m_c="0.438608" m_d="-0.107733" m_tx="18.013235" m_ty="-42.976471"/>
   <element name="gold_dust01" layername="gold_dus" frame="0" z_index="6" m_a="1.000000" m_b="0.000000" m_c="0.000000" m_d="1.000000" m_tx="0.000000" m_ty="0.000000"/>
  </frame>
  <frame idx="250" w="241" h="205" x="-30.000000" y="-60.464481">
   <element name="sparkle" layername="sparkle" frame="0" z_index="5" m_a="0.390509" m_b="-0.370761" m_c="0.370761" m_d="0.390509" m_tx="17.975758" m_ty="-42.974243"/>
   <element name="gold_dust01" layername="gold_dus" frame="0" z_index="6" m_a="1.000000" m_b="0.000000" m_c="0.000000" m_d="1.000000" m_tx="0.000000" m_ty="0.000000"/>
  </frame>
  <frame idx="275" w="241" h="247" x="-30.000000" y="-64.010849">
   <element name="sparkle" layername="sparkle" frame="0" z_index="5" m_a="0.535541" m_b="0.199987" m_c="-0.199987" m_d="0.535541" m_tx="17.937880" m_ty="-43.024242"/>
   <element name="gold_dust01" layername="gold_dus" frame="0" z_index="6" m_a="1.000000" m_b="0.000000" m_c="0.000000" m_d="1.000000" m_tx="0.000000" m_ty="0.000000"/>
  </frame>
  <frame idx="300" w="304" h="208" x="-87.348045" y="-60.598843">
   <element name="sparkle" layername="sparkle" frame="0" z_index="5" m_a="0.046222" m_b="0.477234" m_c="-0.477234" m_d="0.046222" m_tx="17.900000" m_ty="-43.099998"/>
   <element name="gold_dust01" layername="gold_dus" frame="0" z_index="6" m_a="1.000000" m_b="0.000000" m_c="0.000000" m_d="1.000000" m_tx="0.000000" m_ty="0.000000"/>
  </frame>
  <frame idx="325" w="346" h="205" x="-126.140198" y="-60.607491">
   <element name="sparkle" layername="sparkle" frame="0" z_index="5" m_a="-0.299638" m_b="0.268202" m_c="-0.268202" m_d="-0.299638" m_tx="18.010294" m_ty="-43.099998"/>
   <element name="gold_dust01" layername="gold_dus" frame="0" z_index="6" m_a="1.000000" m_b="0.000000" m_c="0.000000" m_d="1.000000" m_tx="0.000000" m_ty="0.000000"/>
  </frame>
  <frame idx="350" w="284" h="217" x="-68.722900" y="-71.464127">
   <element name="sparkle" layername="sparkle" frame="0" z_index="5" m_a="-0.328052" m_b="-0.043135" m_c="0.043135" m_d="-0.328052" m_tx="18.025757" m_ty="-43.051514"/>
   <element name="gold_dust01" layername="gold_dus" frame="0" z_index="6" m_a="1.000000" m_b="0.000000" m_c="0.000000" m_d="1.000000" m_tx="0.000000" m_ty="0.000000"/>
  </frame>
  <frame idx="375" w="241" h="223" x="-30.000000" y="-77.419266">
   <element name="sparkle" layername="sparkle" frame="0" z_index="5" m_a="-0.165836" m_b="-0.209478" m_c="0.209478" m_d="-0.165836" m_tx="18.000000" m_ty="-43.000000"/>
   <element name="gold_dust01" layername="gold_dus" frame="0" z_index="6" m_a="1.000000" m_b="0.000000" m_c="0.000000" m_d="1.000000" m_tx="0.000000" m_ty="0.000000"/>
  </frame>
  <frame idx="400" w="241" h="205" x="-30.000000" y="-60.500000">
   <element name="sparkle" layername="sparkle" frame="0" z_index="5" m_a="-0.000000" m_b="-0.212296" m_c="0.212296" m_d="-0.000000" m_tx="18.000000" m_ty="-43.000000"/>
   <element name="gold_dust01" layername="gold_dus" frame="0" z_index="6" m_a="1.000000" m_b="0.000000" m_c="0.000000" m_d="1.000000" m_tx="0.000000" m_ty="0.000000"/>
  </frame>
  <frame idx="425" w="241" h="205" x="-30.000000" y="-60.461174">
   <element name="sparkle" layername="sparkle" frame="0" z_index="5" m_a="0.082452" m_b="-0.149130" m_c="0.149130" m_d="0.082452" m_tx="17.963236" m_ty="-42.963234"/>
   <element name="gold_dust01" layername="gold_dus" frame="0" z_index="6" m_a="1.000000" m_b="0.000000" m_c="0.000000" m_d="1.000000" m_tx="0.000000" m_ty="0.000000"/>
  </frame>
  <frame idx="450" w="241" h="205" x="-30.000000" y="-60.447289">
   <element name="sparkle" layername="sparkle" frame="0" z_index="5" m_a="0.108468" m_b="-0.081731" m_c="0.081731" m_d="0.108468" m_tx="17.925758" m_ty="-42.950001"/>
   <element name="gold_dust01" layername="gold_dus" frame="0" z_index="6" m_a="1.000000" m_b="0.000000" m_c="0.000000" m_d="1.000000" m_tx="0.000000" m_ty="0.000000"/>
  </frame>
  <frame idx="475" w="241" h="205" x="-30.000000" y="-60.459530">
   <element name="sparkle" layername="sparkle" frame="0" z_index="5" m_a="0.103609" m_b="-0.034431" m_c="0.034431" m_d="0.103609" m_tx="17.912121" m_ty="-42.962120"/>
   <element name="gold_dust01" layername="gold_dus" frame="0" z_index="6" m_a="1.000000" m_b="0.000000" m_c="0.000000" m_d="1.000000" m_tx="0.000000" m_ty="0.000000"/>
  </frame>
  <frame idx="500" w="241" h="205" x="-30.000000" y="-60.497742">
   <element name="sparkle" layername="sparkle" frame="0" z_index="5" m_a="0.090316" m_b="-0.008728" m_c="0.008728" m_d="0.090316" m_tx="17.950001" m_ty="-43.000000"/>
   <element name="gold_dust01" layername="gold_dus" frame="0" z_index="6" m_a="1.000000" m_b="0.000000" m_c="0.000000" m_d="1.000000" m_tx="0.000000" m_ty="0.000000"/>
  </frame>
  <frame idx="525" w="241" h="205" x="-30.000000" y="-60.497879">
   <element name="sparkle" layername="sparkle" frame="0" z_index="5" m_a="0.084790" m_b="-0.002163" m_c="0.002163" m_d="0.084790" m_tx="17.950001" m_ty="-43.000000"/>
   <element name="gold_dust01" layername="gold_dus" frame="0" z_index="6" m_a="1.000000" m_b="0.000000" m_c="0.000000" m_d="1.000000" m_tx="0.000000" m_ty="0.000000"/>
  </frame>
  <frame idx="550" w="241" h="205" x="-30.000000" y="-60.497932">
   <element name="sparkle" layername="sparkle" frame="0" z_index="5" m_a="0.082687" m_b="0.000000" m_c="0.000000" m_d="0.082687" m_tx="17.950001" m_ty="-43.000000"/>
   <element name="gold_dust01" layername="gold_dus" frame="0" z_index="6" m_a="1.000000" m_b="0.000000" m_c="0.000000" m_d="1.000000" m_tx="0.000000" m_ty="0.000000"/>
  </frame>
  <frame idx="575" w="241" h="205" x="-30.000000" y="-60.497932">
   <element name="sparkle" layername="sparkle" frame="0" z_index="6" m_a="0.082687" m_b="0.000000" m_c="0.000000" m_d="0.082687" m_tx="17.950001" m_ty="-43.000000"/>
   <element name="gold_dust01" layername="gold_dus" frame="0" z_index="6" m_a="1.000000" m_b="0.000000" m_c="0.000000" m_d="1.000000" m_tx="0.000000" m_ty="0.000000"/>
  </frame>
  <frame idx="600" w="241" h="205" x="-30.000000" y="-60.497932">
   <element name="sparkle" layername="sparkle" frame="0" z_index="6" m_a="0.082687" m_b="0.000000" m_c="0.000000" m_d="0.082687" m_tx="17.950001" m_ty="-43.000000"/>
   <element name="gold_dust01" layername="gold_dus" frame="0" z_index="6" m_a="1.000000" m_b="0.000000" m_c="0.000000" m_d="1.000000" m_tx="0.000000" m_ty="0.000000"/>
  </frame>
 </anim>
 <anim name="sparkle_water" root="ak_fix_powder" numframes="1200" framerate="40">
  <frame idx="0" w="201" h="168" x="-7.106937" y="-40.847931">
   <element name="sparkle" layername="sparkle" frame="0" z_index="5" m_a="0.082687" m_b="0.000000" m_c="0.000000" m_d="0.082718" m_tx="17.950001" m_ty="-26.850000"/>
   <element name="gold_dust01" layername="gold_dus" frame="1" z_index="6" m_a="1.068300" m_b="0.000000" m_c="0.000000" m_d="0.858734" m_tx="1.400000" m_ty="5.750000"/>
  </frame>
  <frame idx="25" w="201" h="168" x="-7.059299" y="-40.847790">
   <element name="sparkle" layername="sparkle" frame="0" z_index="5" m_a="0.088396" m_b="0.006282" m_c="-0.006284" m_d="0.088427" m_tx="17.950001" m_ty="-26.850000"/>
   <element name="gold_dust01" layername="gold_dus" frame="1" z_index="6" m_a="1.069668" m_b="0.000000" m_c="0.000000" m_d="0.857769" m_tx="1.436765" m_ty="5.823529"/>
  </frame>
  <frame idx="50" w="202" h="168" x="-7.034864" y="-40.847511">
   <element name="sparkle" layername="sparkle" frame="0" z_index="5" m_a="0.099611" m_b="0.024385" m_c="-0.024393" m_d="0.099644" m_tx="17.925758" m_ty="-26.850000"/>
   <element name="gold_dust01" layername="gold_dus" frame="1" z_index="6" m_a="1.071076" m_b="0.000000" m_c="0.000000" m_d="0.856808" m_tx="1.450000" m_ty="5.898485"/>
  </frame>
  <frame idx="75" w="202" h="168" x="-7.023443" y="-40.859398">
   <element name="sparkle" layername="sparkle" frame="0" z_index="5" m_a="0.108857" m_b="0.061139" m_c="-0.061151" m_d="0.108879" m_tx="17.900000" m_ty="-26.862122"/>
   <element name="gold_dust01" layername="gold_dus" frame="1" z_index="6" m_a="1.072513" m_b="0.000000" m_c="0.000000" m_d="0.855844" m_tx="1.450000" m_ty="5.974242"/>
  </frame>
  <frame idx="100" w="202" h="168" x="-7.011940" y="-40.897537">
   <element name="sparkle" layername="sparkle" frame="0" z_index="5" m_a="0.098520" m_b="0.120128" m_c="-0.120123" m_d="0.098516" m_tx="17.900000" m_ty="-26.900000"/>
   <element name="gold_dust01" layername="gold_dus" frame="1" z_index="6" m_a="1.073960" m_b="0.000000" m_c="0.000000" m_d="0.854874" m_tx="1.450000" m_ty="6.050000"/>
  </frame>
  <frame idx="125" w="227" h="168" x="-29.829002" y="-40.899109">
   <element name="sparkle" layername="sparkle" frame="0" z_index="5" m_a="0.035675" m_b="0.194039" m_c="-0.193972" m_d="0.035663" m_tx="17.936766" m_ty="-26.900000"/>
   <element name="gold_dust01" layername="gold_dus" frame="1" z_index="6" m_a="1.075350" m_b="0.000000" m_c="0.000000" m_d="0.853953" m_tx="1.450000" m_ty="6.086765"/>
  </frame>
  <frame idx="150" w="270" h="168" x="-69.061409" y="-40.926811">
   <element name="sparkle" layername="sparkle" frame="0" z_index="5" m_a="-0.102847" m_b="0.225113" m_c="-0.225080" m_d="-0.102832" m_tx="17.974243" m_ty="-26.924242"/>
   <element name="gold_dust01" layername="gold_dus" frame="1" z_index="6" m_a="1.076766" m_b="0.000000" m_c="0.000000" m_d="0.852993" m_tx="1.425758" m_ty="6.148485"/>
  </frame>
  <frame idx="175" w="294" h="168" x="-90.573433" y="-40.944862">
   <element name="sparkle" layername="sparkle" frame="0" z_index="5" m_a="-0.279213" m_b="0.126430" m_c="-0.126449" m_d="-0.279255" m_tx="18.012121" m_ty="-26.937880"/>
   <element name="gold_dust01" layername="gold_dus" frame="1" z_index="6" m_a="1.078201" m_b="0.000000" m_c="0.000000" m_d="0.852014" m_tx="1.400000" m_ty="6.212121"/>
  </frame>
  <frame idx="200" w="251" h="230" x="-50.709145" y="-97.429359">
   <element name="sparkle" layername="sparkle" frame="0" z_index="5" m_a="-0.345848" m_b="-0.143255" m_c="0.143300" m_d="-0.345957" m_tx="18.049999" m_ty="-26.900000"/>
   <element name="gold_dust01" layername="gold_dus" frame="1" z_index="6" m_a="1.079640" m_b="0.000000" m_c="0.000000" m_d="0.851044" m_tx="1.400000" m_ty="6.250000"/>
  </frame>
  <frame idx="225" w="203" h="253" x="-7.005735" y="-118.505264">
   <element name="sparkle" layername="sparkle" frame="0" z_index="5" m_a="-0.107776" m_b="-0.438765" m_c="0.438644" m_d="-0.107746" m_tx="18.013235" m_ty="-26.826469"/>
   <element name="gold_dust01" layername="gold_dus" frame="1" z_index="6" m_a="1.081030" m_b="0.000000" m_c="0.000000" m_d="0.850112" m_tx="1.400000" m_ty="6.360294"/>
  </frame>
  <frame idx="250" w="203" h="167" x="-6.994473" y="-40.814476">
   <element name="sparkle" layername="sparkle" frame="0" z_index="5" m_a="0.390587" m_b="-0.370838" m_c="0.370854" m_d="0.390604" m_tx="17.975758" m_ty="-26.824242"/>
   <element name="gold_dust01" layername="gold_dus" frame="1" z_index="6" m_a="1.082446" m_b="0.000000" m_c="0.000000" m_d="0.849163" m_tx="1.400000" m_ty="6.448485"/>
  </frame>
  <frame idx="275" w="205" h="227" x="-7.483089" y="-45.860847">
   <element name="sparkle" layername="sparkle" frame="0" z_index="5" m_a="0.535588" m_b="0.200007" m_c="-0.200062" m_d="0.535735" m_tx="17.937880" m_ty="-26.874243"/>
   <element name="gold_dust01" layername="gold_dus" frame="1" z_index="6" m_a="1.083878" m_b="0.000000" m_c="0.000000" m_d="0.848200" m_tx="1.400000" m_ty="6.524242"/>
  </frame>
  <frame idx="300" w="291" h="189" x="-86.345787" y="-42.948845">
   <element name="sparkle" layername="sparkle" frame="0" z_index="5" m_a="0.046234" m_b="0.477446" m_c="-0.477236" m_d="0.046213" m_tx="17.900000" m_ty="-26.950001"/>
   <element name="gold_dust01" layername="gold_dus" frame="1" z_index="6" m_a="1.085310" m_b="0.000000" m_c="0.000000" m_d="0.847229" m_tx="1.400000" m_ty="6.600000"/>
  </frame>
  <frame idx="325" w="333" h="167" x="-125.164978" y="-40.957497">
   <element name="sparkle" layername="sparkle" frame="0" z_index="5" m_a="-0.299694" m_b="0.268249" m_c="-0.268270" m_d="-0.299717" m_tx="18.010294" m_ty="-26.950001"/>
   <element name="gold_dust01" layername="gold_dus" frame="1" z_index="6" m_a="1.086700" m_b="0.000000" m_c="0.000000" m_d="0.846286" m_tx="1.400000" m_ty="6.636765"/>
  </frame>
  <frame idx="350" w="270" h="199" x="-67.227905" y="-69.985077">
   <element name="sparkle" layername="sparkle" frame="0" z_index="5" m_a="-0.328087" m_b="-0.043140" m_c="0.043149" m_d="-0.328158" m_tx="18.025757" m_ty="-26.901516"/>
   <element name="gold_dust01" layername="gold_dus" frame="1" z_index="6" m_a="1.088121" m_b="0.000000" m_c="0.000000" m_d="0.845326" m_tx="1.400000" m_ty="6.698485"/>
  </frame>
  <frame idx="375" w="205" h="205" x="-7.437934" y="-75.935570">
   <element name="sparkle" layername="sparkle" frame="0" z_index="5" m_a="-0.165873" m_b="-0.209524" m_c="0.209520" m_d="-0.165870" m_tx="18.000000" m_ty="-26.850000"/>
   <element name="gold_dust01" layername="gold_dus" frame="1" z_index="6" m_a="1.089558" m_b="0.000000" m_c="0.000000" m_d="0.844362" m_tx="1.400000" m_ty="6.762121"/>
  </frame>
  <frame idx="400" w="206" h="168" x="-7.426551" y="-41.870285">
   <element name="sparkle" layername="sparkle" frame="0" z_index="5" m_a="-0.000000" m_b="-0.212387" m_c="0.212296" m_d="-0.000000" m_tx="18.000000" m_ty="-26.850000"/>
   <element name="gold_dust01" layername="gold_dus" frame="1" z_index="6" m_a="1.090990" m_b="0.000000" m_c="0.000000" m_d="0.843414" m_tx="1.400000" m_ty="6.800000"/>
  </frame>
  <frame idx="425" w="206" h="166" x="-7.415618" y="-40.811172">
   <element name="sparkle" layername="sparkle" frame="0" z_index="5" m_a="0.082478" m_b="-0.149172" m_c="0.149147" m_d="0.082464" m_tx="17.963236" m_ty="-26.813234"/>
   <element name="gold_dust01" layername="gold_dus" frame="1" z_index="6" m_a="1.092365" m_b="0.000000" m_c="0.000000" m_d="0.842460" m_tx="1.400000" m_ty="6.910294"/>
  </frame>
  <frame idx="450" w="206" h="166" x="-7.404360" y="-40.797287">
   <element name="sparkle" layername="sparkle" frame="0" z_index="5" m_a="0.108486" m_b="-0.081741" m_c="0.081750" m_d="0.108498" m_tx="17.925758" m_ty="-26.799999"/>
   <element name="gold_dust01" layername="gold_dus" frame="1" z_index="6" m_a="1.093781" m_b="0.000000" m_c="0.000000" m_d="0.841496" m_tx="1.400000" m_ty="6.998485"/>
  </frame>
  <frame idx="475" w="206" h="166" x="-7.392936" y="-40.809528">
   <element name="sparkle" layername="sparkle" frame="0" z_index="5" m_a="0.103614" m_b="-0.034431" m_c="0.034442" m_d="0.103647" m_tx="17.912121" m_ty="-26.812120"/>
   <element name="gold_dust01" layername="gold_dus" frame="1" z_index="6" m_a="1.095218" m_b="0.000000" m_c="0.000000" m_d="0.840529" m_tx="1.400000" m_ty="7.074243"/>
  </frame>
  <frame idx="500" w="207" h="166" x="-7.381553" y="-40.847740">
   <element name="sparkle" layername="sparkle" frame="0" z_index="5" m_a="0.090316" m_b="-0.008727" m_c="0.008729" m_d="0.090347" m_tx="17.950001" m_ty="-26.850000"/>
   <element name="gold_dust01" layername="gold_dus" frame="1" z_index="6" m_a="1.096650" m_b="0.000000" m_c="0.000000" m_d="0.839569" m_tx="1.400000" m_ty="7.150000"/>
  </frame>
  <frame idx="525" w="207" h="166" x="-7.370505" y="-40.847878">
   <element name="sparkle" layername="sparkle" frame="0" z_index="5" m_a="0.084790" m_b="-0.002162" m_c="0.002163" m_d="0.084821" m_tx="17.950001" m_ty="-26.850000"/>
   <element name="gold_dust01" layername="gold_dus" frame="1" z_index="6" m_a="1.098040" m_b="0.000000" m_c="0.000000" m_d="0.838638" m_tx="1.400000" m_ty="7.186765"/>
  </frame>
  <frame idx="550" w="207" h="166" x="-7.359164" y="-40.847931">
   <element name="sparkle" layername="sparkle" frame="0" z_index="5" m_a="0.082687" m_b="0.000000" m_c="0.000000" m_d="0.082718" m_tx="17.950001" m_ty="-26.850000"/>
   <element name="gold_dust01" layername="gold_dus" frame="1" z_index="6" m_a="1.099466" m_b="0.000000" m_c="0.000000" m_d="0.837681" m_tx="1.400000" m_ty="7.248485"/>
  </frame>
  <frame idx="575" w="207" h="166" x="-7.347661" y="-40.847931">
   <element name="sparkle" layername="sparkle" frame="0" z_index="6" m_a="0.082687" m_b="0.000000" m_c="0.000000" m_d="0.082718" m_tx="17.950001" m_ty="-26.850000"/>
   <element name="gold_dust01" layername="gold_dus" frame="1" z_index="6" m_a="1.100913" m_b="0.000000" m_c="0.000000" m_d="0.836718" m_tx="1.400000" m_ty="7.348485"/>
  </frame>
  <frame idx="600" w="207" h="166" x="-7.336158" y="-40.847931">
   <element name="sparkle" layername="sparkle" frame="0" z_index="6" m_a="0.082687" m_b="0.000000" m_c="0.000000" m_d="0.082718" m_tx="17.950001" m_ty="-26.850000"/>
   <element name="gold_dust01" layername="gold_dus" frame="1" z_index="6" m_a="1.102360" m_b="0.000000" m_c="0.000000" m_d="0.835770" m_tx="1.400000" m_ty="7.500000"/>
  </frame>
  <frame idx="625" w="207" h="166" x="-7.348024" y="-40.847931">
   <element name="sparkle" layername="sparkle" frame="0" z_index="6" m_a="0.082687" m_b="0.000000" m_c="0.000000" m_d="0.082718" m_tx="17.950001" m_ty="-26.850000"/>
   <element name="gold_dust01" layername="gold_dus" frame="1" z_index="6" m_a="1.100867" m_b="0.000000" m_c="0.000000" m_d="0.836746" m_tx="1.400000" m_ty="7.426471"/>
  </frame>
  <frame idx="650" w="207" h="166" x="-7.360083" y="-40.847931">
   <element name="sparkle" layername="sparkle" frame="0" z_index="6" m_a="0.082687" m_b="0.000000" m_c="0.000000" m_d="0.082718" m_tx="17.950001" m_ty="-26.850000"/>
   <element name="gold_dust01" layername="gold_dus" frame="1" z_index="6" m_a="1.099351" m_b="0.000000" m_c="0.000000" m_d="0.837748" m_tx="1.400000" m_ty="7.351515"/>
  </frame>
  <frame idx="675" w="207" h="166" x="-7.372210" y="-40.847931">
   <element name="sparkle" layername="sparkle" frame="0" z_index="6" m_a="0.082687" m_b="0.000000" m_c="0.000000" m_d="0.082718" m_tx="17.950001" m_ty="-26.850000"/>
   <element name="gold_dust01" layername="gold_dus" frame="1" z_index="6" m_a="1.097825" m_b="0.000000" m_c="0.000000" m_d="0.838769" m_tx="1.400000" m_ty="7.275758"/>
  </frame>
  <frame idx="700" w="207" h="166" x="-7.384255" y="-40.847931">
   <element name="sparkle" layername="sparkle" frame="0" z_index="6" m_a="0.082687" m_b="0.000000" m_c="0.000000" m_d="0.082718" m_tx="17.950001" m_ty="-26.850000"/>
   <element name="gold_dust01" layername="gold_dus" frame="1" z_index="6" m_a="1.096310" m_b="0.000000" m_c="0.000000" m_d="0.839798" m_tx="1.400000" m_ty="7.200000"/>
  </frame>
  <frame idx="725" w="206" h="166" x="-7.395947" y="-40.847931">
   <element name="sparkle" layername="sparkle" frame="0" z_index="6" m_a="0.082687" m_b="0.000000" m_c="0.000000" m_d="0.082718" m_tx="17.950001" m_ty="-26.850000"/>
   <element name="gold_dust01" layername="gold_dus" frame="1" z_index="6" m_a="1.094839" m_b="0.000000" m_c="0.000000" m_d="0.840786" m_tx="1.400000" m_ty="7.126471"/>
  </frame>
  <frame idx="750" w="206" h="166" x="-7.407903" y="-40.847931">
   <element name="sparkle" layername="sparkle" frame="0" z_index="6" m_a="0.082687" m_b="0.000000" m_c="0.000000" m_d="0.082718" m_tx="17.950001" m_ty="-26.850000"/>
   <element name="gold_dust01" layername="gold_dus" frame="1" z_index="6" m_a="1.093336" m_b="0.000000" m_c="0.000000" m_d="0.841807" m_tx="1.400000" m_ty="7.051515"/>
  </frame>
  <frame idx="775" w="206" h="167" x="-7.419990" y="-40.847931">
   <element name="sparkle" layername="sparkle" frame="0" z_index="6" m_a="0.082687" m_b="0.000000" m_c="0.000000" m_d="0.082718" m_tx="17.950001" m_ty="-26.850000"/>
   <element name="gold_dust01" layername="gold_dus" frame="1" z_index="6" m_a="1.091815" m_b="0.000000" m_c="0.000000" m_d="0.842836" m_tx="1.400000" m_ty="6.975758"/>
  </frame>
  <frame idx="800" w="206" h="167" x="-7.432035" y="-40.847931">
   <element name="sparkle" layername="sparkle" frame="0" z_index="6" m_a="0.082687" m_b="0.000000" m_c="0.000000" m_d="0.082718" m_tx="17.950001" m_ty="-26.850000"/>
   <element name="gold_dust01" layername="gold_dus" frame="1" z_index="6" m_a="1.090300" m_b="0.000000" m_c="0.000000" m_d="0.843842" m_tx="1.400000" m_ty="6.900000"/>
  </frame>
  <frame idx="825" w="205" h="167" x="-7.443727" y="-40.847931">
   <element name="sparkle" layername="sparkle" frame="0" z_index="6" m_a="0.082687" m_b="0.000000" m_c="0.000000" m_d="0.082718" m_tx="17.950001" m_ty="-26.850000"/>
   <element name="gold_dust01" layername="gold_dus" frame="1" z_index="6" m_a="1.088829" m_b="0.000000" m_c="0.000000" m_d="0.844852" m_tx="1.400000" m_ty="6.826471"/>
  </frame>
  <frame idx="850" w="205" h="167" x="-7.455645" y="-40.847931">
   <element name="sparkle" layername="sparkle" frame="0" z_index="6" m_a="0.082687" m_b="0.000000" m_c="0.000000" m_d="0.082718" m_tx="17.950001" m_ty="-26.850000"/>
   <element name="gold_dust01" layername="gold_dus" frame="1" z_index="6" m_a="1.087330" m_b="0.000000" m_c="0.000000" m_d="0.845866" m_tx="1.400000" m_ty="6.751515"/>
  </frame>
  <frame idx="875" w="205" h="167" x="-7.467710" y="-40.847931">
   <element name="sparkle" layername="sparkle" frame="0" z_index="6" m_a="0.082687" m_b="0.000000" m_c="0.000000" m_d="0.082718" m_tx="17.950001" m_ty="-26.850000"/>
   <element name="gold_dust01" layername="gold_dus" frame="1" z_index="6" m_a="1.085813" m_b="0.000000" m_c="0.000000" m_d="0.846883" m_tx="1.400000" m_ty="6.675757"/>
  </frame>
  <frame idx="900" w="205" h="167" x="-7.479815" y="-40.847931">
   <element name="sparkle" layername="sparkle" frame="0" z_index="6" m_a="0.082687" m_b="0.000000" m_c="0.000000" m_d="0.082718" m_tx="17.950001" m_ty="-26.850000"/>
   <element name="gold_dust01" layername="gold_dus" frame="1" z_index="6" m_a="1.084290" m_b="0.000000" m_c="0.000000" m_d="0.847900" m_tx="1.400000" m_ty="6.600000"/>
  </frame>
  <frame idx="925" w="203" h="167" x="-6.991565" y="-40.847931">
   <element name="sparkle" layername="sparkle" frame="0" z_index="6" m_a="0.082687" m_b="0.000000" m_c="0.000000" m_d="0.082718" m_tx="17.950001" m_ty="-26.850000"/>
   <element name="gold_dust01" layername="gold_dus" frame="1" z_index="6" m_a="1.082812" m_b="0.000000" m_c="0.000000" m_d="0.848899" m_tx="1.400000" m_ty="6.526471"/>
  </frame>
  <frame idx="950" w="203" h="167" x="-7.003466" y="-40.847931">
   <element name="sparkle" layername="sparkle" frame="0" z_index="6" m_a="0.082687" m_b="0.000000" m_c="0.000000" m_d="0.082718" m_tx="17.950001" m_ty="-26.850000"/>
   <element name="gold_dust01" layername="gold_dus" frame="1" z_index="6" m_a="1.081315" m_b="0.000000" m_c="0.000000" m_d="0.849909" m_tx="1.400000" m_ty="6.451515"/>
  </frame>
  <frame idx="975" w="203" h="167" x="-7.003369" y="-40.847931">
   <element name="sparkle" layername="sparkle" frame="0" z_index="6" m_a="0.082687" m_b="0.000000" m_c="0.000000" m_d="0.082718" m_tx="17.950001" m_ty="-26.850000"/>
   <element name="gold_dust01" layername="gold_dus" frame="1" z_index="6" m_a="1.079803" m_b="0.000000" m_c="0.000000" m_d="0.850927" m_tx="1.412121" m_ty="6.375758"/>
  </frame>
  <frame idx="1000" w="203" h="168" x="-6.977595" y="-40.847931">
   <element name="sparkle" layername="sparkle" frame="0" z_index="6" m_a="0.082687" m_b="0.000000" m_c="0.000000" m_d="0.082718" m_tx="17.950001" m_ty="-26.850000"/>
   <element name="gold_dust01" layername="gold_dus" frame="1" z_index="6" m_a="1.078280" m_b="0.000000" m_c="0.000000" m_d="0.851944" m_tx="1.450000" m_ty="6.300000"/>
  </frame>
  <frame idx="1025" w="202" h="168" x="-6.989286" y="-40.847931">
   <element name="sparkle" layername="sparkle" frame="0" z_index="6" m_a="0.082687" m_b="0.000000" m_c="0.000000" m_d="0.082718" m_tx="17.950001" m_ty="-26.850000"/>
   <element name="gold_dust01" layername="gold_dus" frame="1" z_index="6" m_a="1.076809" m_b="0.000000" m_c="0.000000" m_d="0.852954" m_tx="1.450000" m_ty="6.226470"/>
  </frame>
  <frame idx="1050" w="202" h="168" x="-7.001204" y="-40.847931">
   <element name="sparkle" layername="sparkle" frame="0" z_index="6" m_a="0.082687" m_b="0.000000" m_c="0.000000" m_d="0.082718" m_tx="17.950001" m_ty="-26.850000"/>
   <element name="gold_dust01" layername="gold_dus" frame="1" z_index="6" m_a="1.075310" m_b="0.000000" m_c="0.000000" m_d="0.853961" m_tx="1.450000" m_ty="6.151515"/>
  </frame>
  <frame idx="1075" w="202" h="168" x="-7.013269" y="-40.847931">
   <element name="sparkle" layername="sparkle" frame="0" z_index="6" m_a="0.082687" m_b="0.000000" m_c="0.000000" m_d="0.082718" m_tx="17.950001" m_ty="-26.850000"/>
   <element name="gold_dust01" layername="gold_dus" frame="1" z_index="6" m_a="1.073793" m_b="0.000000" m_c="0.000000" m_d="0.854978" m_tx="1.450000" m_ty="6.075758"/>
  </frame>
  <frame idx="1100" w="202" h="168" x="-7.025374" y="-40.847931">
   <element name="sparkle" layername="sparkle" frame="0" z_index="6" m_a="0.082687" m_b="0.000000" m_c="0.000000" m_d="0.082718" m_tx="17.950001" m_ty="-26.850000"/>
   <element name="gold_dust01" layername="gold_dus" frame="1" z_index="6" m_a="1.072270" m_b="0.000000" m_c="0.000000" m_d="0.856018" m_tx="1.450000" m_ty="6.000000"/>
  </frame>
  <frame idx="1125" w="202" h="168" x="-7.073655" y="-40.847931">
   <element name="sparkle" layername="sparkle" frame="0" z_index="6" m_a="0.082687" m_b="0.000000" m_c="0.000000" m_d="0.082718" m_tx="17.950001" m_ty="-26.850000"/>
   <element name="gold_dust01" layername="gold_dus" frame="1" z_index="6" m_a="1.070822" m_b="0.000000" m_c="0.000000" m_d="0.857017" m_tx="1.413235" m_ty="5.926471"/>
  </frame>
  <frame idx="1150" w="201" h="168" x="-7.098746" y="-40.847931">
   <element name="sparkle" layername="sparkle" frame="0" z_index="6" m_a="0.082687" m_b="0.000000" m_c="0.000000" m_d="0.082718" m_tx="17.950001" m_ty="-26.850000"/>
   <element name="gold_dust01" layername="gold_dus" frame="1" z_index="6" m_a="1.069330" m_b="0.000000" m_c="0.000000" m_d="0.858034" m_tx="1.400000" m_ty="5.827273"/>
  </frame>
  <frame idx="1175" w="201" h="168" x="-7.106937" y="-40.847931">
   <element name="sparkle" layername="sparkle" frame="0" z_index="6" m_a="0.082687" m_b="0.000000" m_c="0.000000" m_d="0.082718" m_tx="17.950001" m_ty="-26.850000"/>
   <element name="gold_dust01" layername="gold_dus" frame="1" z_index="6" m_a="1.068300" m_b="0.000000" m_c="0.000000" m_d="0.858734" m_tx="1.400000" m_ty="5.750000"/>
  </frame>
 </anim>
</Anims>
