<Anims>
 <anim name="BUILD" root="tp_cutlass" numframes="1000" framerate="40">
  <frame idx="0" w="144" h="502" x="-1.245651" y="-148.825958">
   <element name="swap_object" layername="swap_object" frame="0" z_index="3" m_a="1.000000" m_b="0.000000" m_c="0.000000" m_d="1.000000" m_tx="2.072350" m_ty="1.638452"/>
  </frame>
  <frame idx="25" w="144" h="286" x="57.375031" y="108.291748">
   <element name="swap_object" layername="swap_object" frame="0" z_index="3" m_a="1.000000" m_b="0.000000" m_c="0.000000" m_d="1.000000" m_tx="60.693031" m_ty="240.756149"/>
  </frame>
  <frame idx="50" w="144" h="286" x="57.375031" y="108.291748">
   <element name="swap_object" layername="swap_object" frame="0" z_index="3" m_a="1.000000" m_b="0.000000" m_c="0.000000" m_d="1.000000" m_tx="60.693031" m_ty="240.756149"/>
  </frame>
  <frame idx="75" w="144" h="286" x="57.375031" y="108.291748">
   <element name="swap_object" layername="swap_object" frame="0" z_index="3" m_a="1.000000" m_b="0.000000" m_c="0.000000" m_d="1.000000" m_tx="60.693031" m_ty="240.756149"/>
  </frame>
  <frame idx="100" w="144" h="286" x="57.375031" y="108.291748">
   <element name="swap_object" layername="swap_object" frame="0" z_index="3" m_a="1.000000" m_b="0.000000" m_c="0.000000" m_d="1.000000" m_tx="60.693031" m_ty="240.756149"/>
  </frame>
  <frame idx="125" w="144" h="286" x="57.375031" y="108.291748">
   <element name="swap_object" layername="swap_object" frame="0" z_index="3" m_a="1.000000" m_b="0.000000" m_c="0.000000" m_d="1.000000" m_tx="60.693031" m_ty="240.756149"/>
  </frame>
  <frame idx="150" w="144" h="286" x="57.375031" y="108.291748">
   <element name="swap_object" layername="swap_object" frame="0" z_index="3" m_a="1.000000" m_b="0.000000" m_c="0.000000" m_d="1.000000" m_tx="60.693031" m_ty="240.756149"/>
  </frame>
  <frame idx="175" w="144" h="286" x="57.375031" y="108.291748">
   <element name="swap_object" layername="swap_object" frame="0" z_index="3" m_a="1.000000" m_b="0.000000" m_c="0.000000" m_d="1.000000" m_tx="60.693031" m_ty="240.756149"/>
  </frame>
  <frame idx="200" w="144" h="286" x="57.375031" y="108.291748">
   <element name="swap_object" layername="swap_object" frame="0" z_index="3" m_a="1.000000" m_b="0.000000" m_c="0.000000" m_d="1.000000" m_tx="60.693031" m_ty="240.756149"/>
  </frame>
  <frame idx="225" w="144" h="286" x="57.375031" y="108.291748">
   <element name="swap_object" layername="swap_object" frame="0" z_index="3" m_a="1.000000" m_b="0.000000" m_c="0.000000" m_d="1.000000" m_tx="60.693031" m_ty="240.756149"/>
  </frame>
  <frame idx="250" w="144" h="286" x="57.375031" y="108.291748">
   <element name="swap_object" layername="swap_object" frame="0" z_index="3" m_a="1.000000" m_b="0.000000" m_c="0.000000" m_d="1.000000" m_tx="60.693031" m_ty="240.756149"/>
  </frame>
  <frame idx="275" w="144" h="286" x="57.375031" y="108.291748">
   <element name="swap_object" layername="swap_object" frame="0" z_index="3" m_a="1.000000" m_b="0.000000" m_c="0.000000" m_d="1.000000" m_tx="60.693031" m_ty="240.756149"/>
  </frame>
  <frame idx="300" w="144" h="286" x="57.375031" y="108.291748">
   <element name="swap_object" layername="swap_object" frame="0" z_index="3" m_a="1.000000" m_b="0.000000" m_c="0.000000" m_d="1.000000" m_tx="60.693031" m_ty="240.756149"/>
  </frame>
  <frame idx="325" w="144" h="286" x="57.375031" y="108.291748">
   <element name="swap_object" layername="swap_object" frame="0" z_index="3" m_a="1.000000" m_b="0.000000" m_c="0.000000" m_d="1.000000" m_tx="60.693031" m_ty="240.756149"/>
  </frame>
  <frame idx="350" w="144" h="286" x="57.375031" y="108.291748">
   <element name="swap_object" layername="swap_object" frame="0" z_index="3" m_a="1.000000" m_b="0.000000" m_c="0.000000" m_d="1.000000" m_tx="60.693031" m_ty="240.756149"/>
  </frame>
  <frame idx="375" w="144" h="286" x="57.375031" y="108.291748">
   <element name="swap_object" layername="swap_object" frame="0" z_index="3" m_a="1.000000" m_b="0.000000" m_c="0.000000" m_d="1.000000" m_tx="60.693031" m_ty="240.756149"/>
  </frame>
  <frame idx="400" w="144" h="286" x="57.375031" y="108.291748">
   <element name="swap_object" layername="swap_object" frame="0" z_index="3" m_a="1.000000" m_b="0.000000" m_c="0.000000" m_d="1.000000" m_tx="60.693031" m_ty="240.756149"/>
  </frame>
  <frame idx="425" w="144" h="286" x="57.375031" y="108.291748">
   <element name="swap_object" layername="swap_object" frame="0" z_index="3" m_a="1.000000" m_b="0.000000" m_c="0.000000" m_d="1.000000" m_tx="60.693031" m_ty="240.756149"/>
  </frame>
  <frame idx="450" w="144" h="286" x="57.375031" y="108.291748">
   <element name="swap_object" layername="swap_object" frame="0" z_index="3" m_a="1.000000" m_b="0.000000" m_c="0.000000" m_d="1.000000" m_tx="60.693031" m_ty="240.756149"/>
  </frame>
  <frame idx="475" w="144" h="286" x="57.375031" y="108.291748">
   <element name="swap_object" layername="swap_object" frame="0" z_index="3" m_a="1.000000" m_b="0.000000" m_c="0.000000" m_d="1.000000" m_tx="60.693031" m_ty="240.756149"/>
  </frame>
  <frame idx="500" w="144" h="286" x="57.375031" y="108.291748">
   <element name="swap_object" layername="swap_object" frame="0" z_index="3" m_a="1.000000" m_b="0.000000" m_c="0.000000" m_d="1.000000" m_tx="60.693031" m_ty="240.756149"/>
  </frame>
  <frame idx="525" w="144" h="286" x="57.375031" y="108.291748">
   <element name="swap_object" layername="swap_object" frame="0" z_index="3" m_a="1.000000" m_b="0.000000" m_c="0.000000" m_d="1.000000" m_tx="60.693031" m_ty="240.756149"/>
  </frame>
  <frame idx="550" w="144" h="286" x="57.375031" y="108.291748">
   <element name="swap_object" layername="swap_object" frame="0" z_index="3" m_a="1.000000" m_b="0.000000" m_c="0.000000" m_d="1.000000" m_tx="60.693031" m_ty="240.756149"/>
  </frame>
  <frame idx="575" w="144" h="286" x="57.375031" y="108.291748">
   <element name="swap_object" layername="swap_object" frame="0" z_index="3" m_a="1.000000" m_b="0.000000" m_c="0.000000" m_d="1.000000" m_tx="60.693031" m_ty="240.756149"/>
  </frame>
  <frame idx="600" w="144" h="286" x="57.375031" y="108.291748">
   <element name="swap_object" layername="swap_object" frame="0" z_index="3" m_a="1.000000" m_b="0.000000" m_c="0.000000" m_d="1.000000" m_tx="60.693031" m_ty="240.756149"/>
  </frame>
  <frame idx="625" w="144" h="286" x="57.375031" y="108.291748">
   <element name="swap_object" layername="swap_object" frame="0" z_index="3" m_a="1.000000" m_b="0.000000" m_c="0.000000" m_d="1.000000" m_tx="60.693031" m_ty="240.756149"/>
  </frame>
  <frame idx="650" w="144" h="286" x="57.375031" y="108.291748">
   <element name="swap_object" layername="swap_object" frame="0" z_index="3" m_a="1.000000" m_b="0.000000" m_c="0.000000" m_d="1.000000" m_tx="60.693031" m_ty="240.756149"/>
  </frame>
  <frame idx="675" w="144" h="286" x="57.375031" y="108.291748">
   <element name="swap_object" layername="swap_object" frame="0" z_index="3" m_a="1.000000" m_b="0.000000" m_c="0.000000" m_d="1.000000" m_tx="60.693031" m_ty="240.756149"/>
  </frame>
  <frame idx="700" w="144" h="286" x="57.375031" y="108.291748">
   <element name="swap_object" layername="swap_object" frame="0" z_index="3" m_a="1.000000" m_b="0.000000" m_c="0.000000" m_d="1.000000" m_tx="60.693031" m_ty="240.756149"/>
  </frame>
  <frame idx="725" w="144" h="286" x="57.375031" y="108.291748">
   <element name="swap_object" layername="swap_object" frame="0" z_index="3" m_a="1.000000" m_b="0.000000" m_c="0.000000" m_d="1.000000" m_tx="60.693031" m_ty="240.756149"/>
  </frame>
  <frame idx="750" w="144" h="286" x="57.375031" y="108.291748">
   <element name="swap_object" layername="swap_object" frame="0" z_index="3" m_a="1.000000" m_b="0.000000" m_c="0.000000" m_d="1.000000" m_tx="60.693031" m_ty="240.756149"/>
  </frame>
  <frame idx="775" w="144" h="286" x="57.375031" y="108.291748">
   <element name="swap_object" layername="swap_object" frame="0" z_index="3" m_a="1.000000" m_b="0.000000" m_c="0.000000" m_d="1.000000" m_tx="60.693031" m_ty="240.756149"/>
  </frame>
  <frame idx="800" w="144" h="286" x="57.375031" y="108.291748">
   <element name="swap_object" layername="swap_object" frame="0" z_index="3" m_a="1.000000" m_b="0.000000" m_c="0.000000" m_d="1.000000" m_tx="60.693031" m_ty="240.756149"/>
  </frame>
  <frame idx="825" w="144" h="286" x="57.375031" y="108.291748">
   <element name="swap_object" layername="swap_object" frame="0" z_index="3" m_a="1.000000" m_b="0.000000" m_c="0.000000" m_d="1.000000" m_tx="60.693031" m_ty="240.756149"/>
  </frame>
  <frame idx="850" w="144" h="286" x="57.375031" y="108.291748">
   <element name="swap_object" layername="swap_object" frame="0" z_index="3" m_a="1.000000" m_b="0.000000" m_c="0.000000" m_d="1.000000" m_tx="60.693031" m_ty="240.756149"/>
  </frame>
  <frame idx="875" w="144" h="286" x="57.375031" y="108.291748">
   <element name="swap_object" layername="swap_object" frame="0" z_index="3" m_a="1.000000" m_b="0.000000" m_c="0.000000" m_d="1.000000" m_tx="60.693031" m_ty="240.756149"/>
  </frame>
  <frame idx="900" w="144" h="286" x="57.375031" y="108.291748">
   <element name="swap_object" layername="swap_object" frame="0" z_index="3" m_a="1.000000" m_b="0.000000" m_c="0.000000" m_d="1.000000" m_tx="60.693031" m_ty="240.756149"/>
  </frame>
  <frame idx="925" w="144" h="286" x="57.375031" y="108.291748">
   <element name="swap_object" layername="swap_object" frame="0" z_index="3" m_a="1.000000" m_b="0.000000" m_c="0.000000" m_d="1.000000" m_tx="60.693031" m_ty="240.756149"/>
  </frame>
  <frame idx="950" w="144" h="286" x="57.375031" y="108.291748">
   <element name="swap_object" layername="swap_object" frame="0" z_index="3" m_a="1.000000" m_b="0.000000" m_c="0.000000" m_d="1.000000" m_tx="60.693031" m_ty="240.756149"/>
  </frame>
  <frame idx="975" w="144" h="286" x="57.375031" y="108.291748">
   <element name="swap_object" layername="swap_object" frame="0" z_index="3" m_a="1.000000" m_b="0.000000" m_c="0.000000" m_d="1.000000" m_tx="60.693031" m_ty="240.756149"/>
  </frame>
 </anim>
 <anim name="idle" root="tp_cutlass" numframes="1000" framerate="40">
  <frame idx="0" w="154" h="455" x="-17.280169" y="-161.024506">
   <element name="item" layername="item" frame="0" z_index="3" m_a="1.000000" m_b="0.000000" m_c="0.000000" m_d="1.000000" m_tx="0.435606" m_ty="0.018939"/>
  </frame>
  <frame idx="25" w="154" h="455" x="-17.280169" y="-161.024506">
   <element name="item" layername="item" frame="0" z_index="3" m_a="1.000000" m_b="0.000000" m_c="0.000000" m_d="1.000000" m_tx="0.435606" m_ty="0.018939"/>
  </frame>
  <frame idx="50" w="154" h="455" x="-17.280169" y="-161.024506">
   <element name="item" layername="item" frame="0" z_index="3" m_a="1.000000" m_b="0.000000" m_c="0.000000" m_d="1.000000" m_tx="0.435606" m_ty="0.018939"/>
  </frame>
  <frame idx="75" w="154" h="455" x="-17.280169" y="-161.024506">
   <element name="item" layername="item" frame="0" z_index="3" m_a="1.000000" m_b="0.000000" m_c="0.000000" m_d="1.000000" m_tx="0.435606" m_ty="0.018939"/>
  </frame>
  <frame idx="100" w="154" h="455" x="-17.280169" y="-161.024506">
   <element name="item" layername="item" frame="0" z_index="3" m_a="1.000000" m_b="0.000000" m_c="0.000000" m_d="1.000000" m_tx="0.435606" m_ty="0.018939"/>
  </frame>
  <frame idx="125" w="154" h="455" x="-17.280169" y="-161.024506">
   <element name="item" layername="item" frame="0" z_index="3" m_a="1.000000" m_b="0.000000" m_c="0.000000" m_d="1.000000" m_tx="0.435606" m_ty="0.018939"/>
  </frame>
  <frame idx="150" w="154" h="455" x="-17.280169" y="-161.024506">
   <element name="item" layername="item" frame="0" z_index="3" m_a="1.000000" m_b="0.000000" m_c="0.000000" m_d="1.000000" m_tx="0.435606" m_ty="0.018939"/>
  </frame>
  <frame idx="175" w="154" h="455" x="-17.280169" y="-161.024506">
   <element name="item" layername="item" frame="0" z_index="3" m_a="1.000000" m_b="0.000000" m_c="0.000000" m_d="1.000000" m_tx="0.435606" m_ty="0.018939"/>
  </frame>
  <frame idx="200" w="154" h="455" x="-17.280169" y="-161.024506">
   <element name="item" layername="item" frame="0" z_index="3" m_a="1.000000" m_b="0.000000" m_c="0.000000" m_d="1.000000" m_tx="0.435606" m_ty="0.018939"/>
  </frame>
  <frame idx="225" w="154" h="455" x="-17.280169" y="-161.024506">
   <element name="item" layername="item" frame="0" z_index="3" m_a="1.000000" m_b="0.000000" m_c="0.000000" m_d="1.000000" m_tx="0.435606" m_ty="0.018939"/>
  </frame>
  <frame idx="250" w="154" h="455" x="-17.280169" y="-161.024506">
   <element name="item" layername="item" frame="0" z_index="3" m_a="1.000000" m_b="0.000000" m_c="0.000000" m_d="1.000000" m_tx="0.435606" m_ty="0.018939"/>
  </frame>
  <frame idx="275" w="154" h="455" x="-17.280169" y="-161.024506">
   <element name="item" layername="item" frame="0" z_index="3" m_a="1.000000" m_b="0.000000" m_c="0.000000" m_d="1.000000" m_tx="0.435606" m_ty="0.018939"/>
  </frame>
  <frame idx="300" w="154" h="455" x="-17.280169" y="-161.024506">
   <element name="item" layername="item" frame="0" z_index="3" m_a="1.000000" m_b="0.000000" m_c="0.000000" m_d="1.000000" m_tx="0.435606" m_ty="0.018939"/>
  </frame>
  <frame idx="325" w="154" h="455" x="-17.280169" y="-161.024506">
   <element name="item" layername="item" frame="0" z_index="3" m_a="1.000000" m_b="0.000000" m_c="0.000000" m_d="1.000000" m_tx="0.435606" m_ty="0.018939"/>
  </frame>
  <frame idx="350" w="154" h="455" x="-17.280169" y="-161.024506">
   <element name="item" layername="item" frame="0" z_index="3" m_a="1.000000" m_b="0.000000" m_c="0.000000" m_d="1.000000" m_tx="0.435606" m_ty="0.018939"/>
  </frame>
  <frame idx="375" w="154" h="455" x="-17.280169" y="-161.024506">
   <element name="item" layername="item" frame="0" z_index="3" m_a="1.000000" m_b="0.000000" m_c="0.000000" m_d="1.000000" m_tx="0.435606" m_ty="0.018939"/>
  </frame>
  <frame idx="400" w="154" h="455" x="-17.280169" y="-161.024506">
   <element name="item" layername="item" frame="0" z_index="3" m_a="1.000000" m_b="0.000000" m_c="0.000000" m_d="1.000000" m_tx="0.435606" m_ty="0.018939"/>
  </frame>
  <frame idx="425" w="154" h="455" x="-17.280169" y="-161.024506">
   <element name="item" layername="item" frame="0" z_index="3" m_a="1.000000" m_b="0.000000" m_c="0.000000" m_d="1.000000" m_tx="0.435606" m_ty="0.018939"/>
  </frame>
  <frame idx="450" w="154" h="455" x="-17.280169" y="-161.024506">
   <element name="item" layername="item" frame="0" z_index="3" m_a="1.000000" m_b="0.000000" m_c="0.000000" m_d="1.000000" m_tx="0.435606" m_ty="0.018939"/>
  </frame>
  <frame idx="475" w="154" h="455" x="-17.280169" y="-161.024506">
   <element name="item" layername="item" frame="0" z_index="3" m_a="1.000000" m_b="0.000000" m_c="0.000000" m_d="1.000000" m_tx="0.435606" m_ty="0.018939"/>
  </frame>
  <frame idx="500" w="154" h="455" x="-17.280169" y="-161.024506">
   <element name="item" layername="item" frame="0" z_index="3" m_a="1.000000" m_b="0.000000" m_c="0.000000" m_d="1.000000" m_tx="0.435606" m_ty="0.018939"/>
  </frame>
  <frame idx="525" w="154" h="455" x="-17.280169" y="-161.024506">
   <element name="item" layername="item" frame="0" z_index="3" m_a="1.000000" m_b="0.000000" m_c="0.000000" m_d="1.000000" m_tx="0.435606" m_ty="0.018939"/>
  </frame>
  <frame idx="550" w="154" h="455" x="-17.280169" y="-161.024506">
   <element name="item" layername="item" frame="0" z_index="3" m_a="1.000000" m_b="0.000000" m_c="0.000000" m_d="1.000000" m_tx="0.435606" m_ty="0.018939"/>
  </frame>
  <frame idx="575" w="154" h="455" x="-17.280169" y="-161.024506">
   <element name="item" layername="item" frame="0" z_index="3" m_a="1.000000" m_b="0.000000" m_c="0.000000" m_d="1.000000" m_tx="0.435606" m_ty="0.018939"/>
  </frame>
  <frame idx="600" w="154" h="455" x="-17.280169" y="-161.024506">
   <element name="item" layername="item" frame="0" z_index="3" m_a="1.000000" m_b="0.000000" m_c="0.000000" m_d="1.000000" m_tx="0.435606" m_ty="0.018939"/>
  </frame>
  <frame idx="625" w="154" h="455" x="-17.280169" y="-161.024506">
   <element name="item" layername="item" frame="0" z_index="3" m_a="1.000000" m_b="0.000000" m_c="0.000000" m_d="1.000000" m_tx="0.435606" m_ty="0.018939"/>
  </frame>
  <frame idx="650" w="154" h="455" x="-17.280169" y="-161.024506">
   <element name="item" layername="item" frame="0" z_index="3" m_a="1.000000" m_b="0.000000" m_c="0.000000" m_d="1.000000" m_tx="0.435606" m_ty="0.018939"/>
  </frame>
  <frame idx="675" w="154" h="455" x="-17.280169" y="-161.024506">
   <element name="item" layername="item" frame="0" z_index="3" m_a="1.000000" m_b="0.000000" m_c="0.000000" m_d="1.000000" m_tx="0.435606" m_ty="0.018939"/>
  </frame>
  <frame idx="700" w="154" h="455" x="-17.280169" y="-161.024506">
   <element name="item" layername="item" frame="0" z_index="3" m_a="1.000000" m_b="0.000000" m_c="0.000000" m_d="1.000000" m_tx="0.435606" m_ty="0.018939"/>
  </frame>
  <frame idx="725" w="154" h="455" x="-17.280169" y="-161.024506">
   <element name="item" layername="item" frame="0" z_index="3" m_a="1.000000" m_b="0.000000" m_c="0.000000" m_d="1.000000" m_tx="0.435606" m_ty="0.018939"/>
  </frame>
  <frame idx="750" w="154" h="455" x="-17.280169" y="-161.024506">
   <element name="item" layername="item" frame="0" z_index="3" m_a="1.000000" m_b="0.000000" m_c="0.000000" m_d="1.000000" m_tx="0.435606" m_ty="0.018939"/>
  </frame>
  <frame idx="775" w="154" h="455" x="-17.280169" y="-161.024506">
   <element name="item" layername="item" frame="0" z_index="3" m_a="1.000000" m_b="0.000000" m_c="0.000000" m_d="1.000000" m_tx="0.435606" m_ty="0.018939"/>
  </frame>
  <frame idx="800" w="154" h="455" x="-17.280169" y="-161.024506">
   <element name="item" layername="item" frame="0" z_index="3" m_a="1.000000" m_b="0.000000" m_c="0.000000" m_d="1.000000" m_tx="0.435606" m_ty="0.018939"/>
  </frame>
  <frame idx="825" w="154" h="455" x="-17.280169" y="-161.024506">
   <element name="item" layername="item" frame="0" z_index="3" m_a="1.000000" m_b="0.000000" m_c="0.000000" m_d="1.000000" m_tx="0.435606" m_ty="0.018939"/>
  </frame>
  <frame idx="850" w="154" h="455" x="-17.280169" y="-161.024506">
   <element name="item" layername="item" frame="0" z_index="3" m_a="1.000000" m_b="0.000000" m_c="0.000000" m_d="1.000000" m_tx="0.435606" m_ty="0.018939"/>
  </frame>
  <frame idx="875" w="154" h="455" x="-17.280169" y="-161.024506">
   <element name="item" layername="item" frame="0" z_index="3" m_a="1.000000" m_b="0.000000" m_c="0.000000" m_d="1.000000" m_tx="0.435606" m_ty="0.018939"/>
  </frame>
  <frame idx="900" w="154" h="455" x="-17.280169" y="-161.024506">
   <element name="item" layername="item" frame="0" z_index="3" m_a="1.000000" m_b="0.000000" m_c="0.000000" m_d="1.000000" m_tx="0.435606" m_ty="0.018939"/>
  </frame>
  <frame idx="925" w="154" h="455" x="-17.280169" y="-161.024506">
   <element name="item" layername="item" frame="0" z_index="3" m_a="1.000000" m_b="0.000000" m_c="0.000000" m_d="1.000000" m_tx="0.435606" m_ty="0.018939"/>
  </frame>
  <frame idx="950" w="154" h="455" x="-17.280169" y="-161.024506">
   <element name="item" layername="item" frame="0" z_index="3" m_a="1.000000" m_b="0.000000" m_c="0.000000" m_d="1.000000" m_tx="0.435606" m_ty="0.018939"/>
  </frame>
  <frame idx="975" w="154" h="455" x="-17.280169" y="-161.024506">
   <element name="item" layername="item" frame="0" z_index="3" m_a="1.000000" m_b="0.000000" m_c="0.000000" m_d="1.000000" m_tx="0.435606" m_ty="0.018939"/>
  </frame>
 </anim>
 <anim name="idle_water" root="tp_cutlass" numframes="2000" framerate="40">
  <frame idx="0" w="348" h="117" x="-31.545212" y="-19.500031">
   <element name="item_water" layername="item_water" frame="0" z_index="3" m_a="1.000000" m_b="0.000000" m_c="0.000000" m_d="1.000000" m_tx="6.137390" m_ty="-12.500000"/>
  </frame>
  <frame idx="25" w="348" h="117" x="-31.545212" y="-19.399632">
   <element name="item_water" layername="item_water" frame="0" z_index="3" m_a="1.000000" m_b="0.000000" m_c="0.000000" m_d="1.000000" m_tx="6.137390" m_ty="-12.399600"/>
  </frame>
  <frame idx="50" w="348" h="117" x="-31.545212" y="-19.299231">
   <element name="item_water" layername="item_water" frame="0" z_index="3" m_a="1.000000" m_b="0.000000" m_c="0.000000" m_d="1.000000" m_tx="6.137390" m_ty="-12.299200"/>
  </frame>
  <frame idx="75" w="348" h="117" x="-31.545212" y="-19.202692">
   <element name="item_water" layername="item_water" frame="0" z_index="3" m_a="1.000000" m_b="0.000000" m_c="0.000000" m_d="1.000000" m_tx="6.137390" m_ty="-12.202662"/>
  </frame>
  <frame idx="100" w="348" h="117" x="-31.545212" y="-19.098431">
   <element name="item_water" layername="item_water" frame="0" z_index="3" m_a="1.000000" m_b="0.000000" m_c="0.000000" m_d="1.000000" m_tx="6.137390" m_ty="-12.098400"/>
  </frame>
  <frame idx="125" w="348" h="117" x="-31.545212" y="-18.998032">
   <element name="item_water" layername="item_water" frame="0" z_index="3" m_a="1.000000" m_b="0.000000" m_c="0.000000" m_d="1.000000" m_tx="6.137390" m_ty="-11.998000"/>
  </frame>
  <frame idx="150" w="348" h="117" x="-31.545212" y="-18.897631">
   <element name="item_water" layername="item_water" frame="0" z_index="3" m_a="1.000000" m_b="0.000000" m_c="0.000000" m_d="1.000000" m_tx="6.137390" m_ty="-11.897600"/>
  </frame>
  <frame idx="175" w="348" h="117" x="-31.545212" y="-18.797230">
   <element name="item_water" layername="item_water" frame="0" z_index="3" m_a="1.000000" m_b="0.000000" m_c="0.000000" m_d="1.000000" m_tx="6.137390" m_ty="-11.797200"/>
  </frame>
  <frame idx="200" w="348" h="117" x="-31.545212" y="-18.696831">
   <element name="item_water" layername="item_water" frame="0" z_index="3" m_a="1.000000" m_b="0.000000" m_c="0.000000" m_d="1.000000" m_tx="6.137390" m_ty="-11.696800"/>
  </frame>
  <frame idx="225" w="348" h="117" x="-31.545212" y="-18.596432">
   <element name="item_water" layername="item_water" frame="0" z_index="3" m_a="1.000000" m_b="0.000000" m_c="0.000000" m_d="1.000000" m_tx="6.137390" m_ty="-11.596400"/>
  </frame>
  <frame idx="250" w="348" h="116" x="-31.545212" y="-18.496031">
   <element name="item_water" layername="item_water" frame="0" z_index="3" m_a="1.000000" m_b="0.000000" m_c="0.000000" m_d="1.000000" m_tx="6.137390" m_ty="-11.496000"/>
  </frame>
  <frame idx="275" w="348" h="116" x="-31.545212" y="-18.395630">
   <element name="item_water" layername="item_water" frame="0" z_index="3" m_a="1.000000" m_b="0.000000" m_c="0.000000" m_d="1.000000" m_tx="6.137390" m_ty="-11.395600"/>
  </frame>
  <frame idx="300" w="348" h="116" x="-31.545212" y="-18.295231">
   <element name="item_water" layername="item_water" frame="0" z_index="3" m_a="1.000000" m_b="0.000000" m_c="0.000000" m_d="1.000000" m_tx="6.137390" m_ty="-11.295200"/>
  </frame>
  <frame idx="325" w="348" h="116" x="-31.545212" y="-18.194832">
   <element name="item_water" layername="item_water" frame="0" z_index="3" m_a="1.000000" m_b="0.000000" m_c="0.000000" m_d="1.000000" m_tx="6.137390" m_ty="-11.194800"/>
  </frame>
  <frame idx="350" w="348" h="116" x="-31.545212" y="-18.098293">
   <element name="item_water" layername="item_water" frame="0" z_index="3" m_a="1.000000" m_b="0.000000" m_c="0.000000" m_d="1.000000" m_tx="6.137390" m_ty="-11.098262"/>
  </frame>
  <frame idx="375" w="348" h="116" x="-31.545212" y="-17.998047">
   <element name="item_water" layername="item_water" frame="0" z_index="3" m_a="1.000000" m_b="0.000000" m_c="0.000000" m_d="1.000000" m_tx="6.137390" m_ty="-10.998016"/>
  </frame>
  <frame idx="400" w="348" h="116" x="-31.545212" y="-17.897648">
   <element name="item_water" layername="item_water" frame="0" z_index="3" m_a="1.000000" m_b="0.000000" m_c="0.000000" m_d="1.000000" m_tx="6.137390" m_ty="-10.897616"/>
  </frame>
  <frame idx="425" w="348" h="116" x="-31.545212" y="-17.797245">
   <element name="item_water" layername="item_water" frame="0" z_index="3" m_a="1.000000" m_b="0.000000" m_c="0.000000" m_d="1.000000" m_tx="6.137390" m_ty="-10.797215"/>
  </frame>
  <frame idx="450" w="348" h="116" x="-31.545212" y="-17.696846">
   <element name="item_water" layername="item_water" frame="0" z_index="3" m_a="1.000000" m_b="0.000000" m_c="0.000000" m_d="1.000000" m_tx="6.137390" m_ty="-10.696815"/>
  </frame>
  <frame idx="475" w="348" h="116" x="-31.545212" y="-17.596447">
   <element name="item_water" layername="item_water" frame="0" z_index="3" m_a="1.000000" m_b="0.000000" m_c="0.000000" m_d="1.000000" m_tx="6.137390" m_ty="-10.596416"/>
  </frame>
  <frame idx="500" w="348" h="115" x="-31.545212" y="-17.496046">
   <element name="item_water" layername="item_water" frame="0" z_index="3" m_a="1.000000" m_b="0.000000" m_c="0.000000" m_d="1.000000" m_tx="6.137390" m_ty="-10.496016"/>
  </frame>
  <frame idx="525" w="348" h="115" x="-31.545212" y="-17.395645">
   <element name="item_water" layername="item_water" frame="0" z_index="3" m_a="1.000000" m_b="0.000000" m_c="0.000000" m_d="1.000000" m_tx="6.137390" m_ty="-10.395616"/>
  </frame>
  <frame idx="550" w="348" h="115" x="-31.545212" y="-17.295246">
   <element name="item_water" layername="item_water" frame="0" z_index="3" m_a="1.000000" m_b="0.000000" m_c="0.000000" m_d="1.000000" m_tx="6.137390" m_ty="-10.295216"/>
  </frame>
  <frame idx="575" w="348" h="115" x="-31.545212" y="-17.194847">
   <element name="item_water" layername="item_water" frame="0" z_index="3" m_a="1.000000" m_b="0.000000" m_c="0.000000" m_d="1.000000" m_tx="6.137390" m_ty="-10.194816"/>
  </frame>
  <frame idx="600" w="348" h="115" x="-31.545212" y="-17.094446">
   <element name="item_water" layername="item_water" frame="0" z_index="3" m_a="1.000000" m_b="0.000000" m_c="0.000000" m_d="1.000000" m_tx="6.137390" m_ty="-10.094416"/>
  </frame>
  <frame idx="625" w="348" h="115" x="-31.545212" y="-16.994007">
   <element name="item_water" layername="item_water" frame="0" z_index="3" m_a="1.000000" m_b="0.000000" m_c="0.000000" m_d="1.000000" m_tx="6.137390" m_ty="-9.993978"/>
  </frame>
  <frame idx="650" w="348" h="115" x="-31.545212" y="-16.893606">
   <element name="item_water" layername="item_water" frame="0" z_index="3" m_a="1.000000" m_b="0.000000" m_c="0.000000" m_d="1.000000" m_tx="6.137390" m_ty="-9.893576"/>
  </frame>
  <frame idx="675" w="348" h="115" x="-31.545212" y="-16.793205">
   <element name="item_water" layername="item_water" frame="0" z_index="3" m_a="1.000000" m_b="0.000000" m_c="0.000000" m_d="1.000000" m_tx="6.137390" m_ty="-9.793176"/>
  </frame>
  <frame idx="700" w="348" h="115" x="-31.545212" y="-16.692806">
   <element name="item_water" layername="item_water" frame="0" z_index="3" m_a="1.000000" m_b="0.000000" m_c="0.000000" m_d="1.000000" m_tx="6.137390" m_ty="-9.692776"/>
  </frame>
  <frame idx="725" w="348" h="115" x="-31.545212" y="-16.592396">
   <element name="item_water" layername="item_water" frame="0" z_index="3" m_a="1.000000" m_b="0.000000" m_c="0.000000" m_d="1.000000" m_tx="6.137390" m_ty="-9.592366"/>
  </frame>
  <frame idx="750" w="348" h="113" x="-31.545212" y="-15.991997">
   <element name="item_water" layername="item_water" frame="0" z_index="3" m_a="1.000000" m_b="0.000000" m_c="0.000000" m_d="1.000000" m_tx="6.137390" m_ty="-9.491966"/>
  </frame>
  <frame idx="775" w="348" h="113" x="-31.545212" y="-15.891597">
   <element name="item_water" layername="item_water" frame="0" z_index="3" m_a="1.000000" m_b="0.000000" m_c="0.000000" m_d="1.000000" m_tx="6.137390" m_ty="-9.391566"/>
  </frame>
  <frame idx="800" w="348" h="113" x="-31.545212" y="-15.791197">
   <element name="item_water" layername="item_water" frame="0" z_index="3" m_a="1.000000" m_b="0.000000" m_c="0.000000" m_d="1.000000" m_tx="6.137390" m_ty="-9.291166"/>
  </frame>
  <frame idx="825" w="348" h="113" x="-31.545212" y="-15.690797">
   <element name="item_water" layername="item_water" frame="0" z_index="3" m_a="1.000000" m_b="0.000000" m_c="0.000000" m_d="1.000000" m_tx="6.137390" m_ty="-9.190766"/>
  </frame>
  <frame idx="850" w="348" h="113" x="-31.545212" y="-15.590397">
   <element name="item_water" layername="item_water" frame="0" z_index="3" m_a="1.000000" m_b="0.000000" m_c="0.000000" m_d="1.000000" m_tx="6.137390" m_ty="-9.090366"/>
  </frame>
  <frame idx="875" w="348" h="113" x="-31.545212" y="-15.489987">
   <element name="item_water" layername="item_water" frame="0" z_index="3" m_a="1.000000" m_b="0.000000" m_c="0.000000" m_d="1.000000" m_tx="6.137390" m_ty="-8.989957"/>
  </frame>
  <frame idx="900" w="348" h="113" x="-31.545212" y="-15.389586">
   <element name="item_water" layername="item_water" frame="0" z_index="3" m_a="1.000000" m_b="0.000000" m_c="0.000000" m_d="1.000000" m_tx="6.137390" m_ty="-8.889556"/>
  </frame>
  <frame idx="925" w="348" h="113" x="-31.545212" y="-15.289186">
   <element name="item_water" layername="item_water" frame="0" z_index="3" m_a="1.000000" m_b="0.000000" m_c="0.000000" m_d="1.000000" m_tx="6.137390" m_ty="-8.789156"/>
  </frame>
  <frame idx="950" w="348" h="113" x="-31.545212" y="-15.188787">
   <element name="item_water" layername="item_water" frame="0" z_index="3" m_a="1.000000" m_b="0.000000" m_c="0.000000" m_d="1.000000" m_tx="6.137390" m_ty="-8.688756"/>
  </frame>
  <frame idx="975" w="348" h="113" x="-31.545212" y="-15.088387">
   <element name="item_water" layername="item_water" frame="0" z_index="3" m_a="1.000000" m_b="0.000000" m_c="0.000000" m_d="1.000000" m_tx="6.137390" m_ty="-8.588356"/>
  </frame>
  <frame idx="1000" w="348" h="112" x="-31.545212" y="-15.018706">
   <element name="item_water" layername="item_water" frame="0" z_index="3" m_a="1.000000" m_b="0.000000" m_c="0.000000" m_d="1.000000" m_tx="6.137390" m_ty="-8.518676"/>
  </frame>
  <frame idx="1025" w="348" h="113" x="-31.545212" y="-15.111586">
   <element name="item_water" layername="item_water" frame="0" z_index="3" m_a="1.000000" m_b="0.000000" m_c="0.000000" m_d="1.000000" m_tx="6.137390" m_ty="-8.611555"/>
  </frame>
  <frame idx="1050" w="348" h="113" x="-31.545212" y="-15.211186">
   <element name="item_water" layername="item_water" frame="0" z_index="3" m_a="1.000000" m_b="0.000000" m_c="0.000000" m_d="1.000000" m_tx="6.137390" m_ty="-8.711156"/>
  </frame>
  <frame idx="1075" w="348" h="113" x="-31.545212" y="-15.310786">
   <element name="item_water" layername="item_water" frame="0" z_index="3" m_a="1.000000" m_b="0.000000" m_c="0.000000" m_d="1.000000" m_tx="6.137390" m_ty="-8.810756"/>
  </frame>
  <frame idx="1100" w="348" h="113" x="-31.545212" y="-15.414371">
   <element name="item_water" layername="item_water" frame="0" z_index="3" m_a="1.000000" m_b="0.000000" m_c="0.000000" m_d="1.000000" m_tx="6.137390" m_ty="-8.914340"/>
  </frame>
  <frame idx="1125" w="348" h="113" x="-31.545212" y="-15.513970">
   <element name="item_water" layername="item_water" frame="0" z_index="3" m_a="1.000000" m_b="0.000000" m_c="0.000000" m_d="1.000000" m_tx="6.137390" m_ty="-9.013940"/>
  </frame>
  <frame idx="1150" w="348" h="113" x="-31.545212" y="-15.613581">
   <element name="item_water" layername="item_water" frame="0" z_index="3" m_a="1.000000" m_b="0.000000" m_c="0.000000" m_d="1.000000" m_tx="6.137390" m_ty="-9.113550"/>
  </frame>
  <frame idx="1175" w="348" h="113" x="-31.545212" y="-15.713181">
   <element name="item_water" layername="item_water" frame="0" z_index="3" m_a="1.000000" m_b="0.000000" m_c="0.000000" m_d="1.000000" m_tx="6.137390" m_ty="-9.213150"/>
  </frame>
  <frame idx="1200" w="348" h="113" x="-31.545212" y="-15.812780">
   <element name="item_water" layername="item_water" frame="0" z_index="3" m_a="1.000000" m_b="0.000000" m_c="0.000000" m_d="1.000000" m_tx="6.137390" m_ty="-9.312750"/>
  </frame>
  <frame idx="1225" w="348" h="113" x="-31.545212" y="-15.912380">
   <element name="item_water" layername="item_water" frame="0" z_index="3" m_a="1.000000" m_b="0.000000" m_c="0.000000" m_d="1.000000" m_tx="6.137390" m_ty="-9.412350"/>
  </frame>
  <frame idx="1250" w="348" h="113" x="-31.545212" y="-16.011980">
   <element name="item_water" layername="item_water" frame="0" z_index="3" m_a="1.000000" m_b="0.000000" m_c="0.000000" m_d="1.000000" m_tx="6.137390" m_ty="-9.511950"/>
  </frame>
  <frame idx="1275" w="348" h="115" x="-31.545212" y="-16.611580">
   <element name="item_water" layername="item_water" frame="0" z_index="3" m_a="1.000000" m_b="0.000000" m_c="0.000000" m_d="1.000000" m_tx="6.137390" m_ty="-9.611550"/>
  </frame>
  <frame idx="1300" w="348" h="115" x="-31.545212" y="-16.711182">
   <element name="item_water" layername="item_water" frame="0" z_index="3" m_a="1.000000" m_b="0.000000" m_c="0.000000" m_d="1.000000" m_tx="6.137390" m_ty="-9.711150"/>
  </frame>
  <frame idx="1325" w="348" h="115" x="-31.545212" y="-16.810791">
   <element name="item_water" layername="item_water" frame="0" z_index="3" m_a="1.000000" m_b="0.000000" m_c="0.000000" m_d="1.000000" m_tx="6.137390" m_ty="-9.810760"/>
  </frame>
  <frame idx="1350" w="348" h="115" x="-31.545212" y="-16.910391">
   <element name="item_water" layername="item_water" frame="0" z_index="3" m_a="1.000000" m_b="0.000000" m_c="0.000000" m_d="1.000000" m_tx="6.137390" m_ty="-9.910360"/>
  </frame>
  <frame idx="1375" w="348" h="115" x="-31.545212" y="-17.010031">
   <element name="item_water" layername="item_water" frame="0" z_index="3" m_a="1.000000" m_b="0.000000" m_c="0.000000" m_d="1.000000" m_tx="6.137390" m_ty="-10.010000"/>
  </frame>
  <frame idx="1400" w="348" h="115" x="-31.545212" y="-17.109631">
   <element name="item_water" layername="item_water" frame="0" z_index="3" m_a="1.000000" m_b="0.000000" m_c="0.000000" m_d="1.000000" m_tx="6.137390" m_ty="-10.109600"/>
  </frame>
  <frame idx="1425" w="348" h="115" x="-31.545212" y="-17.209230">
   <element name="item_water" layername="item_water" frame="0" z_index="3" m_a="1.000000" m_b="0.000000" m_c="0.000000" m_d="1.000000" m_tx="6.137390" m_ty="-10.209200"/>
  </frame>
  <frame idx="1450" w="348" h="115" x="-31.545212" y="-17.308830">
   <element name="item_water" layername="item_water" frame="0" z_index="3" m_a="1.000000" m_b="0.000000" m_c="0.000000" m_d="1.000000" m_tx="6.137390" m_ty="-10.308800"/>
  </frame>
  <frame idx="1475" w="348" h="115" x="-31.545212" y="-17.408430">
   <element name="item_water" layername="item_water" frame="0" z_index="3" m_a="1.000000" m_b="0.000000" m_c="0.000000" m_d="1.000000" m_tx="6.137390" m_ty="-10.408400"/>
  </frame>
  <frame idx="1500" w="348" h="115" x="-31.545212" y="-17.508030">
   <element name="item_water" layername="item_water" frame="0" z_index="3" m_a="1.000000" m_b="0.000000" m_c="0.000000" m_d="1.000000" m_tx="6.137390" m_ty="-10.508000"/>
  </frame>
  <frame idx="1525" w="348" h="116" x="-31.545212" y="-17.607632">
   <element name="item_water" layername="item_water" frame="0" z_index="3" m_a="1.000000" m_b="0.000000" m_c="0.000000" m_d="1.000000" m_tx="6.137390" m_ty="-10.607600"/>
  </frame>
  <frame idx="1550" w="348" h="116" x="-31.545212" y="-17.707230">
   <element name="item_water" layername="item_water" frame="0" z_index="3" m_a="1.000000" m_b="0.000000" m_c="0.000000" m_d="1.000000" m_tx="6.137390" m_ty="-10.707200"/>
  </frame>
  <frame idx="1575" w="348" h="116" x="-31.545212" y="-17.806831">
   <element name="item_water" layername="item_water" frame="0" z_index="3" m_a="1.000000" m_b="0.000000" m_c="0.000000" m_d="1.000000" m_tx="6.137390" m_ty="-10.806800"/>
  </frame>
  <frame idx="1600" w="348" h="116" x="-31.545212" y="-17.906429">
   <element name="item_water" layername="item_water" frame="0" z_index="3" m_a="1.000000" m_b="0.000000" m_c="0.000000" m_d="1.000000" m_tx="6.137390" m_ty="-10.906400"/>
  </frame>
  <frame idx="1625" w="348" h="116" x="-31.545212" y="-18.006031">
   <element name="item_water" layername="item_water" frame="0" z_index="3" m_a="1.000000" m_b="0.000000" m_c="0.000000" m_d="1.000000" m_tx="6.137390" m_ty="-11.006000"/>
  </frame>
  <frame idx="1650" w="348" h="116" x="-31.545212" y="-18.105631">
   <element name="item_water" layername="item_water" frame="0" z_index="3" m_a="1.000000" m_b="0.000000" m_c="0.000000" m_d="1.000000" m_tx="6.137390" m_ty="-11.105600"/>
  </frame>
  <frame idx="1675" w="348" h="116" x="-31.545212" y="-18.205231">
   <element name="item_water" layername="item_water" frame="0" z_index="3" m_a="1.000000" m_b="0.000000" m_c="0.000000" m_d="1.000000" m_tx="6.137390" m_ty="-11.205200"/>
  </frame>
  <frame idx="1700" w="348" h="116" x="-31.545212" y="-18.304831">
   <element name="item_water" layername="item_water" frame="0" z_index="3" m_a="1.000000" m_b="0.000000" m_c="0.000000" m_d="1.000000" m_tx="6.137390" m_ty="-11.304800"/>
  </frame>
  <frame idx="1725" w="348" h="116" x="-31.545212" y="-18.404430">
   <element name="item_water" layername="item_water" frame="0" z_index="3" m_a="1.000000" m_b="0.000000" m_c="0.000000" m_d="1.000000" m_tx="6.137390" m_ty="-11.404400"/>
  </frame>
  <frame idx="1750" w="348" h="116" x="-31.545212" y="-18.504030">
   <element name="item_water" layername="item_water" frame="0" z_index="3" m_a="1.000000" m_b="0.000000" m_c="0.000000" m_d="1.000000" m_tx="6.137390" m_ty="-11.504000"/>
  </frame>
  <frame idx="1775" w="348" h="117" x="-31.545212" y="-18.603630">
   <element name="item_water" layername="item_water" frame="0" z_index="3" m_a="1.000000" m_b="0.000000" m_c="0.000000" m_d="1.000000" m_tx="6.137390" m_ty="-11.603600"/>
  </frame>
  <frame idx="1800" w="348" h="117" x="-31.545212" y="-18.703232">
   <element name="item_water" layername="item_water" frame="0" z_index="3" m_a="1.000000" m_b="0.000000" m_c="0.000000" m_d="1.000000" m_tx="6.137390" m_ty="-11.703200"/>
  </frame>
  <frame idx="1825" w="348" h="117" x="-31.545212" y="-18.802830">
   <element name="item_water" layername="item_water" frame="0" z_index="3" m_a="1.000000" m_b="0.000000" m_c="0.000000" m_d="1.000000" m_tx="6.137390" m_ty="-11.802800"/>
  </frame>
  <frame idx="1850" w="348" h="117" x="-31.545212" y="-18.902431">
   <element name="item_water" layername="item_water" frame="0" z_index="3" m_a="1.000000" m_b="0.000000" m_c="0.000000" m_d="1.000000" m_tx="6.137390" m_ty="-11.902400"/>
  </frame>
  <frame idx="1875" w="348" h="117" x="-31.545212" y="-19.002029">
   <element name="item_water" layername="item_water" frame="0" z_index="3" m_a="1.000000" m_b="0.000000" m_c="0.000000" m_d="1.000000" m_tx="6.137390" m_ty="-12.002000"/>
  </frame>
  <frame idx="1900" w="348" h="117" x="-31.545212" y="-19.101631">
   <element name="item_water" layername="item_water" frame="0" z_index="3" m_a="1.000000" m_b="0.000000" m_c="0.000000" m_d="1.000000" m_tx="6.137390" m_ty="-12.101600"/>
  </frame>
  <frame idx="1925" w="348" h="117" x="-31.545212" y="-19.201229">
   <element name="item_water" layername="item_water" frame="0" z_index="3" m_a="1.000000" m_b="0.000000" m_c="0.000000" m_d="1.000000" m_tx="6.137390" m_ty="-12.201200"/>
  </frame>
  <frame idx="1950" w="348" h="117" x="-31.545212" y="-19.300831">
   <element name="item_water" layername="item_water" frame="0" z_index="3" m_a="1.000000" m_b="0.000000" m_c="0.000000" m_d="1.000000" m_tx="6.137390" m_ty="-12.300800"/>
  </frame>
  <frame idx="1975" w="348" h="117" x="-31.545212" y="-19.400431">
   <element name="item_water" layername="item_water" frame="0" z_index="3" m_a="1.000000" m_b="0.000000" m_c="0.000000" m_d="1.000000" m_tx="6.137390" m_ty="-12.400400"/>
  </frame>
 </anim>
</Anims>
